address_id;address;address2;district;city_id;postal_code;phone;last_update
452.0;MjA3IEN1ZXJuYXZhY2EgTG9vcA==;;VGF0YXJzdGFu;352.0;NTI2NzE=;NzgyOTAwMDMwMjg3;20200215000000
102.0;NjY5IEZpcm96YWJhZCBMb29w;;QWJ1IERoYWJp;12.0;OTIyNjU=;NDEyOTAzMTY3OTk4;20200215000000
482.0;ODA4IE5hYWxhLVBvcnRvIFBhcmt3YXk=;;RW5nbGFuZA==;500.0;NDEwNjA=;NTUzNDUyNDMwNzA3;20200215000000
230.0;MjAxIEVmZm9uLUFsYWl5ZSBXYXk=;;QXN1bmNpbg==;37.0;NjQzNDQ=;Njg0MTkyOTAzMDg3;20200215000000
101.0;MTU5OSBQbG9jayBEcml2ZQ==;;VGV0ZQ==;534.0;NzE5ODY=;ODE3MjQ4OTEzMTYy;20200215000000
309.0;ODI3IFl1bmNoZW5nIERyaXZl;;Q2FsbGFv;99.0;NzkwNDc=;NTA0NDM0NDUyODQy;20200215000000
356.0;MTM3OCBCZWlyYSBMb29w;;S3Jhc25vamFyc2s=;597.0;NDA3OTI=;ODQwOTU3NjY0MTM2;20200215000000
232.0;NzU0IFZhbGVuY2lhIFBsYWNl;;UGhub20gUGVuaA==;406.0;ODc5MTE=;NTk0MzE5NDE3NTE0;20200215000000
490.0;MTkwOSBEYXl0b24gQXZlbnVl;;R3Vhbmdkb25n;469.0;ODg1MTM=;NzAyOTU1NDUwNTI4;20200215000000
159.0;MTg1IE5vdmkgU2FkIFBsYWNl;;QmVybg==;72.0;NDE3Nzg=;OTA0MjUzOTY3MTYx;20200215000000
534.0;NDg2IE9uZG8gUGFya3dheQ==;;QmVuZ3VlbGE=;67.0;MzUyMDI=;MTA1ODgyMjE4MzMy;20200215000000
526.0;NjE3IEtsZXJrc2RvcnAgUGxhY2U=;;S2hhbmggSG9h;366.0;OTQ3MDc=;NTc0OTczNDc5MTI5;20200215000000
206.0;NjQyIE5hZG9yIERyaXZl;;TWFoYXJhc2h0cmE=;77.0;MzkyNA==;MzY5MDUwMDg1NjUy;20200215000000
411.0;MjY0IEJoaW1hdmFyYW0gTWFub3I=;;U3QgVGhvbWFz;111.0;NTQ3NDk=;MzAyNTI2OTQ5MTc3;20200215000000
602.0;MTEwMSBCdWN1cmVzdGkgQm91bGV2YXJk;;V2VzdCBHcmVlY2U=;401.0;OTc2NjE=;MTk5NTE0NTgwNDI4;20200215000000
30.0;MTggRHVpc2J1cmcgQm91bGV2YXJk;;;121.0;NTgzMjc=;OTk4MDA5Nzc3OTgy;20200215000000
311.0;NzE1IFNvIEJlcm5hcmRvIGRvIENhbXBvIExhbmU=;;S2VkYWg=;507.0;ODQ4MDQ=;MTgxMTc5MzIxMzMy;20200215000000
347.0;MTI5MyBOYW0gRGluaCBXYXk=;;Um9yYWltYQ==;84.0;NzE1ODM=;Njk3NjU2NDc5OTc3;20200215000000
450.0;MjAzIFRhbWJhcmFtIFN0cmVldA==;;QnVlbm9zIEFpcmVz;161.0;NzM5NDI=;NDExNTQ5NTUwNjEx;20200215000000
412.0;MTYzOSBTYWFyYnJja2VuIERyaXZl;;Tm9ydGggV2VzdA==;437.0;OTgyNw==;MzI4NDk0ODczNDIy;20200215000000
362.0;NDgyIEtvd2xvb24gYW5kIE5ldyBLb3dsb29uIE1hbm9y;;QnJhdGlzbGF2YQ==;90.0;OTcwNTY=;NzM4OTY4NDc0OTM5;20200215000000
96.0;OTg0IEVmZm9uLUFsYWl5ZSBBdmVudWU=;;R29pcw==;183.0;MTcxMTk=;MTMyOTg2ODkyMjI4;20200215000000
582.0;MTU2OCBDZWxheWEgUGFya3dheQ==;;S2FvaHNpdW5n;168.0;MzQ3NTA=;Mjc4NjY5OTk0Mzg0;20200215000000
330.0;OTgxIEt1bWJha29uYW0gUGxhY2U=;;RGlzdHJpdG8gRmVkZXJhbA==;89.0;ODc2MTE=;ODI5MTE2MTg0MDc5;20200215000000
261.0;NTEgTGFyZWRvIEF2ZW51ZQ==;;U2FnYWluZw==;342.0;NjgxNDY=;ODg0NTM2NjIwNTY4;20200215000000
84.0;MTg4OCBLYWJ1bCBEcml2ZQ==;;T3lvICYgT3N1bg==;217.0;MjA5MzY=;NzAxNDU3MzE5Nzkw;20200215000000
29.0;OTM0IFNhbiBGZWxpcGUgZGUgUHVlcnRvIFBsYXRhIFN0cmVldA==;;U2luZA==;472.0;OTk3ODA=;MTk2NDk1OTQ1NzA2;20200215000000
425.0;MTg2NiBhbC1RYXRpZiBBdmVudWU=;;Q2FsaWZvcm5pYQ==;155.0;ODk0MjA=;NTQ2NzkzNTE2OTQw;20200215000000
197.0;NDQ3IFN1cmFrYXJ0YSBMb29w;;Tnlhbnph;271.0;MTA0Mjg=;OTQwODMwMTc2NTgw;20200215000000
239.0;OTggU3RhcmEgWmFnb3JhIEJvdWxldmFyZA==;;VmFsbGU=;96.0;NzY0NDg=;NjEwMTczNzU2MDgy;20200215000000
22.0;MzIwIEJyZXN0IEF2ZW51ZQ==;;S2FkdW5h;252.0;NDMzMzE=;NzQ3NzkxNTk0MDY5;20200215000000
413.0;NjkyIEFtcm9oYSBEcml2ZQ==;;Tm9ydGhlcm4=;230.0;MzU1NzU=;MzU5NDc4ODgzMDA0;20200215000000
521.0;NTY4IERodWxlIChEaHVsaWEpIExvb3A=;;Q29xdWltYm8=;127.0;OTI1Njg=;NjAyMTAxMzY5NDYz;20200215000000
476.0;MjcwIFRhbWJhcmFtIFBhcmt3YXk=;;R2F1dGVuZw==;244.0;OTY2OA==;MjQ4NDQ2NjY4NzM1;20200215000000
397.0;NjE0IFBhayBLcmV0IFN0cmVldA==;;QWRkaXMgQWJlYmE=;6.0;Mjc3OTY=;NDc4MDgzNTk4NDI=;20200215000000
600.0;MTgzNyBLYWR1bmEgUGFya3dheQ==;;SW5uZXIgTW9uZ29saWE=;241.0;ODI1ODA=;NjQwODQzNTYyMzAx;20200215000000
291.0;MTE1NSBMaWFvY2hlbmcgUGxhY2U=;;T3lvICYgT3N1bg==;152.0;MjI2NTA=;NTU4MjM2MTQyNDky;20200215000000
599.0;MTg5NSBaaGV6cWF6Z2hhbiBEcml2ZQ==;;Q2FsaWZvcm5pYQ==;177.0;MzY2OTM=;MTM3ODA5NzQ2MTEx;20200215000000
27.0;MTc4MCBIaW5vIEJvdWxldmFyZA==;;TGllcGFqYQ==;303.0;NzcxNg==;OTAyNzMxMjI5MzIz;20200215000000
387.0;NDAxIFN1Y3JlIEJvdWxldmFyZA==;;TmV3IEhhbXBzaGlyZQ==;322.0;MjUwMDc=;NDg2Mzk1OTk5NjA4;20200215000000
364.0;MTYyMyBLaW5nc3Rvd24gRHJpdmU=;;QnVlbm9zIEFpcmVz;20.0;OTEyOTk=;Mjk2Mzk0NTY5NzI4;20200215000000
219.0;MTIyOSBWYWxlbmNpYSBQYXJrd2F5;;SGFza292bw==;498.0;OTkxMjQ=;MzUyNjc5MTczNzMy;20200215000000
116.0;NzkzIENhbSBSYW5oIEF2ZW51ZQ==;;Q2FsaWZvcm5pYQ==;292.0;ODcwNTc=;ODI0MzcwOTI0NzQ2;20200215000000
260.0;MTI3IEl3YWt1bmkgQm91bGV2YXJk;;Q2VudHJhbCBMdXpvbg==;192.0;MjA3Nzc=;OTg3NDQyNTQyNDcx;20200215000000
125.0;MjExIENoaWF5aSBEcml2ZQ==;;VXR0YXIgUHJhZGVzaA==;164.0;NTgxODY=;NjY1OTkzODgwMDQ4;20200215000000
223.0;MTI0NCBBbGxhcHB1emhhIChBbGxlcHBleSkgUGxhY2U=;;QnVlbm9zIEFpcmVz;567.0;MjA2NTc=;OTkxODAyODI1Nzc4;20200215000000
24.0;MTY4OCBPa2FyYSBXYXk=;;Tm90aHdlc3QgQm9yZGVyIFByb3Y=;327.0;MjE5NTQ=;MTQ0NDUzODY5MTMy;20200215000000
276.0;MTY3NSBYaWFuZ2ZhbiBNYW5vcg==;;VGFtaWwgTmFkdQ==;283.0;MTE3NjM=;MjcxMTQ5NTE3NjMw;20200215000000
70.0;MTE1MCBLaW1jaG9uIE1hbm9y;;U2tuZSBsbg==;321.0;OTYxMDk=;NjYzNDQ5MzMzNzA5;20200215000000
581.0;MTg2IFNraWtkYSBMYW5l;;TW9yZWxvcw==;131.0;ODk0MjI=;MTQ0NjU2Njk3ODk=;20200215000000
443.0;MTgzNiBLb3JsYSBQYXJrd2F5;;Q29wcGVyYmVsdA==;272.0;NTU0MDU=;Njg5NjgxNjc3NDI4;20200215000000
409.0;MTI2NiBMYXJlZG8gUGFya3dheQ==;;U2FpdGFtYQ==;380.0;NzY2NA==;MTQ4MzM2NTY5NA==;20200215000000
422.0;Mjg5IFNhbnRvIEFuZHIgTWFub3I=;;YWwtU2hhcnFpeWE=;16.0;NzI0MTA=;MjE0OTc2MDY2MDE3;20200215000000
262.0;NzcxIFlhb3VuZCBNYW5vcg==;;U29mYWxh;64.0;ODY3Njg=;MjQ1NDc3NjAzNTcz;20200215000000
200.0;MTA3NCBCaW56aG91IE1hbm9y;;QmFkZW4tV3J0dGVtYmVyZw==;325.0;MzY0OTA=;MzMxMTMyNTY4OTI4;20200215000000
184.0;MTQxMCBCZW5pbiBDaXR5IFBhcmt3YXk=;;UmlzYXJhbGRh;405.0;Mjk3NDc=;MTA0MTUwMzcyNjAz;20200215000000
373.0;MTkyMiBNaXJhaiBXYXk=;;RXNmYWhhbg==;356.0;MTMyMDM=;MzIwNDcxNDc5Nzc2;20200215000000
497.0;MTAxMyBUYWJ1ayBCb3VsZXZhcmQ=;;V2VzdCBCZW5nYWxp;261.0;OTYyMDM=;MTU4Mzk5NjQ2OTc4;20200215000000
152.0;MTk1MiBQdW5lIExhbmU=;;U2FpbnQtRGVuaXM=;442.0;OTIxNTA=;MzU0NjE1MDY2OTY5;20200215000000
315.0;NTQzIEJlcmdhbW8gQXZlbnVl;;TWluYXMgR2VyYWlz;215.0;NTk2ODY=;MTAzNjAyMTk1MTEy;20200215000000
160.0;MTM2NyBZYW50YWkgTWFub3I=;;T25kbyAmIEVraXRp;381.0;MjEyOTQ=;ODg5NTM4NDk2MzAw;20200215000000
401.0;MTY4IENpYW5qdXIgTWFub3I=;;U2FpdGFtYQ==;228.0;NzM4MjQ=;Njc5MDk1MDg3MTQz;20200215000000
442.0;MTI0NSBJYmlyaXQgV2F5;;TGEgUm9tYW5h;290.0;NDA5MjY=;MzMxODg4NjQyMTYy;20200215000000
324.0;MTE0NSBWaWxuaXVzIE1hbm9y;;TXhpY28=;451.0;NzMxNzA=;Njc0ODA1NzEyNTUz;20200215000000
570.0;NDE1IFB1bmUgQXZlbnVl;;U2hhbmRvbmc=;580.0;NDQyNzQ=;MjAzMjAyNTAwMTA4;20200215000000
265.0;MTE1OCBNYW5kaSBCYWhhdWRkaW4gUGFya3dheQ==;;U2hhbnhp;136.0;OTg0ODQ=;Mjc2NTU1NzMwMjEx;20200215000000
556.0;MzQ2IENhbSBSYW5oIEF2ZW51ZQ==;;Wmhlamlhbmc=;599.0;Mzk5NzY=;OTc4NDMwNzg2MTUx;20200215000000
192.0;MTE2NiBDaGFuZ2h3YSBTdHJlZXQ=;;Q2FyYWdh;62.0;NTg4NTI=;NjUwNzUyMDk0NDkw;20200215000000
542.0;MTkzIEJodXNhd2FsIFBsYWNl;;S2FuZy13b24=;539.0;OTc1MA==;NzQ1MjY3NjA3NTAy;20200215000000
560.0;MTQ0NyBJbXVzIFBsYWNl;;R3VqYXJhdA==;426.0;MTI5MDU=;NjIxMjc4MjkyODA=;20200215000000
583.0;MTQ4OSBLYWthbWlnYWhhcmEgTGFuZQ==;;VGFpcGVp;526.0;OTg4ODM=;MjkzNDE4NDk4MTE=;20200215000000
460.0;NjU5IEdhdGluZWF1IEJvdWxldmFyZA==;;TGEgUGF6;153.0;Mjg1ODc=;MjA1NTI0Nzk4Mjg3;20200215000000
358.0;MTY5OCBTb3V0aHBvcnQgTG9vcA==;;SGlkYWxnbw==;393.0;NDkwMDk=;NzU0MzU4MzQ5ODUz;20200215000000
174.0;MTg3NyBFemhvdSBMYW5l;;UmFqYXN0aGFu;550.0;NjMzMzc=;MjY0NTQxNzQzNDAz;20200215000000
166.0;MTc0MCBMZSBNYW5zIExvb3A=;;UGF5cyBkZSBsYSBMb2lyZQ==;297.0;MjI4NTM=;MTY4NDc2NTM4OTYw;20200215000000
591.0;NzczIERhbGxhcyBNYW5vcg==;;QnVlbm9zIEFpcmVz;424.0;MTI2NjQ=;OTE0NDY2MDI3MDQ0;20200215000000
465.0;NzM0IFRhbnNodWkgQXZlbnVl;;Q2FxdWV0;170.0;NzA2NjQ=;MzY2Nzc2NzIzMzIw;20200215000000
520.0;MTc3OCBHaWpuIE1hbm9y;;SHViZWk=;594.0;MzUxNTY=;Mjg4OTEwNTc2NzYx;20200215000000
297.0;MTE5MiBUb25nbGlhbyBTdHJlZXQ=;;U2hhcmph;470.0;MTkwNjU=;MzUwOTcwOTA3MDE3;20200215000000
498.0;MzE5IFBsb2NrIFBhcmt3YXk=;;SXN0YW5idWw=;504.0;MjYxMDE=;ODU0MjU5OTc2ODEy;20200215000000
220.0;MTIwMSBRb21zaGVoIE1hbm9y;;R29pcw==;28.0;MjE0NjQ=;ODczNDkyMjI4NDYy;20200215000000
28.0;OTYgVGFmdW5hIFdheQ==;;Q3Jkb2Jh;128.0;OTk4NjU=;OTM0NzMwMTg3MjQ1;20200215000000
424.0;MTk0OCBCYXl1Z2FuIFBhcmt3YXk=;;QmloYXI=;264.0;NjA2MjI=;OTg3MzA2MzI5OTU3;20200215000000
279.0;MTg4NCBTaGlrYXJwdXIgQXZlbnVl;;SGFyeWFuYQ==;263.0;ODU1NDg=;OTU5OTQ5Mzk1MTgz;20200215000000
286.0;MTMwOCBTdW15IExvb3A=;;RnVqaWFu;175.0;MzA2NTc=;NTgzMDIxMjI1NDA3;20200215000000
459.0;MjUxIEZsb3JlbmNpYSBEcml2ZQ==;;TWljaG9hY24gZGUgT2NhbXBv;556.0;MTYxMTk=;MTE4MDExODMxNTY1;20200215000000
605.0;MTMyNSBGdWt1eWFtYSBTdHJlZXQ=;;SGVpbG9uZ2ppYW5n;537.0;MjcxMDc=;Mjg4MjQxMjE1Mzk0;20200215000000
568.0;MTM0MiBTaGFyamEgV2F5;;U29rb3RvICYgS2ViYmkgJiBaYW0=;488.0;OTM2NTU=;OTQ2MTE0MDU0MjMx;20200215000000
270.0;NjgyIEhhbGlzYWhhciBQbGFjZQ==;;U2V2ZXJuIE1vcmF2YQ==;378.0;MjA1MzY=;NDc1NTUzNDM2MzMw;20200215000000
491.0;MTc4OSBTYWludC1EZW5pcyBQYXJrd2F5;;Q29haHVpbGEgZGUgWmFyYWdvemE=;4.0;ODI2OA==;OTM2ODA2NjQzOTgz;20200215000000
537.0;OTU4IFNhZ2FtaWhhcmEgTGFuZQ==;;TWll;287.0;ODg0MDg=;NDI3Mjc0OTI2NTA1;20200215000000
234.0;MTI1NiBCaXNsaWcgQm91bGV2YXJk;;Qm90b3Nhbmk=;86.0;NTA1OTg=;NDc5MDA3MjI5NDYw;20200215000000
567.0;MTg5NCBCb2EgVmlzdGEgV2F5;;VGV4YXM=;178.0;Nzc0NjQ=;MjM5MzU3OTg2NjY3;20200215000000
13.0;NjEzIEtvcm9sZXYgRHJpdmU=;;TWFzcWF0;329.0;NDU4NDQ=;MzgwNjU3NTIyNjQ5;20200215000000
337.0;MTgzOCBUYWJyaXogTGFuZQ==;;RGhha2E=;143.0;MTE5NQ==;Mzg5ODg3MTU0NDc=;20200215000000
243.0;NDcgU3lrdHl2a2FyIExhbmU=;;V2VzdCBKYXZh;118.0;MjIyMzY=;NjM5MzcxMTkwMzE=;20200215000000
586.0;OTUxIFNwcmluZ3MgTGFuZQ==;;Q2VudHJhbCBNaW5kYW5hbw==;219.0;OTYxMTU=;MTY1MTY0NzYxNDM1;20200215000000
105.0;NzMzIE1hbmRhbHV5b25nIFBsYWNl;;QXNpcg==;2.0;Nzc0NTk=;MTk2NTY4NDM1ODE0;20200215000000
97.0;ODMyIE5ha2hvbiBTYXdhbiBNYW5vcg==;;SW5uZXIgTW9uZ29saWE=;592.0;NDkwMjE=;Mjc1NTk1NTcxMzg4;20200215000000
402.0;NjE2IEhhZ29ub3kgQXZlbnVl;;S3Jhc25vamFyc2s=;39.0;NDYwNDM=;NjA0MTc3ODM4MjU2;20200215000000
361.0;NDUgQXBhcmVjaWRhIGRlIEdvaW5pYSBQbGFjZQ==;;TWFkaHlhIFByYWRlc2g=;464.0;NzQzMQ==;NjUwNDk2NjU0MjU4;20200215000000
83.0;NTg2IFRldGUgV2F5;;S2FuYWdhd2E=;256.0;MTA3OQ==;MTg1ODE2MjQxMDM=;20200215000000
19.0;NDE5IElsaWdhbiBMYW5l;;TWFkaHlhIFByYWRlc2g=;76.0;NzI4Nzg=;OTkwOTExMTA3MzU0;20200215000000
135.0;MTc1MiBTbyBMZW9wb2xkbyBQYXJrd2F5;;VGFrYS1LYXJwYXRpYQ==;345.0;MTQwMTQ=;MjUyMjY1MTMwMDY3;20200215000000
77.0;MTk0NyBQb29zIGRlIENhbGRhcyBCb3VsZXZhcmQ=;;Q2hpYXlp;114.0;NjA5NTE=;NDI3NDU0NDg1ODc2;20200215000000
461.0;MTg4OSBWYWxwYXJhaSBXYXk=;;WmlndWluY2hvcg==;600.0;NzU1NTk=;NjcwMzcwOTc0MTIy;20200215000000
494.0;NTkxIFN1bmdhaSBQZXRhbmkgRHJpdmU=;;T2theWFtYQ==;376.0;NDY0MDA=;MzcyNDczMjUwMDE=;20200215000000
523.0;NjA4IEJpcmd1bmogUGFya3dheQ==;;VGFpcGVp;116.0;NDAw;NjI3NDI1NjE4NDgy;20200215000000
360.0;NjE5IEh1bnVjbyBBdmVudWU=;;U2hpbWFuZQ==;331.0;ODE1MDg=;MTQyNTk2MzkyMzg5;20200215000000
26.0;MjggQ2hhcmxvdHRlIEFtYWxpZSBTdHJlZXQ=;;UmFiYXQtU2FsLVphbW1vdXItWg==;443.0;Mzc1NTE=;MTYxOTY4Mzc0MzIz;20200215000000
11.0;OTAwIFNhbnRpYWdvIGRlIENvbXBvc3RlbGEgUGFya3dheQ==;;Q2VudHJhbCBTZXJiaWE=;280.0;OTM4OTY=;NzE2NTcxMjIwMzcz;20200215000000
367.0;MTE2MyBMb25kb24gUGFya3dheQ==;;UGFy;66.0;NjA2Ng==;Njc1MTIwMzU4NDk0;20200215000000
138.0;NzY1IFNvdXRoYW1wdG9uIERyaXZl;;YWwtUWFseXViaXlh;421.0;NDI4NQ==;MjM3MTI0MTE1Njc=;20200215000000
275.0;OTA2IEdvaW5pYSBXYXk=;;V2llbGtvcG9sc2tpZQ==;255.0;ODM1NjU=;NzAxNzY3NjIyNjk3;20200215000000
278.0;MTQ0IFNvdXRoIEhpbGwgTG9vcA==;;R3VhbmFqdWF0bw==;445.0;MjAxMg==;NDUzODcyOTQ4MTc=;20200215000000
488.0;Njk4IEplbGV0cyBCb3VsZXZhcmQ=;;RGVuaXpsaQ==;142.0;MjU5Ng==;OTc1MTg1NTIzMDIx;20200215000000
100.0;MTMwOCBBcmVjaWJvIFdheQ==;;R2VvcmdpYQ==;41.0;MzA2OTU=;NjE3MTA1NDA1OQ==;20200215000000
436.0;Mjg3IEN1YXV0bGEgQm91bGV2YXJk;;Q2h1cXVpc2FjYQ==;501.0;NzI3MzY=;ODI2MTk1MTMzNDk=;20200215000000
176.0;MjkgUHlvbmd5YW5nIExvb3A=;;QmF0bWFu;58.0;NDc3NTM=;NzM0NzgwNzQzNDYy;20200215000000
263.0;NTMyIFRvdWxvbiBTdHJlZXQ=;;U2FudGlhZ28=;460.0;Njk1MTc=;NDY4NzE2OTQ3NDA=;20200215000000
109.0;NDU0IE5ha2hvbiBTYXdhbiBCb3VsZXZhcmQ=;;RnVuYWZ1dGk=;173.0;NzYzODM=;OTYzODg3MTQ3NTcy;20200215000000
94.0;MTk1MiBDaGF0c3dvcnRoIERyaXZl;;R3Vhbmdkb25n;332.0;MjU5NTg=;OTkxNTYyNDAyMjgz;20200215000000
545.0;MTYzIEF1Z3VzdGEtUmljaG1vbmQgQ291bnR5IExvb3A=;;Q2FyYWJvYm8=;561.0;MzMwMzA=;NzU0NTc5MDQ3OTI0;20200215000000
489.0;MTI5NyBBbHZvcmFkYSBQYXJrd2F5;;TmluZ3hpYQ==;587.0;MTE4Mzk=;NTA4MzQ4NjAyODM1;20200215000000
414.0;MTkzNiBMYXB1LUxhcHUgUGFya3dheQ==;;QmF1Y2hpICYgR29tYmU=;141.0;NzEyMg==;NjUzNDM2OTg1Nzk3;20200215000000
196.0;OSBTYW4gTWlndWVsIGRlIFR1Y3VtbiBNYW5vcg==;;VXR0YXIgUHJhZGVzaA==;169.0;OTA4NDU=;OTU2MTg4NzI4NTU4;20200215000000
45.0;NDIgQnJpbmRpc2kgUGxhY2U=;;WWVyZXZhbg==;586.0;MTY3NDQ=;NDIzODQ3MjEzOTc=;20200215000000
604.0;MTMzMSBVc2FrIEJvdWxldmFyZA==;;VmF1ZA==;296.0;NjE5NjA=;MTQ1MzA4NzE3NDY0;20200215000000
301.0;OTUxIFN0YXJhIFphZ29yYSBNYW5vcg==;;UHVuamFi;400.0;OTg1NzM=;NDI5OTI1NjA5NDMx;20200215000000
49.0;MTcxOCBWYWxlbmNpYSBTdHJlZXQ=;;QW50b2ZhZ2FzdGE=;27.0;MzczNTk=;Njc1MjkyODE2NDEz;20200215000000
225.0;MTkyNiBHaW5nb29nIFN0cmVldA==;;U2lzaWxpYQ==;511.0;MjI4MjQ=;NDY5NzM4ODI1Mzkx;20200215000000
303.0;ODk4IEppbmluZyBMYW5l;;UG9oam9pcy1Qb2hqYW5tYWE=;387.0;NDAwNzA=;MTYxNjQzMzQzNTM2;20200215000000
89.0;MTU1NyBLdGFoeWEgQm91bGV2YXJk;;RW5nbGFuZA==;88.0;ODgwMDI=;NzIwOTk4MjQ3NjYw;20200215000000
374.0;NDMzIEZsb3JlbmNpYSBTdHJlZXQ=;;Q2hpaHVhaHVh;250.0;OTEzMzA=;NTYxNzI5ODgyNzI1;20200215000000
371.0;MTkxMiBFbWVpc2hhbiBEcml2ZQ==;;QmFsaWtlc2ly;50.0;MzMwNTA=;OTk4ODM0NzEyNzU=;20200215000000
20.0;MzYwIFRvdWxvdXNlIFBhcmt3YXk=;;RW5nbGFuZA==;495.0;NTQzMDg=;OTQ5MzEyMzMzMzA3;20200215000000
453.0;MzE5IFNwcmluZ3MgTG9vcA==;;QmFpamVyaQ==;160.0;OTk1NTI=;NzI1MjQ0NTk5MDU=;20200215000000
481.0;MTE1MyBBbGxlbmRlIFdheQ==;;UXViZWM=;179.0;MjAzMzY=;ODU2ODcyMjI1Mzc2;20200215000000
390.0;MTAyIENoYXByYSBEcml2ZQ==;;SWJhcmFnaQ==;521.0;MTQwNzM=;Nzc2MDMxODMzNzUy;20200215000000
145.0;OTI4IEphZmZuYSBMb29w;;SGlyb3NoaW1h;172.0;OTM3NjI=;NTgxODUyMTM3OTkx;20200215000000
554.0;OTQ3IFRyc2hhdm4gUGxhY2U=;;Q2VudHJhbCBMdXpvbg==;528.0;ODQx;NTA4OTg0Mjg2MjY=;20200215000000
60.0;MTY2OCBTYWludCBMb3VpcyBQbGFjZQ==;;VGFoaXRp;397.0;MzkwNzI=;MzQ3NDg3ODMxMzc4;20200215000000
110.0;MTg2NyBTYW4gSnVhbiBCYXV0aXN0YSBUdXh0ZXBlYyBBdmVudWU=;;SXZhbm92bw==;225.0;NzgzMTE=;NTQ3MDAzMzEwMzU3;20200215000000
233.0;MzU2IE9sb21vdWMgTWFub3I=;;R29pcw==;26.0;OTMzMjM=;MjIzMjY0MTA3NzY=;20200215000000
370.0;MTU2NSBUYW5nYWlsIE1hbm9y;;T2tpbmF3YQ==;377.0;NDU3NTA=;NjM0NDQ1NDI4ODIy;20200215000000
441.0;OTgzIFNhbnRhIEYgV2F5;;QnJpdGlzaCBDb2xvbWJpYQ==;565.0;NDc0NzI=;MTQ1NzIwNDUyMjYw;20200215000000
218.0;MjI2IEJyZXN0IE1hbm9y;;Q2FsaWZvcm5pYQ==;508.0;MjI5OQ==;Nzg1ODgxNDEyNTAw;20200215000000
531.0;MTk4NiBTaXZhcyBQbGFjZQ==;;RnJpdWxpLVZlbmV6aWEgR2l1bGk=;551.0;OTU3NzU=;MTgyMDU5MjAyNzEy;20200215000000
456.0;ODE0IFNpbWZlcm9wb2wgTG9vcA==;;U2luYWxvYQ==;154.0;NDg3NDU=;NTI0NTY3MTI5OTAy;20200215000000
383.0;Njg2IERvbm9zdGlhLVNhbiBTZWJhc3RpbiBMYW5l;;R3Vhbmdkb25n;471.0;OTczOTA=;NzE4NTc1OTk4NTg=;20200215000000
477.0;MTc4NiBTYWxpbmFzIFBsYWNl;;TmFtIEhh;359.0;NjY1NDY=;MjA2MDYwNjUyMjM4;20200215000000
82.0;OTM2IFNhbHpidXJnIExhbmU=;;VXR0YXIgUHJhZGVzaA==;425.0;OTY3MDk=;ODc1NzU2NzcxNjc1;20200215000000
594.0;MTQ2NCBLdXJzayBQYXJrd2F5;;U2hhbmRvbmc=;574.0;MTczODE=;MzM4NzU4MDQ4Nzg2;20200215000000
231.0;NDMwIEFsZXNzYW5kcmlhIExvb3A=;;U2FhcmxhbmQ=;439.0;NDc0NDY=;NjY5ODI4MjI0NDU5;20200215000000
407.0;MTM0NiBNeXNvcmUgRHJpdmU=;;QnJldGFnbmU=;92.0;NjE1MDc=;NTE2NjQ3NDc0MDI5;20200215000000
400.0;MTE1MiBDaXRydXMgSGVpZ2h0cyBNYW5vcg==;;YWwtUWFkYXJpZg==;15.0;NTIzOQ==;NzY1OTU3NDE0NTI4;20200215000000
47.0;MTQ0NyBJbXVzIFdheQ==;;VGFoaXRp;167.0;NDg5NDI=;NTM5NzU4MzEzODkw;20200215000000
214.0;NzUxIExpbWEgTG9vcA==;;QWRlbg==;7.0;OTk0MDU=;NzU2NDYwMzM3Nzg1;20200215000000
458.0;MTM4IENhcmFjYXMgQm91bGV2YXJk;;WnVsaWE=;326.0;MTY3OTA=;OTc0NDMzMDE5NTMy;20200215000000
348.0;Nzg1IFZhZHV6IFN0cmVldA==;;QmFqYSBDYWxpZm9ybmlh;335.0;MzYxNzA=;ODk1NjE2ODYyNzQ5;20200215000000
259.0;MTMzOCBaYWxhbnR1biBMYW5l;;TWluYXMgR2VyYWlz;413.0;NDU0MDM=;ODQwNTIyOTcyNzY2;20200215000000
238.0;MzQ2IFNraWtkYSBQYXJrd2F5;;SGF3YWxsaQ==;233.0;OTA2Mjg=;NjMwNDI0NDgyOTE5;20200215000000
579.0;NTIxIFNhbiBKdWFuIEJhdXRpc3RhIFR1eHRlcGVjIFBsYWNl;;UWFyYWdoYW5keQ==;598.0;OTUwOTM=;ODQ0MDE4MzQ4NTY1;20200215000000
300.0;NjYxIENoaXNpbmF1IExhbmU=;;UGlldGFyaQ==;274.0;ODg1Ng==;ODE2NDM2MDY1NDMx;20200215000000
338.0;NDMxIFN6a2VzZmVocnZyIEF2ZW51ZQ==;;QmFraQ==;48.0;NTc4Mjg=;MTE5NTAxNDA1MTIz;20200215000000
394.0;NzUzIElsb3JpbiBBdmVudWU=;;U2ljaHVhbg==;157.0;MzY1Ng==;NDY0NTExMTQ1MTE4;20200215000000
353.0;MzgxIEthYnVsIFdheQ==;;VGFpcGVp;209.0;ODcyNzI=;NTU0NzczMDIyOTQ=;20200215000000
536.0;MTY2IEppbmNoYW5nIFN0cmVldA==;;QnVlbm9zIEFpcmVz;165.0;ODY3NjA=;NzE3NTY2MDI2NjY5;20200215000000
112.0;MTAwMiBBaG1hZG5hZ2FyIE1hbm9y;;TXhpY28=;213.0;OTMwMjY=;MzcxNDkwNzc3NzQz;20200215000000
593.0;MTQwMiBaYW56aWJhciBCb3VsZXZhcmQ=;;R3VhbmFqdWF0bw==;106.0;NzExMDI=;Mzg3NDQ4MDYzNDQw;20200215000000
428.0;MTcyNyBNYXRhbW9yb3MgUGxhY2U=;;U2F3aGFq;465.0;Nzg4MTM=;MTI5NjczNjc3ODY2;20200215000000
505.0;NTE5IEJyZXNjaWEgUGFya3dheQ==;;RWFzdCBKYXZh;318.0;Njk1MDQ=;NzkzOTk2Njc4Nzcx;20200215000000
111.0;MTUzMiBEemVyemluc2sgV2F5;;QnVlbm9zIEFpcmVz;334.0;OTU5OQ==;MzMwODM4MDE2ODgw;20200215000000
580.0;OTIzIFRhbmdhaWwgQm91bGV2YXJk;;VG9reW8tdG8=;10.0;MzMzODQ=;MzE1NTI4MjY5ODk4;20200215000000
280.0;MTk4MCBLYW1qYW5ldHMtUG9kaWxza3lpIFN0cmVldA==;;SWxsaW5vaXM=;404.0;ODk1MDI=;ODc0MzM3MDk4ODkx;20200215000000
499.0;MTk1NCBLb3dsb29uIGFuZCBOZXcgS293bG9vbiBXYXk=;;Q2hpbWJvcmF6bw==;434.0;NjM2Njc=;ODk4NTU5MjgwNDM0;20200215000000
306.0;MTg4MyBNYWlrb3AgTGFuZQ==;;S2FsaW5pbmdyYWQ=;254.0;Njg0Njk=;OTYxMTAwNDI0MzU=;20200215000000
92.0;MTk0MiBDaXBhcmF5IFBhcmt3YXk=;;Q2hlanU=;113.0;ODI2MjQ=;OTc4OTg3MzYzNjU0;20200215000000
170.0;NzEwIFNhbiBGZWxpcGUgZGVsIFByb2dyZXNvIEF2ZW51ZQ==;;TGlsb25nd2U=;304.0;NzY5MDE=;ODQzODAxMTQ0MTEz;20200215000000
150.0;ODc5IE5ld2Nhc3RsZSBXYXk=;;TWljaGlnYW4=;499.0;OTA3MzI=;MjA2ODQxMTA0NTk0;20200215000000
290.0;MTMzNiBCZW5pbiBDaXR5IERyaXZl;;U2hpZ2E=;386.0;NDYwNDQ=;MzQxMjQyOTM5NTMy;20200215000000
182.0;MTg5MSBSaXpoYW8gQm91bGV2YXJk;;U28gUGF1bG8=;456.0;NDcyODg=;MzkxMDY1NTQ5ODc2;20200215000000
507.0;MTE5NyBTb2tvdG8gQm91bGV2YXJk;;V2VzdCBCZW5nYWxp;478.0;ODc2ODc=;ODY4NjAyODE2Mzcx;20200215000000
284.0;NjAwIEJyYWRmb3JkIFN0cmVldA==;;RWFzdCBBemVyYmFpZHphbg==;514.0;OTYyMDQ=;MTE3NTkyMjc0OTk2;20200215000000
399.0;MzMxIEJ5ZGdvc3pjeiBQYXJrd2F5;;QXN0dXJpYQ==;181.0;OTY2;NTM3Mzc0NDY1OTgy;20200215000000
249.0;MzAwIEp1bmFuIFN0cmVldA==;;S3lvbmdnaQ==;553.0;ODEzMTQ=;ODkwMjg5MTUwMTU4;20200215000000
99.0;MTY5NyBUYW5hdWFuIExhbmU=;;UHVuamFi;399.0;MjI4NzA=;NDc2NDc3Mzg1Nw==;20200215000000
323.0;MTc2OSBJd2FraSBMYW5l;;S3VqYXdza28tUG9tb3Jza2ll;97.0;MjU3ODc=;NTU2MTAwNTQ3Njc0;20200215000000
17.0;MjcwIEFtcm9oYSBQYXJrd2F5;;T3NtYW5peWU=;384.0;Mjk2MTA=;Njk1NDc5Njg3NTM4;20200215000000
502.0;MTUxNSBLb3JsYSBXYXk=;;RW5nbGFuZA==;589.0;NTcxOTc=;OTU5NDY3NzYwODk1;20200215000000
483.0;NjMyIFVzb2xqZS1TaWJpcnNrb2plIFBhcmt3YXk=;;SGEgRGFyb20=;36.0;NzMwODU=;NjY3NjQ4OTc5ODgz;20200215000000
9.0;NTMgSWRmdSBQYXJrd2F5;;TmFudG91;361.0;NDIzOTk=;MTA2NTU2NDg2NzQ=;20200215000000
193.0;ODkxIE5vdmkgU2FkIE1hbm9y;;T250YXJpbw==;383.0;NTM3OQ==;MjQ3NjQ2OTk1NDUz;20200215000000
6.0;MTEyMSBMb2phIEF2ZW51ZQ==;;Q2FsaWZvcm5pYQ==;449.0;MTc4ODY=;ODM4NjM1Mjg2NjQ5;20200215000000
529.0;NjAwIFB1cm5lYSAoUHVybmlhKSBBdmVudWU=;;TmdoZSBBbg==;571.0;MTgwNDM=;NjM4NDA5OTU4ODc1;20200215000000
478.0;MTA3OCBTdGFyYSBaYWdvcmEgRHJpdmU=;;QWNlaA==;301.0;NjkyMjE=;OTMyOTkyNjI2NTk1;20200215000000
126.0;MTE3NSBUYW5hdWFuIFdheQ==;;TGltYQ==;305.0;NjQ2MTU=;OTM3MjIyOTU1ODIy;20200215000000
312.0;MTM1NCBTaWVnZW4gU3RyZWV0;;UmlvIGRlIEphbmVpcm8=;25.0;ODAxODQ=;NTczNDQxODAxNTI5;20200215000000
268.0;MTgzMSBOYW0gRGluaCBMb29w;;TmF0aW9uYWwgQ2FwaXRhbCBSZWc=;323.0;NTE5OTA=;MzIyODg4OTc2NzI3;20200215000000
144.0;MTY2NiBCZW5pLU1lbGxhbCBQbGFjZQ==;;VGVubmVzc2Vl;123.0;MTMzNzc=;OTA5OTk0MTQ2Ng==;20200215000000
446.0;MTkyNCBTaGltb25vc2VraSBEcml2ZQ==;;QmF0bmE=;59.0;NTI2MjU=;NDA2Nzg0Mzg1NDQw;20200215000000
122.0;MzMzIEdvaW5pYSBXYXk=;;VGV4YXM=;185.0;Nzg2MjU=;OTA5MDI5MjU2NDMx;20200215000000
33.0;Nzg2IEF1cm9yYSBBdmVudWU=;;WWFtYWd1Y2hp;474.0;NjU3NTA=;MTg0NjE4NjAxNTE=;20200215000000
236.0;ODg1IFlpbmdrb3UgTWFub3I=;;S2FkdW5h;596.0;MzEzOTA=;NTg4OTY0NTA5MDcy;20200215000000
462.0;MTQ4NSBCcmF0aXNsYXZhIFBsYWNl;;SWxsaW5vaXM=;435.0;ODMxODM=;OTI0NjYzODU1NTY4;20200215000000
157.0;NDU2IEVzY29iYXIgV2F5;;SmFrYXJ0YSBSYXlh;232.0;MzYwNjE=;NzE5MjAyNTMzNTIw;20200215000000
194.0;NjA1IFJpbyBDbGFybyBQYXJrd2F5;;VGFib3Jh;513.0;NDkzNDg=;MzUyNDY5MzUxMDg4;20200215000000
419.0;Mzk3IFN1bm55dmFsZSBBdmVudWU=;;R3VhbmFqdWF0bw==;19.0;NTU1NjY=;NjgwODUxNjQwNjc2;20200215000000
578.0;MTQwNSBIYWdvbm95IEF2ZW51ZQ==;;U2xhc2tpZQ==;133.0;ODY1ODc=;ODY3Mjg3NzE5MzEw;20200215000000
354.0;OTUzIEhvZGVpZGEgU3RyZWV0;;U291dGhlcm4gVGFnYWxvZw==;221.0;MTg4NDE=;NTM5MTI4MjY4NjQ=;20200215000000
71.0;MTU4NiBHdWFydWogUGxhY2U=;;SHVuYW4=;579.0;NTEzNQ==;OTQ3MjMzMzY1OTky;20200215000000
132.0;MTA1MCBHYXJkZW4gR3JvdmUgQXZlbnVl;;U2xhc2tpZQ==;236.0;NDk5OQ==;OTczMDQ3MzY0MzUz;20200215000000
277.0;ODUgU2FuIEZlbGlwZSBkZSBQdWVydG8gUGxhdGEgRHJpdmU=;;U2hhbmRvbmc=;584.0;NDYwNjM=;MTcwNzM5NjQ1Njg3;20200215000000
285.0;MTAwNiBTYW50YSBCcmJhcmEgZE9lc3RlIE1hbm9y;;T25kbyAmIEVraXRp;389.0;MzYyMjk=;ODUwNTk3Mzg3NDY=;20200215000000
435.0;NzQwIFVkYWlwdXIgTGFuZQ==;;Tml6bmkgTm92Z29yb2Q=;150.0;MzM1MDU=;NDk3Mjg4NTk1MTAz;20200215000000
395.0;MTMzNyBNaXQgR2hhbXIgQXZlbnVl;;TmFraG9uIFNhd2Fu;358.0;Mjk4MTA=;MTc1MjgzMjEwMzc4;20200215000000
433.0;MTgyMyBIb3NoaWFycHVyIExhbmU=;;S29taQ==;510.0;MzMxOTE=;MzA3MTMzNzY4NjIw;20200215000000
69.0;Njk4IE90c3UgU3RyZWV0;;Q2F5ZW5uZQ==;105.0;NzExMTA=;NDA5OTgzOTI0NDgx;20200215000000
470.0;MTA4OCBJYmlyaXQgUGxhY2U=;;SmFsaXNjbw==;595.0;ODg1MDI=;NDkwODQyODEzMzM=;20200215000000
603.0;MTEwMyBRdWlsbWVzIEJvdWxldmFyZA==;;UGl1cmE=;503.0;NTIxMzc=;NjQ0MDIxMzgwODg5;20200215000000
53.0;NzI1IElzZXNha2kgUGxhY2U=;;TWVra2E=;237.0;NzQ0Mjg=;ODc2Mjk1MzIzOTk0;20200215000000
216.0;NjYwIEplZGRhIEJvdWxldmFyZA==;;V2FzaGluZ3Rvbg==;65.0;MjUwNTM=;MTY4NzU4MDY4Mzk3;20200215000000
381.0;MTYxOCBPbG9tb3VjIE1hbm9y;;S3VyZ2Fu;285.0;MjYzODU=;OTY4NDY2OTUyMjA=;20200215000000
8.0;MTU2NiBJbmVnbCBNYW5vcg==;;TWFuZGFsYXk=;349.0;NTM1NjE=;NzA1ODE0MDAzNTI3;20200215000000
598.0;NDIgRm9udGFuYSBBdmVudWU=;;RmVqcg==;512.0;MTQ2ODQ=;NDM3ODI5ODAxNzI1;20200215000000
173.0;MTI5NCBGaXJvemFiYWQgRHJpdmU=;;Smlhbmd4aQ==;407.0;NzA2MTg=;MTYxODAxNTY5NTY5;20200215000000
334.0;MTgxNiBCeWRnb3N6Y3ogTG9vcA==;;RGhha2E=;234.0;NjQzMDg=;OTY1MjczODEzNjYy;20200215000000
255.0;MTk2NiBUb25naGFlIFN0cmVldA==;;QW5oYWx0IFNhY2hzZW4=;198.0;MzY0ODE=;NTY3MzU5Mjc5NDI1;20200215000000
432.0;MjU5IElwb2ggRHJpdmU=;;U28gUGF1bG8=;189.0;NjQ5NjQ=;NDE5MDA5ODU3MTE5;20200215000000
346.0;MTIxNyBLb25vdG9wIEF2ZW51ZQ==;;R2VsZGVybGFuZA==;151.0;NTA0;NzE4OTE3MjUxNzU0;20200215000000
37.0;MTI3IFB1cm5lYSAoUHVybmlhKSBNYW5vcg==;;UGllbW9udGU=;17.0;NzkzODg=;OTExODcyMjIwMzc4;20200215000000
350.0;MTYyOCBOYWdhcmV5YW1hIExhbmU=;;Q2VudHJhbA==;453.0;NjAwNzk=;MjAwNjQyOTI2MTc=;20200215000000
39.0;MzkxIENhbGxhbyBEcml2ZQ==;;TWlkaS1QeXJuZXM=;544.0;MzQwMjE=;NDQwNTEyMTUzMTY5;20200215000000
66.0;MTcxNyBHdWFkYWxhamFyYSBMYW5l;;TWlzc291cmk=;441.0;ODU1MDU=;OTE0MDkwMTgxNjY1;20200215000000
571.0;MTc0NiBGYWFhIFdheQ==;;SHVhbnVjbw==;214.0;MzI1MTU=;ODYzMDgwNTYxMTUx;20200215000000
187.0;MTgzOSBTemtlc2ZlaHJ2ciBQYXJrd2F5;;R29pcw==;317.0;NTU3MDk=;OTQ3NDY4ODE4MTgz;20200215000000
376.0;MTA2MSBFZGUgQXZlbnVl;;U291dGhlcm4gVGFnYWxvZw==;98.0;NTc4MTA=;MzMzMzkwNTk1NTU4;20200215000000
91.0;MTc0MCBQb3J0b3ZpZWpvIEF2ZW51ZQ==;;U3VjcmU=;480.0;Mjk5MzI=;MTk4MTIzMTcwNzkz;20200215000000
186.0;NTMzIGFsLUF5biBCb3VsZXZhcmQ=;;Q2FsaWZvcm5pYQ==;126.0;ODg2Mg==;NjYyMjI3NDg2MTg0;20200215000000
426.0;MTY2MSBBYmhhIERyaXZl;;VGFtaWwgTmFkdQ==;416.0;MTQ0MDA=;MjcwNDU2ODczNzUy;20200215000000
228.0;NjAgUG9vcyBkZSBDYWxkYXMgU3RyZWV0;;UmFqYXN0aGFu;243.0;ODIzMzg=;OTYzMDYzNzg4NjY5;20200215000000
12.0;NDc4IEpvbGlldCBXYXk=;;SGFtaWx0b24=;200.0;Nzc5NDg=;NjU3MjgyMjg1OTcw;20200215000000
466.0;MTE4IEphZmZuYSBMb29w;;Tm9ydGhlcm4gTWluZGFuYW8=;182.0;MTA0NDc=;MzI1NTI2NzMwMDIx;20200215000000
372.0;MjMwIFVyYXdhIERyaXZl;;QW5kaHJhIFByYWRlc2g=;8.0;MjczOA==;MTY2ODk4Mzk1NzMx;20200215000000
357.0;MTY0MSBDaGFuZ2h3YSBQbGFjZQ==;;Tm9yZC1PdWVzdA==;52.0;Mzc2MzY=;MjU2NTQ2NDg1MjIw;20200215000000
429.0;MTI2OSBCb3Rvc2FuaSBNYW5vcg==;;R3Vhbmdkb25n;468.0;NDczOTQ=;NzM2NTE3MzI3ODUz;20200215000000
449.0;MTI4OSBCZWxtIEJvdWxldmFyZA==;;VGFydHVtYWE=;530.0;ODgzMDY=;MjM3MzY4OTI2MDMx;20200215000000
124.0;MjQxIE1vc3VsIExhbmU=;;UmlzYXJhbGRh;147.0;NzYxNTc=;NzY1MzQ1MTQ0Nzc5;20200215000000
575.0;MTA1MiBQYXRoYW5rb3QgQXZlbnVl;;U2ljaHVhbg==;299.0;NzczOTc=;MTI4NDk5Mzg2NzI3;20200215000000
4.0;MTQxMSBMaWxseWRhbGUgRHJpdmU=;<!NULL!>;UUxE;576.0;;NjE3MjIzNTU4OQ==;20200215000000
120.0;NTQ0IE1hbG0gUGFya3dheQ==;;Q2VudHJhbCBKYXZh;403.0;NjM1MDI=;Mzg2NzU5NjQ2MjI5;20200215000000
78.0;MTIwNiBEb3MgUXVlYnJhZGFzIFBsYWNl;;U28gUGF1bG8=;431.0;MjAyMDc=;MjQxODMyNzkwNjg3;20200215000000
57.0;MTcgS2FidWwgQm91bGV2YXJk;;Q2hpYmE=;355.0;Mzg1OTQ=;Njk3NzYwODY3OTY4;20200215000000
444.0;MjMxIEthbGluaW5ncmFkIFBsYWNl;;TG9tYmFyZGlh;70.0;NTc4MzM=;NTc1MDgxMDI2NTY5;20200215000000
44.0;NjcxIEdyYXogU3RyZWV0;;T3JpZW50YWw=;353.0;OTQzOTk=;NjgwNzY4ODY4NTE4;20200215000000
519.0;OTYyIFRhbWEgTG9vcA==;;;583.0;NjU5NTI=;MjgyNjY3NTA2NzI4;20200215000000
252.0;MTMwOSBXZWlmYW5nIFN0cmVldA==;;RmxvcmlkYQ==;520.0;NTczMzg=;NDM1Nzg1MDQ1MzYy;20200215000000
382.0;MjIwIEhpZGFsZ28gRHJpdmU=;;S2VybWFuc2hhaA==;265.0;NDUyOTg=;MzQyNzIwNzU0NTY2;20200215000000
73.0;MTAzMSBEYXVnYXZwaWxzIFBhcmt3YXk=;;QmNoYXI=;63.0;NTkwMjU=;MTA3MTM3NDAwMTQz;20200215000000
464.0;NzYgS2VybWFuc2hhaCBNYW5vcg==;;RXNmYWhhbg==;423.0;MjMzNDM=;NzYyMzYxODIxNTc4;20200215000000
190.0;NDM1IDAgV2F5;;V2VzdCBCZW5nYWxp;195.0;NzQ3NTA=;NzYwMTcxNTIzOTY5;20200215000000
437.0;MTc2NiBBbG1pcmFudGUgQnJvd24gU3RyZWV0;;S3dhWnVsdS1OYXRhbA==;364.0;NjMxMDQ=;NjE3NTY3NTk4MjQz;20200215000000
495.0;NjU2IE1hdGFtb3JvcyBEcml2ZQ==;;Qm95YWM=;487.0;MTk0ODk=;MTczMDU4MzkxMjM=;20200215000000
355.0;NDY5IE5ha2hvbiBTYXdhbiBTdHJlZXQ=;;VHV2YXNzaWE=;531.0;NTg4NjY=;Njg5MTk5NjM2NTYw;20200215000000
171.0;MTU0MCBXcm9jbGF3IERyaXZl;;TWFoYXJhc2h0cmE=;107.0;NjI2ODY=;MTgyMzYzMzQxNjc0;20200215000000
379.0;MTEzMyBSaXpoYW8gQXZlbnVl;;UGVybmFtYnVjbw==;572.0;MjgwMA==;NjAwMjY0NTMzOTg3;20200215000000
468.0;MTg0NCBVc2FrIEF2ZW51ZQ==;;Tm92YSBTY290aWE=;196.0;ODQ0NjE=;MTY0NDE0NzcyNjc3;20200215000000
448.0;NjE0IERlbml6bGkgUGFya3dheQ==;;UmlvIEdyYW5kZSBkbyBTdWw=;486.0;Mjk0NDQ=;ODc2NDkxODA3NTQ3;20200215000000
131.0;ODAxIEhhZ29ub3kgRHJpdmU=;;U21vbGVuc2s=;484.0;ODQzOQ==;MjM3NDI2MDk5MjEy;20200215000000
113.0;NjgyIEp1bmFuIFdheQ==;;Tm9ydGggV2VzdA==;273.0;MzA0MTg=;NjIyMjU1MjE2MTI3;20200215000000
532.0;MTQyNyBUYWJ1ayBQbGFjZQ==;;RmxvcmlkYQ==;101.0;MzEzNDI=;MjE0NzU2ODM5MTIy;20200215000000
344.0;MTkwOSBCZW5ndWVsYSBMYW5l;;SGVuYW4=;581.0;MTk5MTM=;NjI0MTM4MDAxMDMx;20200215000000
406.0;NDU0IFBhdGlhbGEgTGFuZQ==;;RnVrdXNoaW1h;276.0;MTM0OTY=;Nzk0NTUzMDMxMzA3;20200215000000
543.0;NDMgVmlsbml1cyBNYW5vcg==;;Q29sb3JhZG8=;42.0;Nzk4MTQ=;NDg0NTAwMjgyMzgx;20200215000000
212.0;NjI0IE9zaGF3YSBCb3VsZXZhcmQ=;;V2VzdCBCZW5nYWxp;51.0;ODk5NTk=;NDk2Nzc2NjQxODQ=;20200215000000
547.0;Mzc5IEx1YmxpbiBQYXJrd2F5;;VG9zY2FuYQ==;309.0;NzQ1Njg=;OTIxOTYwNDUwMDg5;20200215000000
74.0;MTEyNCBCdWVuYXZlbnR1cmEgRHJpdmU=;;TWVra2E=;13.0;Njg1Ng==;NDA3NzMzODA0MjIz;20200215000000
272.0;MTc2MiBQYWFybCBQYXJrd2F5;;SHVuYW4=;298.0;NTM5Mjg=;MTkyNDU5NjM5NDEw;20200215000000
541.0;MTk1IElsb3JpbiBTdHJlZXQ=;;Q2hhcmktQmFndWlybWk=;363.0;NDkyNTA=;ODkxMjkzNTYwOA==;20200215000000
141.0;MTc0OSBEYXhpYW4gUGxhY2U=;;R2VsZGVybGFuZA==;29.0;MTEwNDQ=;OTYzMzY5OTk2Mjc5;20200215000000
43.0;MzA2IEFudG9mYWdhc3RhIFBsYWNl;;RXNwcml0byBTYW50bw==;569.0;Mzk4OQ==;Mzc4MzE4ODUxNjMx;20200215000000
198.0;MzQ1IE9zaGF3YSBCb3VsZXZhcmQ=;;VG9reW8tdG8=;204.0;MzIxMTQ=;MTA0NDkxMjAxNzcx;20200215000000
522.0;MTc2OCBVZGluZSBMb29w;;QmF0dGFtYmFuZw==;60.0;MzIzNDc=;NDQ4ODc2NDk5MTk3;20200215000000
509.0;Nzg2IE1hdHN1ZSBXYXk=;;SWxsaW5vaXM=;245.0;Mzc0Njk=;MTExMTc3MjA2NDc5;20200215000000
123.0;MTk4NyBDb2FjYWxjbyBkZSBCZXJyaW96YmFsIExvb3A=;;YWwtUWFseXViaXlh;476.0;OTYwNjU=;Nzg3NjU0NDE1ODU4;20200215000000
331.0;MTAxNiBJd2FrdW5pIFN0cmVldA==;;U3QgR2Vvcmdl;269.0;NDk4MzM=;OTYxMzcwODQ3MzQ0;20200215000000
492.0;MTg1IE1hbm5oZWltIExhbmU=;;U3RhdnJvcG9s;408.0;MjM2NjE=;NTg5Mzc3NTY4MzEz;20200215000000
533.0;NTU2IEFzdW5jaW4gV2F5;;TW9naWxqb3Y=;339.0;MzUzNjQ=;MzM4MjQ0MDIzNTQz;20200215000000
85.0;MzIwIEJhaXlpbiBQYXJrd2F5;;TWFoYWphbmdh;319.0;MzczMDc=;MjIzNjY0NjYxOTcz;20200215000000
292.0;MTk5MyBUYWJ1ayBMYW5l;;VGFtaWwgTmFkdQ==;522.0;NjQyMjE=;NjQ4NDgyNDE1NDA1;20200215000000
404.0;NzM0IEJjaGFyIFBsYWNl;;UHVuamFi;375.0;MzA1ODY=;MjgwNTc4NzUwNDM1;20200215000000
42.0;MjY5IENhbSBSYW5oIFBhcmt3YXk=;;Q2hpc2luYXU=;115.0;MzQ2ODk=;NDg5NzgzODI5NzM3;20200215000000
151.0;MTMzNyBMaW5jb2xuIFBhcmt3YXk=;;U2FpdGFtYQ==;555.0;OTk0NTc=;NTk3ODE1MjIxMjY3;20200215000000
417.0;NzkxIFNhbGluYXMgU3RyZWV0;;UHVuamFi;208.0;NDA1MDk=;MTI5OTUzMDMwNTEy;20200215000000
592.0;MTkyMyBTdGFyYSBaYWdvcmEgTGFuZQ==;;TmFudG91;546.0;OTUxNzk=;MTgyMTc4NjA5MjEx;20200215000000
41.0;MTQ0MCBGdWt1eWFtYSBMb29w;;SGVuYW4=;362.0;NDc5Mjk=;OTEyMjU3MjUwNDY1;20200215000000
62.0;MTExNCBMaWVwYWphIFN0cmVldA==;;U2FyYXdhaw==;282.0;NjkyMjY=;MjEyODY5MjI4OTM2;20200215000000
503.0;MTQxNiBTYW4gSnVhbiBCYXV0aXN0YSBUdXh0ZXBlYyBBdmVudWU=;;WnVmYXI=;444.0;NTA1OTI=;MTQ0MjA2NzU4MDUz;20200215000000
121.0;MTk2NyBTaW5jZWxlam8gUGxhY2U=;;R3VqYXJhdA==;176.0;NzM2NDQ=;NTc3ODEyNjE2MDUy;20200215000000
316.0;NzQ2IEpvbGlldCBMYW5l;;S3Vyc2s=;286.0;OTQ4Nzg=;Njg4NDg1MTkxOTIz;20200215000000
254.0;Nzg2IFN0YXJhIFphZ29yYSBXYXk=;;T3lvICYgT3N1bg==;390.0;OTgzMzI=;NzE2MjU2NTk2MzAx;20200215000000
167.0;MTI4NyBYaWFuZ2ZhbiBCb3VsZXZhcmQ=;;R2lmdQ==;253.0;NTc4NDQ=;ODE5NDE2MTMxMTkw;20200215000000
319.0;MTk1NyBZYW50YWkgTGFuZQ==;;U28gUGF1bG8=;490.0;NTkyNTU=;NzA0OTQ4MzIyMzAy;20200215000000
511.0;MTE1MiBhbC1RYXRpZiBMYW5l;;S2FsaW1hbnRhbiBCYXJhdA==;412.0;NDQ4MTY=;MTMxMzcwNjY1MjE4;20200215000000
10.0;MTc5NSBTYW50aWFnbyBkZSBDb21wb3N0ZWxhIFdheQ==;;VGV4YXM=;295.0;MTg3NDM=;ODYwNDUyNjI2NDM0;20200215000000
517.0;NTQ4IFVydWFwYW4gU3RyZWV0;;T250YXJpbw==;312.0;MzU2NTM=;ODc5MzQ3NDUzNDY3;20200215000000
79.0;MTU1MSBSYW1wdXIgTGFuZQ==;;Q2hhbmdod2E=;108.0;NzIzOTQ=;MjUxMTY0MzQwNDcx;20200215000000
484.0;OTggUHlvbmd5YW5nIEJvdWxldmFyZA==;;T2hpbw==;11.0;ODg3NDk=;MTkxOTU4NDM1MTQy;20200215000000
388.0;MzY4IEh1bnVjbyBCb3VsZXZhcmQ=;;TmFtaWJl;360.0;MTcxNjU=;MTA2NDM5MTU4OTQx;20200215000000
245.0;MTEwMyBCaWxiYXlzIFBhcmt3YXk=;;SHViZWk=;578.0;ODc2NjA=;Mjc5OTc5NTI5MjI3;20200215000000
325.0;MTg5MiBOYWJlcmV6bnlqZSBUZWxueSBMYW5l;;VHV0dWlsYQ==;516.0;MjgzOTY=;NDc4MjI5OTg3MDU0;20200215000000
7.0;NjkyIEpvbGlldCBTdHJlZXQ=;;QXR0aWth;38.0;ODM1Nzk=;NDQ4NDc3MTkwNDA4;20200215000000
164.0;MTYyMyBCYWhhIEJsYW5jYSBNYW5vcg==;;TW9za292YQ==;310.0;ODE1MTE=;MTQ5OTgxMjQ4MzQ2;20200215000000
415.0;NDMyIEdhcmRlbiBHcm92ZSBTdHJlZXQ=;;T250YXJpbw==;430.0;NjU2MzA=;NjE1OTY0NTIzNTEw;20200215000000
15.0;MTU0MiBUYXJsYWMgUGFya3dheQ==;;S2FuYWdhd2E=;440.0;MTAyNw==;NjM1Mjk3Mjc3MzQ1;20200215000000
423.0;NDM3IENodW5naG8gRHJpdmU=;;UHVlcnRvIFBsYXRh;450.0;NTk0ODk=;NDkxMjcxMzU1MTkw;20200215000000
516.0;MTU3NCBHb2luaWEgQm91bGV2YXJk;;SGVpbG9uZ2ppYW5n;502.0;Mzk1Mjk=;NTk2MzQyNTUyMTQ=;20200215000000
421.0;OTY2IEFyZWNpYm8gTG9vcA==;;U2luZA==;134.0;OTQwMTg=;MTUyNzM3NjUzMDY=;20200215000000
274.0;OTIwIEt1bWJha29uYW0gTG9vcA==;;Q2FsaWZvcm5pYQ==;446.0;NzUwOTA=;Njg1MDEwNzM2MjQw;20200215000000
267.0;ODE2IENheWVubmUgUGFya3dheQ==;;TWFuYWI=;414.0;OTM2Mjk=;MjgyODc0NjExNzQ4;20200215000000
420.0;OTkyIEtsZXJrc2RvcnAgTG9vcA==;;VXRyZWNodA==;23.0;MzM3MTE=;ODU1MjkwMDg3MjM3;20200215000000
535.0;NjM1IEJyZXN0IE1hbm9y;;QW5kaHJhIFByYWRlc2g=;75.0;NDA4OTk=;ODA1OTMyNDI5NTE=;20200215000000
289.0;MTI3OSBVZGluZSBQYXJrd2F5;;RWRvICYgRGVsdGE=;69.0;NzU4NjA=;MTk1MDAzNTU1MjMy;20200215000000
117.0;MTA3OSBUZWwgQXZpdi1KYWZmYSBCb3VsZXZhcmQ=;;U3VjcmU=;132.0;MTA4ODU=;MzU4MTc4OTMzODU3;20200215000000
137.0;MjYxIFNhaW50IExvdWlzIFdheQ==;;Q29haHVpbGEgZGUgWmFyYWdvemE=;541.0;ODM0MDE=;MzIxOTQ0MDM2ODAw;20200215000000
155.0;MTU2MCBKZWxldHMgQm91bGV2YXJk;;U2hhbmRvbmc=;291.0;Nzc3Nzc=;MTg5NDQ2MDkwMjY0;20200215000000
158.0;Nzk4IENpYW5qdXIgQXZlbnVl;;U2hhbnhp;590.0;NzY5OTA=;NDk5NDA4NzA4NTgw;20200215000000
551.0;MTgyIE51a3VhbG9mYSBEcml2ZQ==;;U3VteQ==;275.0;MTU0MTQ=;NDI2MzQ2MjI0MDQz;20200215000000
38.0;NjEgVGFtYSBTdHJlZXQ=;;T2theWFtYQ==;284.0;OTQwNjU=;NzA4NDAzMzM4Mjcw;20200215000000
333.0;MTg2MCBUYWd1aWcgTG9vcA==;;V2VzdCBKYXZh;119.0;NTk1NTA=;MzgxNTg0MzA1ODk=;20200215000000
204.0;Mzg3IE13ZW5lLURpdHUgRHJpdmU=;;QWhhbA==;35.0;ODA3Mw==;NzY0NDc3NjgxODY5;20200215000000
258.0;NzUyIE9uZG8gTG9vcA==;;TWl5YXpha2k=;338.0;MzI0NzQ=;MTM0NjczNTc2NjE5;20200215000000
555.0;MTc2NCBKYWxpYiBhbC1TaHV5dWtoIFBhcmt3YXk=;;R2FsaWNpYQ==;459.0;Nzc2NDI=;ODQ3OTQ1MzI1MTA=;20200215000000
108.0;MTM4NiBZYW5nb3IgQXZlbnVl;;UHJvdmVuY2UtQWxwZXMtQ3Rl;543.0;ODA3MjA=;NDQ5MjE2MjI2NDY4;20200215000000
195.0;MTA3NyBTYW4gRmVsaXBlIGRlIFB1ZXJ0byBQbGF0YSBQbGFjZQ==;;Um9zdG92LW5hLURvbnU=;369.0;NjUzODc=;ODEyODI0MDM2NDI0;20200215000000
332.0;NjYzIEJhaGEgQmxhbmNhIFBhcmt3YXk=;;QWRhbmE=;5.0;MzM0NjM=;ODM0NDE4Nzc5Mjky;20200215000000
88.0;MTI1IENpdHQgZGVsIFZhdGljYW5vIEJvdWxldmFyZA==;;UHVlYmxh;40.0;Njc5MTI=;NDg0MTc2NDI5MzM=;20200215000000
308.0;Njg3IEFsZXNzYW5kcmlhIFBhcmt3YXk=;;U2FuYWE=;455.0;NTc1ODc=;NDA3MjE4NTIyMjk0;20200215000000
181.0;MTQ2IEpvaGFubmVzYnVyZyBXYXk=;;VGFtYXVsaXBhcw==;330.0;NTQxMzI=;OTUzNjg5MDA3MDgx;20200215000000
143.0;MTAyOSBEemVyemluc2sgTWFub3I=;;WW5saW4=;542.0;NTc1MTk=;MzMxNzM1ODQ0NTY=;20200215000000
524.0;NjgwIEEgQ29ydWEgKExhIENvcnVhKSBNYW5vcg==;;U2l2YXM=;482.0;NDk4MDY=;MTU4MzI2MTE0ODUz;20200215000000
369.0;ODE3IExhcmVkbyBBdmVudWU=;;SmFsaXNjbw==;188.0;Nzc0NDk=;MTUxMjQ5NjgxMTM1;20200215000000
486.0;NjQgS29ybGEgU3RyZWV0;;TXdhbnph;347.0;MjUxNDU=;NTEwMzgzMTc5MTUz;20200215000000
14.0;MTUzMSBTYWwgRHJpdmU=;;RXNmYWhhbg==;162.0;NTM2Mjg=;NjQ4ODU2OTM2MTg1;20200215000000
130.0;MTY2NiBRb21zaGVoIERyaXZl;;U28gUGF1bG8=;410.0;NjYyNTU=;NTgyODM1MzYyOTA1;20200215000000
588.0;OTY2IEFzdW5jaW4gV2F5;;SGlkYWxnbw==;212.0;NjI3MDM=;OTk1NTI3Mzc4Mzgx;20200215000000
500.0;MzYyIFJhamtvdCBMYW5l;;R2Fuc3U=;47.0;OTgwMzA=;OTYyMDIwMTUzNjgw;20200215000000
363.0;NjA0IEJlcm4gUGxhY2U=;;SmhhcmtoYW5k;429.0;NTM3Mw==;NjIwNzE5MzgzNzI1;20200215000000
209.0;MTY3OSBBbnRvZmFnYXN0YSBTdHJlZXQ=;;QWx0byBQYXJhbg==;122.0;ODY1OTk=;OTA1OTAzNTc0OTEz;20200215000000
342.0;MTI0IGFsLU1hbmFtYSBXYXk=;;SGlyb3NoaW1h;382.0;NTIzNjg=;NjQ3ODk5NDA0OTUy;20200215000000
133.0;MTg1NCBUaWVsaSBTdHJlZXQ=;;U2hhbmRvbmc=;302.0;MTU4MTk=;NTA5NDkyMzI0Nzc1;20200215000000
226.0;ODEwIFBhbGdoYXQgKFBhbGFra2FkKSBCb3VsZXZhcmQ=;;SmFyb3NsYXZs;235.0;NzM0MzE=;NTE2MzMxMTcxMzU2;20200215000000
299.0;MzIgUHVkdWtrb3R0YWkgTGFuZQ==;;T2hpbw==;140.0;Mzg4MzQ=;OTY3Mjc0NzI4NTQ3;20200215000000
431.0;MTU5NiBBY3VhIFBhcmt3YXk=;;SmhhcmtoYW5k;418.0;NzA0MjU=;MTU3MTMzNDU3MTY5;20200215000000
213.0;NDMgRGFkdSBBdmVudWU=;;UmFqYXN0aGFu;74.0;NDg1NQ==;OTU2NjY5NTE3NzA=;20200215000000
336.0;NDMwIEt1bWJha29uYW0gRHJpdmU=;;U2FudGEgRg==;457.0;Mjg4MTQ=;MTA1NDcwNjkxNTUw;20200215000000
601.0;ODQ0IEJ1Y3VyZXN0aSBQbGFjZQ==;;TGlhb25pbmc=;242.0;MzY2MDM=;OTM1OTUyMzY2MTEx;20200215000000
72.0;NTcgQXJsaW5ndG9uIE1hbm9y;;TWFkaHlhIFByYWRlc2g=;475.0;NDg5NjA=;OTkwMjE0NDE5MTQy;20200215000000
527.0;MTk5MyAwIExvb3A=;;TGlhb25pbmc=;588.0;NDEyMTQ=;MjU4NjU1MjgxODE=;20200215000000
65.0;OTE1IFBvbmNlIFBsYWNl;;QmFzZWwtU3RhZHQ=;56.0;ODM5ODA=;MTM5NTI1MTMxNw==;20200215000000
114.0;ODA0IEVsaXN0YSBEcml2ZQ==;;SHViZWk=;159.0;NjEwNjk=;Mzc5ODA0NTkyOTQz;20200215000000
321.0;NjUxIFBhdGhhbmtvdCBMb29w;;TWFoYXJhc2h0cmE=;336.0;NTk4MTE=;MTM5Mzc4Mzk3NDE4;20200215000000
54.0;MTE1IEhpZGFsZ28gUGFya3dheQ==;;S2hhcnR1bQ==;379.0;ODAxNjg=;MzA3NzAzOTUwMjYz;20200215000000
3.0;MjMgV29ya2hhdmVuIExhbmU=;<!NULL!>;QWxiZXJ0YQ==;300.0;;MTQwMzMzMzU1Njg=;20200215000000
180.0;NzU3IFJ1c3RlbmJ1cmcgQXZlbnVl;;U2tpa2Rh;483.0;ODk2Njg=;NTA2MTM0MDM1NDM0;20200215000000
563.0;MTA1OSBZdW5jaGVuZyBBdmVudWU=;;VmlsbmE=;570.0;NDc0OTg=;MTA3MDkyODkzOTgz;20200215000000
169.0;MTU0IFRhbGxhaGFzc2VlIExvb3A=;;WGlueGlhbmc=;199.0;NjIyNTA=;OTM1NTA4ODU1OTM1;20200215000000
530.0;MTAwMyBRaW5odWFuZ2RhbyBTdHJlZXQ=;;V2VzdCBKYXZh;419.0;MjU5NzI=;MzU1MzMxMTU5OTc=;20200215000000
359.0;NTE5IE55ZXJpIE1hbm9y;;U28gUGF1bG8=;461.0;Mzc2NTA=;NzY0NjgwOTE1MzIz;20200215000000
146.0;NDgzIExqdWJlcnRzeSBQYXJrd2F5;;U2NvdGxhbmQ=;149.0;NjA1NjI=;NTgxMTc0MjExODUz;20200215000000
222.0;MTE2OCBOYWphZmFiYWQgUGFya3dheQ==;;S2Fib2w=;251.0;NDAzMDE=;ODg2NjQ5MDY1ODYx;20200215000000
307.0;MTkwOCBHYXppYW50ZXAgUGxhY2U=;;TGlhb25pbmc=;536.0;NTg5Nzk=;MTA4MDUzNzUxMzAw;20200215000000
5.0;MTkxMyBIYW5vaSBXYXk=;;TmFnYXNha2k=;463.0;MzUyMDA=;MjgzMDMzODQyOTA=;20200215000000
501.0;MTA2MCBUYW5kaWwgTGFuZQ==;;U2hhbmRvbmc=;432.0;NzIzNDk=;MjExMjU2MzAxODgw;20200215000000
250.0;ODI5IEdyYW5kIFByYWlyaWUgV2F5;;UGFyYW4=;328.0;NjQ2MQ==;NzQxMDcwNzEyODcz;20200215000000
377.0;MTU0IE9zaGF3YSBNYW5vcg==;;RWFzdCBKYXZh;415.0;NzI3NzE=;NDQwMzY1OTczNjYw;20200215000000
23.0;MTQxNyBMYW5jYXN0ZXIgQXZlbnVl;;Tm9ydGhlcm4gQ2FwZQ==;267.0;NzIxOTI=;MjcyNTcyMzU3ODkz;20200215000000
161.0;MTM4NiBOYWtob24gU2F3YW4gQm91bGV2YXJk;;UHlvbmd5YW5nLXNp;420.0;NTM1MDI=;MzY4ODk5MTc0MjI1;20200215000000
147.0;Mzc0IEJhdCBZYW0gQm91bGV2YXJk;;S2lsaXM=;266.0;OTc3MDA=;OTIzMjYxNjE2MjQ5;20200215000000
392.0;NTE0IElmZSBXYXk=;;U2hhYmE=;315.0;Njk5NzM=;OTAwMjM1NzEyMDc0;20200215000000
510.0;NDggTWFyYWNhYm8gUGxhY2U=;;Q2VudHJhbCBMdXpvbg==;519.0;MTU3MA==;ODI2NzE4MzAxMjY=;20200215000000
294.0;MTkxMiBBbGxlbmRlIE1hbm9y;;S293bG9vbiBhbmQgTmV3IEtvd2w=;279.0;NTgxMjQ=;MTcyMjYyNDU0NDg3;20200215000000
18.0;NzcwIEJ5ZGdvc3pjeiBBdmVudWU=;;Q2FsaWZvcm5pYQ==;120.0;MTYyNjY=;NTE3MzM4MzE0MjM1;20200215000000
59.0;MTY5NyBLb3dsb29uIGFuZCBOZXcgS293bG9vbiBMb29w;;TW9za292YQ==;49.0;NTc4MDc=;NDk5MzUyMDE3MTkw;20200215000000
493.0;MTg0IE1hbmRhbHV5b25nIFN0cmVldA==;;QmFqYSBDYWxpZm9ybmlhIFN1cg==;288.0;OTQyMzk=;NDg4NDI1NDA2ODE0;20200215000000
178.0;MTg0OCBTYWxhbGEgQm91bGV2YXJk;;TWlyYW5kYQ==;373.0;MjUyMjA=;NDgyNjU4NTExMzM=;20200215000000
165.0;OTcgU2hpbW9nYSBBdmVudWU=;;VGVsIEF2aXY=;533.0;NDQ2NjA=;MTc3MTY3MDA0MzMx;20200215000000
183.0;MTA4OSBJd2F0c3VraSBBdmVudWU=;;S2lyb3Y=;270.0;MzUxMDk=;ODY2MDkyMzM1MTM1;20200215000000
148.0;MTAyNyBTb25na2hsYSBNYW5vcg==;;TWluc2s=;340.0;MzA4NjE=;NTYzNjYwMTg3ODk2;20200215000000
51.0;Njg2IEdhcmxhbmQgTWFub3I=;;Q2Vhcg==;247.0;NTI1MzU=;Njk0OTMzNzg4MTM=;20200215000000
55.0;MTEzNSBJenVtaXNhbm8gUGFya3dheQ==;;Q2FsaWZvcm5pYQ==;171.0;NDgxNTA=;MTcxODIyNTMzNDgw;20200215000000
398.0;OTU0IExhcHUtTGFwdSBXYXk=;;TW9za292YQ==;278.0;ODgxNg==;NzM3MjI5MDAzOTE2;20200215000000
107.0;MTE3NyBKZWxldHMgV2F5;;S3dhcmEgJiBLb2dp;220.0;MzMwNQ==;NDg0MjkyNjI2OTQ0;20200215000000
269.0;NDQ2IEtpcm92by1UZXBldHNrIExhbmU=;;T3Nha2E=;203.0;MTk0Mjg=;MzAzOTY3NDM5ODE2;20200215000000
434.0;MTQwNCBUYWd1aWcgRHJpdmU=;;T2theWFtYQ==;547.0;ODcyMTI=;NTcyMDY4NjI0NTM4;20200215000000
119.0;MTEwNyBOYWtob24gU2F3YW4gQXZlbnVl;;TXhpY28=;365.0;NzUxNDk=;ODY3NTQ2NjI3OTAz;20200215000000
305.0;NDEgRWwgQWx0byBQYXJrd2F5;;TWFoYXJhc2h0cmE=;398.0;NTY4ODM=;NTE5MTc4MDcwNTA=;20200215000000
172.0;NDc1IEF0aW5zayBXYXk=;;R2Fuc3U=;240.0;NTk1NzE=;MjAxNzA1NTc3Mjkw;20200215000000
539.0;MTMzMiBHYXppYW50ZXAgTGFuZQ==;;U2hhbmRvbmc=;80.0;MjI4MTM=;MzgzMzUzMTg3NDY3;20200215000000
281.0;MTk0NCBCYW1lbmRhIFdheQ==;;TWljaGlnYW4=;573.0;MjQ2NDU=;NzU5NzUyMjE5OTY=;20200215000000
405.0;NTMwIExhdXNhbm5lIExhbmU=;;VGV4YXM=;135.0;MTEwNjc=;Nzc1MjM1MDI5NjMz;20200215000000
210.0;MTMwNCBzLUhlcnRvZ2VuYm9zY2ggV2F5;;U2FudGEgQ2F0YXJpbmE=;83.0;MTA5MjU=;OTAzMzYyMjYyMjc=;20200215000000
447.0;MTA1IER6ZXJ6aW5zayBNYW5vcg==;;SW5uZXIgTW9uZ29saWE=;540.0;NDg1NzA=;MjQwNzc2NDE0Mjk2;20200215000000
310.0;OTEzIENvYWNhbGNvIGRlIEJlcnJpb3piYWwgTG9vcA==;;VGV4YXM=;33.0;NDIxNDE=;MjYyMDg4MzY3MDAx;20200215000000
328.0;NDc5IFNhbiBGZWxpcGUgZGVsIFByb2dyZXNvIEF2ZW51ZQ==;;TW9yZWxvcw==;130.0;NTQ5NDk=;ODY5MDUxNzgyNjkx;20200215000000
191.0;MTQwIENoaWF5aSBQYXJrd2F5;;U3VteQ==;506.0;Mzg5ODI=;ODU1ODYzOTA2NDM0;20200215000000
553.0;MTQyMSBRdWlsbWVzIExhbmU=;;SXNoaWthd2E=;260.0;MTkxNTE=;MTM1NDA3NzU1OTc1;20200215000000
266.0;ODYyIFhpbnRhaSBMYW5l;;Q2FnYXlhbiBWYWxsZXk=;548.0;MzAwNjU=;MjY1MTUzNDAwNjMy;20200215000000
474.0;MTQ2OSBQbG9jayBMYW5l;;R2FsaWNpYQ==;388.0;OTU4MzU=;NjIyODg0NzQxMTgw;20200215000000
205.0;NjggTW9sb2RldG5vIE1hbm9y;;Tm9yZHJoZWluLVdlc3RmYWxlbg==;575.0;NDY2Mg==;MTQ2NjQwNjM5NzYw;20200215000000
104.0;MTkxMyBLYW1ha3VyYSBQbGFjZQ==;;TGlwZXRzaw==;238.0;OTcyODc=;OTQyNTcwNTM2NzUw;20200215000000
103.0;NTg4IFZpbGEgVmVsaGEgTWFub3I=;;S3lvbmdzYW5nYnVr;268.0;NTE1NDA=;MzMzMzM5OTA4NzE5;20200215000000
365.0;MTAwOSBaYW56aWJhciBMYW5l;;QXJlY2libw==;32.0;NjQ4NzU=;MTAyMzk2Mjk4OTE2;20200215000000
229.0;MTAxNCBMb2phIE1hbm9y;;VGFtaWwgTmFkdQ==;22.0;NjY4NTE=;NDYwNzk1NTI2NTE0;20200215000000
480.0;NDIxIFlhb3VuZCBTdHJlZXQ=;;U3VteQ==;385.0;MTEzNjM=;NzI2ODc1NjI4MjY4;20200215000000
351.0;MTE1NyBOeWVyaSBMb29w;;QWR5Z2Vh;320.0;NTYzODA=;MjYyNzQ0NzkxNDkz;20200215000000
508.0;NDk2IENlbGF5YSBEcml2ZQ==;;TmFnYW5v;552.0;OTA3OTc=;NzU5NTg2NTg0ODg5;20200215000000
251.0;MTQ3MyBDaGFuZ2h3YSBQYXJrd2F5;;TXhpY28=;124.0;NzU5MzM=;MjY2Nzk4MTMyMzc0;20200215000000
528.0;MTE3NiBTb3V0aGVuZC1vbi1TZWEgTWFub3I=;;U291dGhlcm4gVGFnYWxvZw==;458.0;ODE2NTE=;MjM2Njc5MjY3MTc4;20200215000000
154.0;NzgxIFNoaW1vbm9zZWtpIERyaXZl;;TWljaG9hY24gZGUgT2NhbXBv;202.0;OTU0NDQ=;NjMyMzE2MjczMTk5;20200215000000
35.0;MzMgR29yb250YWxvIFdheQ==;;V2VzdCBCZW5nYWxp;257.0;MzAzNDg=;NzQ1OTk0OTQ3NDU4;20200215000000
317.0;NzgwIEtpbWJlcmxleSBXYXk=;;VGFidWs=;515.0;MTcwMzI=;ODI0Mzk2ODgzOTUx;20200215000000
215.0;MTMzMyBIYWxkaWEgU3RyZWV0;;SmlsaW4=;174.0;ODIxNjE=;NDA4MzA0MzkxNzE4;20200215000000
177.0;MTAxMCBLbGVya3Nkb3JwIFdheQ==;;U3RlaWVybWFyaw==;186.0;NjgwMg==;NDkzMDA4NTQ2ODc0;20200215000000
320.0;MTU0MiBMdWJ1bWJhc2hpIEJvdWxldmFyZA==;;VGVsIEF2aXY=;57.0;NjI0NzI=;NTA4ODAwMzMxMDY1;20200215000000
63.0;MTIxMyBSYW5jaGkgUGFya3dheQ==;;S2FybmF0YWth;350.0;OTQzNTI=;ODAwMDI0MzgwNDg1;20200215000000
546.0;MTkxIEpvcyBBenVldGEgUGFya3dheQ==;;UnVzZQ==;436.0;MTM2Mjk=;OTMyMTU2NjY3Njk2;20200215000000
540.0;OTQ5IEFsbGVuZGUgTGFuZQ==;;VXR0YXIgUHJhZGVzaA==;24.0;Njc1MjE=;MTIyOTgxMTIwNjUz;20200215000000
129.0;NTY5IEJhaWNoZW5nIExhbmU=;;R2F1dGVuZw==;85.0;NjAzMDQ=;NDkwMjExOTQ0NjQ1;20200215000000
208.0;MTIxNSBQeW9uZ3lhbmcgUGFya3dheQ==;;VXNhaw==;557.0;MjUyMzg=;NjQ2MjM3MTAxNzc5;20200215000000
242.0;MTk2NCBHaWpuIE1hbm9y;;S2FybmF0YWth;473.0;MTQ0MDg=;OTE4MTE5NjAxODg1;20200215000000
596.0;MTc1OSBOaXpuZWthbXNrIEF2ZW51ZQ==;;YWwtTWFuYW1h;14.0;Mzk0MTQ=;ODY0MzkyNTgyMjU3;20200215000000
34.0;MTY2OCBBbnBvbGlzIFN0cmVldA==;;VGFpcGVp;316.0;NTAxOTk=;NTI1MjU1NTQwOTc4;20200215000000
273.0;MTUxOSBJbG9yaW4gUGxhY2U=;;S2VyYWxh;395.0;NDkyOTg=;MzU3NDQ1NjQ1NDI2;20200215000000
391.0;MTc5MyBNZWl4aWFuIFBsYWNl;;SG1lbG55dHNreWk=;258.0;MzM1MzU=;NjE5OTY2Mjg3NDE1;20200215000000
50.0;NDYgUGphdGlnb3JzayBMYW5l;;TW9zY293IChDaXR5KQ==;343.0;MjM2MTY=;MjYyMDc2OTk0ODQ1;20200215000000
93.0;MTkyNiBFbCBBbHRvIEF2ZW51ZQ==;;QnVlbm9zIEFpcmVz;289.0;NzU1NDM=;ODQ2MjI1NDU5MjYw;20200215000000
52.0;OTA5IEdhcmxhbmQgTWFub3I=;;VGF0YXJzdGFu;367.0;NjkzNjc=;NzA1ODAwMzIyNjA2;20200215000000
525.0;MTk0OSBTYW55YSBTdHJlZXQ=;;R3VtbWE=;224.0;NjEyNDQ=;MTMyMTAwOTcyMDQ3;20200215000000
506.0;NDE0IE1hbmRhbHV5b25nIFN0cmVldA==;;THViZWxza2ll;314.0;MTYzNzA=;NTI3MDkyMjI2Njc=;20200215000000
572.0;NTM5IEhhbWkgV2F5;;VG9rYXQ=;538.0;NTIxOTY=;NTI1NTE4MDc1NDk5;20200215000000
207.0;MTY4OCBOYWRvciBMYW5l;;U3VsYXdlc2kgVXRhcmE=;184.0;NjE2MTM=;NjUyMjE4MTk2NzMx;20200215000000
410.0;ODggTmFnYW9uIE1hbm9y;;QnVlbm9zIEFpcmVz;524.0;ODY4Njg=;Nzc5NDYxNDgwNDk1;20200215000000
304.0;MTYzNSBLdXdhbmEgQm91bGV2YXJk;;SGlyb3NoaW1h;205.0;NTIxMzc=;NzEwNjAzODY4MzIz;20200215000000
87.0;OTI5IFRhbGxhaGFzc2VlIExvb3A=;;R2F1dGVuZw==;497.0;NzQ2NzE=;ODAwNzE2NTM1MDQx;20200215000000
237.0;MTczNiBDYXZpdGUgUGxhY2U=;;UWluYQ==;216.0;OTg3NzU=;NDMxNzcwNjAzNTUx;20200215000000
327.0;MTQyNyBBIENvcnVhIChMYSBDb3J1YSkgUGxhY2U=;;QnVlbm9zIEFpcmVz;45.0;ODU3OTk=;OTcyNTc0ODYyNTE2;20200215000000
339.0;NTAzIFNvZ2Ftb3NvIExvb3A=;;U3VtcWF5aXQ=;505.0;NDk4MTI=;ODM0NjI2NzE1ODM3;20200215000000
326.0;NDcwIEJva3NidXJnIFN0cmVldA==;;Q2VudHJhbA==;81.0;OTc5NjA=;OTA4MDI5ODU5MjY2;20200215000000
162.0;MzY5IFBhcGVldGUgV2F5;;Tm9ydGggQ2Fyb2xpbmE=;187.0;NjY2Mzk=;MTcwMTE3MDY4ODE1;20200215000000
227.0;MTgyMCBNYXJpbmcgUGFya3dheQ==;;UHVuamFi;324.0;ODgzMDc=;OTk3NjA4OTM2NzY=;20200215000000
418.0;MTI2IEFjdWEgUGFya3dheQ==;;V2VzdCBCZW5nYWxp;71.0;NTg4ODg=;NDgwMDM5NjYyNDIx;20200215000000
75.0;NDkyIENhbSBSYW5oIFN0cmVldA==;;RWFzdGVybiBWaXNheWFz;61.0;NTA4MDU=;NTY1MDE4Mjc0NDU2;20200215000000
271.0;MTU4NyBMb2phIE1hbm9y;;U2FsemJ1cmc=;447.0;NTQxMA==;NjIxNjI1MjA0NDIy;20200215000000
451.0;MTcwNCBUYW1iYXJhbSBNYW5vcg==;;V2VzdCBCZW5nYWxp;554.0;MjgzNA==;Mzk0NjM1NTQ5MzY=;20200215000000
393.0;NzE3IENoYW5nemhvdSBMYW5l;;U291dGhlcm4gVGFnYWxvZw==;104.0;MjE2MTU=;NDI2MjU1Mjg4MDcx;20200215000000
293.0;ODYgSGlnYXNoaW9zYWthIExhbmU=;;R3VhbmFqdWF0bw==;563.0;MzM3Njg=;OTU3MTI4Njk3MjI1;20200215000000
217.0;MTAwMSBNaXlha29ub2pvIExhbmU=;;VGFpeno=;518.0;Njc5MjQ=;NTg0MzE2NzI0ODE1;20200215000000
68.0;MTk2NiBBbXJvaGEgQXZlbnVl;;U2ljaHVhbg==;139.0;NzAzODU=;MzMzNDg5MzI0NjAz;20200215000000
504.0;MSBWYWxsZSBkZSBTYW50aWFnbyBBdmVudWU=;;QXB1bGlh;93.0;ODYyMDg=;NDY1ODk3ODM4Mjcy;20200215000000
36.0;MTc2IE1hbmRhbHV5b25nIFBsYWNl;;VXR0YXIgUHJhZGVzaA==;239.0;NjUyMTM=;NjI3NzA1OTkxNzc0;20200215000000
439.0;MTM1MSBBcGFyZWNpZGEgZGUgR29pbmlhIFBhcmt3YXk=;;Tm9ydGhlcm4gTWluZGFuYW8=;391.0;NDE3NzU=;OTU5ODM0NTMwNTI5;20200215000000
471.0;MTMyMiBNb3N1bCBQYXJrd2F5;;U2hhbmRvbmc=;145.0;OTU0MDA=;MjY4MDUzOTcwMzgy;20200215000000
244.0;MTE0OCBTYWFyYnJja2VuIFBhcmt3YXk=;;RnVrdXNoaW1h;226.0;MTkyMQ==;MTM3NzczMDAxOTg4;20200215000000
573.0;MTQwNyBTdXJha2FydGEgTWFub3I=;;TW9za292YQ==;466.0;MzMyMjQ=;MzI0MzQ2NDg1MDU0;20200215000000
335.0;NTg3IEJlbmd1ZWxhIE1hbm9y;;SWxsaW5vaXM=;42.0;OTE1OTA=;MTY1NDUwOTg3MDM3;20200215000000
352.0;MTY3MyBUYW5nYWlsIERyaXZl;;RGF1Z2F2cGlscw==;137.0;MjY4NTc=;NjI3OTI0MjU5Mjcx;20200215000000
58.0;MTk2NCBBbGxhcHB1emhhIChBbGxlcHBleSkgU3RyZWV0;;WWFtYWd1Y2hp;227.0;NDg5ODA=;OTIwODExMzI1MjIy;20200215000000
32.0;MTQyNSBTaGlrYXJwdXIgTWFub3I=;;QmloYXI=;346.0;NjU1OTk=;Njc4MjIwODY3MDA1;20200215000000
341.0;MTkyMCBXZWlmYW5nIEF2ZW51ZQ==;;VXR0YXIgUHJhZGVzaA==;427.0;MTU2NDM=;ODY5NTA3ODQ3NzE0;20200215000000
241.0;NjQ3IEEgQ29ydWEgKExhIENvcnVhKSBTdHJlZXQ=;;Q2hvbGxhbmFt;357.0;MzY5NzE=;NzkyNTU3NDU3NzUz;20200215000000
247.0;MTQ4MyBQYXRoYW5rb3QgU3RyZWV0;;VHVjdW1u;454.0;MzcyODg=;Njg2MDE1NTMyMTgw;20200215000000
179.0;NDMxIFhpYW5ndGFuIEF2ZW51ZQ==;;S2VyYWxh;18.0;NDg1NA==;MjMwMjUwOTczMTIy;20200215000000
81.0;MTY5MiBFZGUgTG9vcA==;;U28gUGF1bG8=;30.0;OTIyMw==;OTE4NzExMzc2NjE4;20200215000000
378.0;MTE5MSBUYW5kaWwgRHJpdmU=;;U291dGhlcm4gVGFnYWxvZw==;523.0;NjM2Mg==;NDU1NTQzMTYwMTA=;20200215000000
199.0;MTc5MiBWYWxsZSBkZSBsYSBQYXNjdWEgUGxhY2U=;;Tm9yZHJoZWluLVdlc3RmYWxlbg==;477.0;MTU1NDA=;NDE5NDE5NTkxMjQw;20200215000000
472.0;MTQ0NyBDaGF0c3dvcnRoIFBsYWNl;;Q2hpaHVhaHVh;129.0;NDE1NDU=;NzY5MzcwMTI2MzMx;20200215000000
597.0;MzIgTGlhb2NoZW5nIFdheQ==;;TWluYXMgR2VyYWlz;248.0;MTk0NA==;NDEwODc3MzU0OTMz;20200215000000
202.0;OTU1IEJhbWVuZGEgV2F5;;T25kbyAmIEVraXRp;218.0;MTU0NQ==;NzY4NDgxNzc5NTY4;20200215000000
106.0;NjU5IFZhZHV6IERyaXZl;;SGEgRGFyb20=;34.0;NDk3MDg=;NzA5OTM1MTM1NDg3;20200215000000
385.0;MTY0MiBDaGFybG90dGUgQW1hbGllIERyaXZl;;U2xhc2tpZQ==;549.0;NzU0NDI=;ODIxNDc2NzM2MTE3;20200215000000
584.0;MTgxOSBBbGVzc2FuZHJpYSBMb29w;;Q2FtcGVjaGU=;103.0;NTM4Mjk=;Mzc3NjMzOTk0NDA1;20200215000000
557.0;MTQwNyBQYWNodWNhIGRlIFNvdG8gUGxhY2U=;;UmlvIEdyYW5kZSBkbyBTdWw=;21.0;MjYyODQ=;MzgwMDc3Nzk0Nzcw;20200215000000
587.0;NzYwIE1peWFrb25vam8gRHJpdmU=;;R3VlcnJlcm8=;246.0;NjQ2ODI=;Mjk0NDQ5MDU4MTc5;20200215000000
296.0;MTkzNiBDdW1hbiBBdmVudWU=;;VmlyZ2luaWE=;433.0;NjExOTU=;OTc2Nzk4NjYwNDEx;20200215000000
98.0;MTUyIEtpdHdlIFBhcmt3YXk=;;Q2FyYWdh;82.0;NTMxODI=;ODM1NDMzNjA1MzEy;20200215000000
156.0;MTk2MyBNb3Njb3cgUGxhY2U=;;QXNzYW0=;354.0;NjQ4NjM=;NzYxMzc5NDgwMjQ5;20200215000000
295.0;NTQ0IFRhcnN1cyBCb3VsZXZhcmQ=;;R3VyaWNv;562.0;NTMxNDU=;ODkyNTIzMzM0;20200215000000
1.0;NDcgTXlTYWtpbGEgRHJpdmU=;<!NULL!>;QWxiZXJ0YQ==;300.0;;;20200215000000
211.0;ODUwIFNhbGFsYSBMb29w;;S2l0YWE=;371.0;MTA4MDA=;NDAzNDA0NzgwNjM5;20200215000000
185.0;NjgyIEdhcmRlbiBHcm92ZSBQbGFjZQ==;;VGVubmVzc2Vl;333.0;Njc0OTc=;NzIxMzYzMzAzNjI=;20200215000000
46.0;MTYzMiBCaXNsaWcgQXZlbnVl;;Tm9udGhhYnVyaQ==;394.0;NjExMTc=;NDcxNjc1ODQwNjc5;20200215000000
287.0;MTQwNSBDaGlzaW5hdSBQbGFjZQ==;;UG9uY2U=;411.0;ODE2MA==;NjI3ODE3MjUyODU=;20200215000000
67.0;MTIxNCBIYW5vaSBXYXk=;;TmVicmFza2E=;306.0;NjcwNTU=;NDkxMDAxMTM2NTc3;20200215000000
375.0;MTA0OSBNYXRhbW9yb3MgUGFya3dheQ==;;S2FybmF0YWth;191.0;Njk2NDA=;OTYwNTA1MjUwMzQw;20200215000000
115.0;MTM3OCBBbHZvcmFkYSBBdmVudWU=;;RGlzdHJpdG8gRmVkZXJhbA==;102.0;NzU4MzQ=;MjcyMjM0Mjk4MzMy;20200215000000
559.0;MTkxNyBLdW1iYWtvbmFtIFBhcmt3YXk=;;Vm9qdm9kaW5h;368.0;MTE4OTI=;Njk4MTgyNTQ3Njg2;20200215000000
386.0;MTM2OCBNYXJhY2FibyBCb3VsZXZhcmQ=;;;493.0;MzI3MTY=;OTM0MzUyNDE1MTMw;20200215000000
256.0;MTQ5NyBZdXpob3UgRHJpdmU=;;RW5nbGFuZA==;312.0;MzQzMw==;MjQ2ODEwMjM3OTE2;20200215000000
95.0;MTM3MCBMZSBNYW5zIEF2ZW51ZQ==;;QnJ1bmVpIGFuZCBNdWFyYQ==;53.0;NTIxNjM=;MzQ1Njc5ODM1MDM2;20200215000000
90.0;ODcwIEFzaHFlbG9uIExvb3A=;;U29uZ2tobGE=;489.0;ODQ5MzE=;MTM1MTE3Mjc4OTA5;20200215000000
314.0;MTIyNCBIdWVqdXRsYSBkZSBSZXllcyBCb3VsZXZhcmQ=;;TG9tYmFyZGlh;91.0;NzA5MjM=;ODA2MDE2OTMwNTc2;20200215000000
561.0;MTQ5NyBGZW5nc2hhbiBEcml2ZQ==;;S3dhWnVsdS1OYXRhbA==;112.0;NjMwMjI=;MzY4NzM4MzYwMzc2;20200215000000
564.0;NTA1IE1hZGl1biBCb3VsZXZhcmQ=;;RG9sbm9zbGFza2ll;577.0;OTcyNzE=;OTcwNjM4ODA4NjA2;20200215000000
168.0;ODQyIFNhbHpidXJnIExhbmU=;;QWRhbmE=;529.0;MzMxMw==;Njk3MTUxNDI4NzYw;20200215000000
246.0;MTI0NiBCb2tzYnVyZyBQYXJrd2F5;;SGViZWk=;422.0;MjgzNDk=;ODkwMjgzNTQ0Mjk1;20200215000000
380.0;MTUxOSBTYW50aWFnbyBkZSBsb3MgQ2FiYWxsZXJvcyBMb29w;;RWFzdCBLYXNhaQ==;348.0;MjIwMjU=;NDA5MzE1Mjk1NzYz;20200215000000
445.0;NDk1IEJoaW1hdmFyYW0gTGFuZQ==;;TWFoYXJhc2h0cmE=;144.0;Mw==;ODIwODg5Mzc3MjQ=;20200215000000
298.0;NDQgTmFqYWZhYmFkIFdheQ==;;QmFza2ltYWE=;146.0;NjEzOTE=;OTY2MDQ4MjEwNzA=;20200215000000
76.0;ODkgQWxsYXBwdXpoYSAoQWxsZXBwZXkpIE1hbm9y;;TmF0aW9uYWwgQ2FwaXRhbCBSZWc=;517.0;NzU0NDQ=;MjU1ODAwNDQwNjM2;20200215000000
221.0;ODY2IFNoaXZhcHVyaSBNYW5vcg==;;VXR0YXIgUHJhZGVzaA==;448.0;MjI0NzQ=;Nzc4NTAyNzMxMDky;20200215000000
240.0;MTQ3OSBSdXN0ZW5idXJnIEJvdWxldmFyZA==;;U291dGhlcm4gVGFnYWxvZw==;527.0;MTg3Mjc=;NzI3Nzg1NDgzMTk0;20200215000000
396.0;NzY3IFB5b25neWFuZyBEcml2ZQ==;;T3Nha2E=;229.0;ODM1MzY=;NjY3NzM2MTI0NzY5;20200215000000
153.0;NzgyIE1vc3VsIFN0cmVldA==;;TWFzc2FjaHVzZXR0cw==;94.0;MjU1NDU=;ODg1ODk5NzAzNjIx;20200215000000
574.0;NTAyIE1hbmRpIEJhaGF1ZGRpbiBQYXJrd2F5;;QW56b3RlZ3Vp;55.0;MTU5OTI=;NjE4MTU2NzIyNTcy;20200215000000
235.0;OTU0IEtpbWNob24gUGxhY2U=;;V2VzdCBCZW5nYWxp;559.0;NDI0MjA=;NTQxMzI3NTI2NDc0;20200215000000
487.0;MTc4NSBTbyBCZXJuYXJkbyBkbyBDYW1wbyBTdHJlZXQ=;;VmVyYWNydXo=;125.0;NzExODI=;Njg0NTI5NDYzMjQ0;20200215000000
549.0;NDU0IFFpbmh1YW5nZGFvIERyaXZl;;VGFkbGEtQXppbGFs;68.0;MjU4NjY=;Nzg2MjcwMDM2MjQw;20200215000000
134.0;NzU4IEp1bmFuIExhbmU=;;R29pcw==;190.0;ODI2Mzk=;OTM1NDQ4NjI0MTg1;20200215000000
577.0;MTUwMSBQYW5na2FsIFBpbmFuZyBBdmVudWU=;;TWF6b3dpZWNraWU=;409.0;OTQz;NzcwODY0MDYyNzk1;20200215000000
479.0;MTg1NCBPa2FyYSBCb3VsZXZhcmQ=;;RHJlbnRoZQ==;158.0;NDIxMjM=;MTMxOTEyNzkzODcz;20200215000000
475.0;NDM0IE91cmVuc2UgKE9yZW5zZSkgTWFub3I=;;SG9kZWlkYQ==;206.0;MTQxMjI=;NTYyMzcwMTM3NDI2;20200215000000
569.0;MTM0MiBBYmhhIEJvdWxldmFyZA==;;QnVrYXJlc3Q=;95.0;MTA3MTQ=;OTk3NDUzNjA3MTE2;20200215000000
21.0;MjcwIFRvdWxvbiBCb3VsZXZhcmQ=;;S2FsbXlraWE=;156.0;ODE3NjY=;NDA3NzUyNDE0Njgy;20200215000000
389.0;NTAwIExpbmNvbG4gUGFya3dheQ==;;SmlhbmdzdQ==;210.0;OTU1MDk=;NTUwMzA2OTY1MTU5;20200215000000
264.0;MTAyNyBCYW5qdWwgUGxhY2U=;;V2VzdCBCZW5nYWxp;197.0;NTAzOTA=;NTM4MjQxMDM3NDQz;20200215000000
163.0;MTQ0MCBDb21wdG9uIFBsYWNl;;Tm9ydGggQXVzdHJpYQ==;307.0;ODEwMzc=;OTMxMDU5ODM2NDk3;20200215000000
288.0;MjI2IEhhbGlmYXggU3RyZWV0;;WGlueGlhbmc=;277.0;NTg0OTI=;NzkwNjUxMDIwOTI5;20200215000000
282.0;NTU2IEJheWJheSBNYW5vcg==;;T3lvICYgT3N1bg==;374.0;NTU4MDI=;MzYzOTgyMjI0NzM5;20200215000000
544.0;MTgzIEhhaXBob25nIFN0cmVldA==;;SmlsaW4=;46.0;Njk5NTM=;NDg4NjAwMjcwMDM4;20200215000000
322.0;MTM1OSBaaG91c2hhbiBQYXJrd2F5;;U3RyZXltb3lhcg==;545.0;Mjk3NjM=;NDY1NjgwNDUzNjc=;20200215000000
349.0;MTUxNiBFc2NvYmFyIERyaXZl;;VG9uZ2F0YXB1;370.0;NDYwNjk=;NjQ1MzYwNjkzNzE=;20200215000000
142.0;MTU4NyBTdWxsYW5hIExhbmU=;;SW5uZXIgTW9uZ29saWE=;207.0;ODU3Njk=;NDY4MDYwNDY3MDE4;20200215000000
283.0;NDU3IFRvbmdsaWFvIExvb3A=;;QnVyc2E=;222.0;NTYyNTQ=;ODgwNzU2MTYxODIz;20200215000000
61.0;OTQzIFRva2F0IFN0cmVldA==;;VmFkdXo=;560.0;NDU0Mjg=;ODg5MzE4OTYzNjcy;20200215000000
189.0;OTI3IEJhcmNlbG9uYSBTdHJlZXQ=;;Q2hhaGFybWFoYWwgdmEgQmFraHQ=;467.0;NjUxMjE=;OTUxNDg2NDkyNjcw;20200215000000
473.0;MTI1NyBHdWFkYWxhamFyYSBTdHJlZXQ=;;S2FybmF0YWth;78.0;MzM1OTk=;MTk1MzM3NzAwNjE1;20200215000000
590.0;MjQ3IEppbmluZyBQYXJrd2F5;;QmFuanVs;54.0;NTM0NDY=;MTcwMTE1Mzc5MTkw;20200215000000
139.0;OTQzIEpvaGFubmVzYnVyZyBBdmVudWU=;;TWFoYXJhc2h0cmE=;417.0;NTg5Mg==;OTA5MjEwMDMwMDU=;20200215000000
469.0;MTg3MiBUb3Vsb24gTG9vcA==;;T0hpZ2dpbnM=;428.0;NzkzOQ==;OTI4ODA5NDY1MTUz;20200215000000
56.0;OTM5IFByb2JvbGluZ2dvIExvb3A=;;R2FsaWNpYQ==;1.0;NDE2Ng==;NjgwNDI4MzEwMTM4;20200215000000
343.0;MTQ0MyBNYXJkYW4gU3RyZWV0;;V2VzdGVybiBDYXBl;392.0;MzE0ODM=;MjMxMzgzMDM3NDcx;20200215000000
558.0;OTA0IENsYXJrc3ZpbGxlIERyaXZl;;Wmhlamlhbmc=;193.0;NTIyMzQ=;OTU1MzQ5NDQwNTM5;20200215000000
149.0;OTk5IFNhbmFhIExvb3A=;;R2F1dGVuZw==;491.0;MzQzOQ==;OTE4MDMyMzMwMTE5;20200215000000
463.0;OTM1IEFkZW4gQm91bGV2YXJk;;Q2VudHJhbCBKYXZh;532.0;NjQ3MDk=;MzM1MDUyNTQ0MDIw;20200215000000
2.0;MjggTXlTUUwgQm91bGV2YXJk;<!NULL!>;UUxE;576.0;;;20200215000000
368.0;MTY1OCBKYXN0cnplYmllLVpkcmogTG9vcA==;;Q2VudHJhbA==;372.0;OTY1ODQ=;NTY4MzY3Nzc1NDQ4;20200215000000
345.0;NjggUG9uY2UgUGFya3dheQ==;;SGFub2k=;201.0;ODU5MjY=;ODcwNjM1MTI3ODEy;20200215000000
128.0;ODQ4IFRhZnVuYSBNYW5vcg==;;S3RhaHlh;281.0;NDUxNDI=;NjE0OTM1MjI5MDk1;20200215000000
248.0;NTgyIFBhcGVldGUgTG9vcA==;;Q2VudHJhbCBWaXNheWFz;294.0;Mjc3MjI=;NTY5ODY4NTQzMTM3;20200215000000
565.0;MTc0MSBIb3NoaWFycHVyIEJvdWxldmFyZA==;;YWwtU2hhcnFpeWE=;79.0;MjIzNzI=;ODU1MDY2MzI4NjE3;20200215000000
515.0;ODg2IFRvbmdoYWUgUGxhY2U=;;Vm9sZ29ncmFk;259.0;MTk0NTA=;NzExOTI4MzQ4MTU3;20200215000000
589.0;MTU4NCBManViZXJ0c3kgTGFuZQ==;;RW5nbGFuZA==;494.0;MjI5NTQ=;Mjg1NzEwMDg5NDM5;20200215000000
366.0;MTE0IEphbGliIGFsLVNodXl1a2ggTWFub3I=;;Q2VudHJl;585.0;NjA0NDA=;ODQ1Mzc4NjU3MzAx;20200215000000
427.0;MTU1NyBDYXBlIENvcmFsIFBhcmt3YXk=;;SHViZWk=;293.0;NDY4NzU=;MzY4Mjg0MTIwNDIz;20200215000000
416.0;MTQ0NSBDYXJtZW4gUGFya3dheQ==;;V2VzdCBKYXZh;117.0;NzA4MDk=;NTk4OTEyMzk0NDYz;20200215000000
562.0;ODY5IFNoaWthcnB1ciBXYXk=;;RW5nbGFuZA==;496.0;NTczODA=;NTkwNzY0MjU2Nzg1;20200215000000
514.0;MTc0NyBSdXN0ZW5idXJnIFBsYWNl;;QmloYXI=;110.0;NTEzNjk=;NDQyNjczOTIzMzYz;20200215000000
585.0;MTIwOCBUYW1hIExvb3A=;;TmluYXdh;344.0;NzM2MDU=;OTU0Nzg2MDU0MTQ0;20200215000000
31.0;MjE3IEJvdHNoYWJlbG8gUGxhY2U=;;U291dGhlcm4gTWluZGFuYW8=;138.0;NDk1MjE=;NjY1MzU2NTcyMDI1;20200215000000
513.0;NzU4IEtvcm9sZXYgUGFya3dheQ==;;QW5kaHJhIFByYWRlc2g=;568.0;NzU0NzQ=;NDQxNjI4MjgwOTIw;20200215000000
16.0;ODA4IEJob3BhbCBNYW5vcg==;;SGFyeWFuYQ==;582.0;MTA2NzI=;NDY1ODg3ODA3MDE0;20200215000000
25.0;MjYyIEEgQ29ydWEgKExhIENvcnVhKSBQYXJrd2F5;;RGhha2E=;525.0;MzQ0MTg=;ODkyNzc1NzUwMDYz;20200215000000
552.0;MzkwIFdyb2NsYXcgV2F5;;SGFpbmFu;462.0;NTc1Mw==;MzU3NTkzMzI4NjU4;20200215000000
408.0;OTkwIEV0YXdhaCBMb29w;;VGFtaWwgTmFkdQ==;564.0;Nzk5NDA=;MjA2MTY5NDQ4NzY5;20200215000000
485.0;OTg0IE5vdm90ZXJrYXNzayBMb29w;;R2F6aWFudGVw;180.0;MjgxNjU=;NDM1MTE4NTI3MjU1;20200215000000
576.0;MTM1MSBTb3Vzc2UgTGFuZQ==;;Q29haHVpbGEgZGUgWmFyYWdvemE=;341.0;Mzc4MTU=;MjAzODA0MDQ2MTMy;20200215000000
440.0;NzIyIEJyYWRmb3JkIExhbmU=;;U2hhbmRvbmc=;249.0;OTA5MjA=;NzQ2MjUxMzM4MzAw;20200215000000
538.0;MTgxNyBMaXZvcm5vIFdheQ==;;S2hhbmggSG9h;100.0;Nzk0MDE=;NDc4MzgwMjA4MzQ4;20200215000000
318.0;MTc3NCBZYW91bmQgUGxhY2U=;;SHViZWk=;166.0;OTE0MDA=;NjEzMTI0Mjg2ODY3;20200215000000
118.0;NDQyIFJhZSBCYXJlbGkgUGxhY2U=;;Tm9yZHJoZWluLVdlc3RmYWxlbg==;148.0;MjQzMjE=;ODg2NjM2NDEzNzY4;20200215000000
550.0;MTcxNSBPa2F5YW1hIFN0cmVldA==;;U28gUGF1bG8=;485.0;NTU2NzY=;MTY5MzUyOTE5MTc1;20200215000000
384.0;OTcgTW9naWxqb3YgTGFuZQ==;;R3VqYXJhdA==;73.0;ODkyOTQ=;OTI0ODE1MjA3MTgx;20200215000000
467.0;MTYyMSBUb25nbGlhbyBBdmVudWU=;;SXJrdXRzaw==;558.0;MjIxNzM=;MjA5MzQyNTQwMjQ3;20200215000000
430.0;MzU1IFZpdHJpYSBkZSBTYW50byBBbnRvIFdheQ==;;T2F4YWNh;452.0;ODE3NTg=;NTQ4MDAzODQ5NTUy;20200215000000
40.0;MzM0IE11bmdlciAoTW9uZ2h5cikgTGFuZQ==;;TWFya2F6aQ==;31.0;MzgxNDU=;NDgxMTgzMjczNjIy;20200215000000
595.0;MTA3NCBTYW5hYSBQYXJrd2F5;;TG9qYQ==;311.0;MjI0NzQ=;MTU0MTI0MTI4NDU3;20200215000000
496.0;Nzc1IG9zdGthIERyaXZl;;YWwtRGFxYWhsaXlh;337.0;MjIzNTg=;MTcxOTczMDI0NDAx;20200215000000
201.0;ODE3IEJyYWRmb3JkIExvb3A=;;SmlhbmdzdQ==;109.0;ODk0NTk=;MjY0Mjg2NDQyODA0;20200215000000
64.0;ODEgSG9kZWlkYSBXYXk=;;UmFqYXN0aGFu;231.0;NTU1NjE=;MjUwNzY3NzQ5NTQy;20200215000000
86.0;OTI3IEJhaGEgQmxhbmNhIFBhcmt3YXk=;;S3JpbQ==;479.0;OTQ5NQ==;ODIxOTcyMjQyMDg2;20200215000000
80.0;NjAyIFBhYXJsIFN0cmVldA==;;UGF2bG9kYXI=;402.0;OTg4ODk=;ODk2MzE0NzcyODcx;20200215000000
566.0;MTIyOSBWYXJhbmFzaSAoQmVuYXJlcykgTWFub3I=;;QnVlbm9zIEFpcmVz;43.0;NDAxOTU=;ODE3NzQwMzU1NDYx;20200215000000
302.0;OTIyIFZpbGEgVmVsaGEgTG9vcA==;;TWFoYXJhc2h0cmE=;9.0;NDA4NQ==;NTEwNzM3MjI4MDE1;20200215000000
188.0;NzQxIEFtYmF0dHVyIE1hbm9y;;Tm9vcmQtQnJhYmFudA==;438.0;NDMzMTA=;MzAyNTkwMzgzODE5;20200215000000
457.0;NTM1IEFobWFkbmFnYXIgTWFub3I=;;QWJ1IERoYWJp;3.0;NDExMzY=;OTg1MTA5Nzc1NTg0;20200215000000
455.0;MTk0NyBQYWFybCBXYXk=;;Q2VudHJhbCBKYXZh;509.0;MjM2MzY=;ODM0MDYxMDE2MjAy;20200215000000
224.0;MTg0MiBMdXppbmlhIEJvdWxldmFyZA==;;WmFuemliYXIgV2VzdA==;593.0;OTQ0MjA=;NzA2ODc4OTc0ODMx;20200215000000
438.0;NTk2IEh1aXhxdWlsdWNhbiBQbGFjZQ==;;TmFtcHVsYQ==;351.0;NjU4OTI=;MzQyNzA5MzQ4MDgz;20200215000000
313.0;MTE5MSBTdW5nYWkgUGV0YW5pIEJvdWxldmFyZA==;;TWlzc291cmk=;262.0;OTY2OA==;OTgzMjU5ODE5NzY2;20200215000000
340.0;NTA3IFNtb2xlbnNrIExvb3A=;;U291c3Nl;492.0;MjI5NzE=;ODAzMDMyNDYxOTI=;20200215000000
512.0;MTI2OSBJcG9oIEF2ZW51ZQ==;;RXNraXNlaGly;163.0;NTQ2NzQ=;NDAyNjMwMTA5MDgw;20200215000000
175.0;MzE2IFVydWFwYW4gU3RyZWV0;;UGVyYWs=;223.0;NTgxOTQ=;Mjc1Nzg4OTY3ODk5;20200215000000
454.0;OTU2IE5hbSBEaW5oIE1hbm9y;;S2VybWFu;481.0;MjE4NzI=;NDc0MDQ3NzI3NzI3;20200215000000
140.0;Nzg4IEF0aW5zayBTdHJlZXQ=;;S2FybmF0YWth;211.0;ODE2OTE=;MTQ2NDk3NTA5NzI0;20200215000000
329.0;ODY3IEJlbmluIENpdHkgQXZlbnVl;;SGVuYW4=;591.0;Nzg1NDM=;MTY4ODg0ODE3MTQ1;20200215000000
203.0;MTE0OSBBIENvcnVhIChMYSBDb3J1YSkgQm91bGV2YXJk;;SGFpcGhvbmc=;194.0;OTU4MjQ=;NDcwODg0MTQxMTk1;20200215000000
403.0;MTE5MCAwIFBsYWNl;;UmlvIEdyYW5kZSBkbyBTdWw=;44.0;MTA0MTc=;ODQxODc2NTE0Nzg5;20200215000000
127.0;MTE3IEJvYSBWaXN0YSBXYXk=;;VXR0YXIgUHJhZGVzaA==;566.0;NjgwNA==;Njc3OTc2MTMzNjE0;20200215000000
253.0;MTc2MCBPc2hhd2EgTWFub3I=;;VGlhbmppbg==;535.0;MzgxNDA=;NTYyNTc1MDIyNTA=;20200215000000
48.0;MTk5OCBIYWxpZmF4IERyaXZl;;TGlwZXRzaw==;308.0;NzYwMjI=;MTc3NzI3NzIyODIw;20200215000000
548.0;MTY1OCBDdW1hbiBMb29w;;U3VtYXRlcmEgU2VsYXRhbg==;396.0;NTEzMDk=;Nzg0OTA3MzM1NjEw;20200215000000
136.0;ODk4IEJlbG0gTWFub3I=;;RnJlZSBTdGF0ZQ==;87.0;NDk3NTc=;NzA3MTY5MzkzODUz;20200215000000
