id;fio;phone;address;infos
750.0;THJoZiBOeW11;KDU0MCkgNTAzLTM4Njg=;NyBIZXJtaXN0b24gR2FyZGVucw==;<!NULL!>
3039.0;RXJwd3NwIER6Zg==;KDAxNSkgNzUyLTAyMTA=;MTYgSXNsYW5kIERyaXZl;<!NULL!>
372.0;TW11YmViIExkaHRhYnk=;KDIwNykgODE1LTc2ODE=;NSBFYXN0IDc0dGggQ291cnQ=;<!NULL!>
923.0;RWlveiBRbW5mcHJtbg==;KDk4NykgOTY2LTEyNjM=;Mjk2NiBUb3J3b29kIExhbmU=;<!NULL!>
3536.0;VGR5cGNsZWVoIEV5bndoeHZhZmZ2;KDUyNCkgNzc1LTkyMzE=;NTExMCBSZW5uaWUgUm9hZA==;<!NULL!>
3241.0;TGt4dnIgVGVnZ2NmZWhudHE=;KDYxMikgOTY0LTQ3Njc=;MTEgT3ZlcmNyb3kgUm9hZA==;<!NULL!>
2516.0;R2NsIE9td25jcWJhcml2;KDkzOCkgMTI1LTc2MDA=;OSBKYW1lcyBTdHJlZXQ=;<!NULL!>
1171.0;UWNqYSBWYmhoZnp1aXI=;KDYzNikgMTMwLTI3NTU=;MiBNb3VudCBWZXJub24gQXZlbnVl;<!NULL!>
1101.0;VWtjZG9zdHcgRGtwcmx2;KDM3OSkgMDcwLTcxMTI=;NDIgRHVuZHl2YW4gR2FyZGVucw==;<!NULL!>
3960.0;WHJmIEdoaXV1d3FlcA==;KDM0NSkgMTY3LTI1OTQ=;MDkwIFRlcnJhY2UgSGlsbHMgRHJpdmU=;<!NULL!>
3010.0;UGxzIER1dmJhZmRnYWxt;KDAwNikgNTk0LTg1MzI=;NyBNIENvdXJ0;<!NULL!>
3410.0;UWpwdnVxIERmdGU=;KDE0MSkgMTkwLTM0MDQ=;MzU3MyBLbHV0aW5hIENpcmNsZQ==;<!NULL!>
3357.0;TWxpIFJ5a21mZmdt;KDc3OSkgMzM5LTc5MjI=;MCBCcmlkbGUgTGFuZQ==;<!NULL!>
693.0;VnpjIEdjc3dtam1naQ==;KDEwMSkgOTgyLTYwMjA=;NTEyNCBSYWVib2cgUm9hZA==;<!NULL!>
3932.0;S3R2dmVjIEJsYg==;KDkxMikgMTA4LTYwNjI=;NTkzNyBNYyBSYWUgUm9hZA==;<!NULL!>
3645.0;RGJra3NwcXVmIEFpcnVwZHpzYnRv;KDQ4MCkgMTkzLTcwNDM=;OTUwNiBCcmFuZGlseW4gQ2lyY2xl;<!NULL!>
2546.0;RXdpIEhlc3Vneg==;KDkyNikgODc4LTkyNDc=;NDMxIFNjaGFmZiBEcml2ZQ==;<!NULL!>
3797.0;UW1uc2ZsbHFwIFpqaXF5cGR5;KDE2OSkgMDIzLTYyMDA=;MTUgTmV3ZWxsIFN0cmVldA==;<!NULL!>
2742.0;UXZtdHBnc3ZtIFp1d3Nydw==;KDQ4MykgNTIyLTY0Nzc=;OTQwIEFJSWFuIEdyb3Zl;<!NULL!>
301.0;UHJxcSBLaml5;KDc0NCkgNDcwLTU4ODg=;Nzc1MCBCYXJyaWUgU3RyZWV0;<!NULL!>
145.0;UGpkIFJhaHR6Znpr;KDIzNykgNDA2LTg3Njg=;MDEwIEthdHJpbmUgUm9hZA==;<!NULL!>
1776.0;TWptbCBEeHNxZWlxcm9leQ==;KDM0NikgMTk2LTM0NTY=;MDIwIEtlbnNpbmd0b24gRHJpdmU=;<!NULL!>
2317.0;V3dpd3ZkYyBFY2hmZ3g=;KDE2OSkgMzU3LTM5NDM=;OTgwIEJJYWNrIFN0cmVldA==;<!NULL!>
3213.0;R3JudCBEaWw=;KDU2OCkgMTA3LTM5Nzc=;OCBDcmFpZ3NpZGUgQ291cnQ=;<!NULL!>
1130.0;UHNobmkgUGRwb2ZkZGdjZmw=;KDg1NykgMjkxLTE0ODM=;MDkzNSBHcmVlbmJyaWFyIEF2ZW51ZQ==;<!NULL!>
3430.0;RG1ybG9qcHBzIEV6dHV4bGhn;KDc3MykgMzU5LTQzOTA=;NyBXZXN0IDkwdGggQ291cnQ=;<!NULL!>
734.0;RGJoIE5qc2Zwanp0bQ==;KDUzNSkgODUwLTM0NjE=;MDcgTHVwaW4gRHJpdmU=;<!NULL!>
2824.0;V2RxeWtqYmggRmduc24=;KDEwNykgNDAyLTk2MzE=;NyBEYW5kZWxpb24gV2luZSBDaXJjbGU=;<!NULL!>
773.0;RWx6ZW5paGxoIFlldmZvbWlp;KDU0OCkgNTY1LTk3NTc=;MTA1NiBSaWRnZXdvb2QgQ2lyY2xl;<!NULL!>
1441.0;RmdpcnZqbXlqIFhhYnN4d3l2aGE=;KDE2MCkgODY2LTgzOTk=;MSBCZXJ3aWNrIFBJYWNl;<!NULL!>
797.0;UWRleHNjcCBFa2c=;KDk4MSkgMTM4LTEzMzM=;OTUxIE5ldGhlcmRhbGUgQ3Jlc2NlbnQ=;<!NULL!>
2835.0;QnFrZGtudiBQeWlqZWtocw==;KDg3NikgNjA1LTU2ODk=;Njk2IFdvb2Rtb250IERyaXZl;<!NULL!>
3496.0;QXh6dW5qeGhsIE5vcndhcml4YWI=;KDkxMikgMDkwLTM1MTI=;NDc5NSBSZWR0b3AgQ2lyY2xl;<!NULL!>
3414.0;VWJkciBFbnB2andl;KDg4MSkgMTUxLTE5MDc=;MjcgV2FsbnV0IFBJYWNl;<!NULL!>
1049.0;SGFkbHhxcyBFZ2Jm;KDQ4OSkgMzcxLTE1NDc=;NyBDYXJpYm91IEF2ZW51ZQ==;<!NULL!>
3634.0;V3dobGVmIFR6dGdqZHh5aQ==;KDI3NikgNDc2LTMxNzE=;OTMwIENvc21vcyBEcml2ZQ==;<!NULL!>
2747.0;RnpwY3l1ZW9kIEF5ZA==;KDAwMSkgOTAwLTMyOTQ=;MSBBSWRlcnN5ZGUgVGVycmFjZQ==;<!NULL!>
655.0;WWZwZSBDbHdvaWh2;KDczOSkgMTk5LTc2Mjk=;Mzc4IFJhdmVuIFN0cmVldA==;<!NULL!>
3026.0;SWNtendkeW8gVWp2bXJsYg==;KDk2NykgNzQ3LTc5OTY=;MDI1IEhhcmljb3QgRHJpdmU=;<!NULL!>
1642.0;QW5oZiBNaGNhc2Vq;KDU1MCkgOTQ0LTQ5OTA=;NzkyIExvc3QgQ2lyY2xl;<!NULL!>
2059.0;VGd5eXhodmxhIEthZg==;KDc4NSkgMTM4LTQ5MDQ=;NDk2NSBMb25nb3JpYSBDaXJjbGU=;<!NULL!>
3697.0;TGtpZGx5IEVlZHFzaw==;KDM1NSkgMDU0LTQyMDc=;MyBIYXJib3IgTGFuZGluZyBDaXJjbGU=;<!NULL!>
3515.0;VGl2a2Zua2NlIElvcXVzdg==;KDg2MykgNDkwLTY2NTY=;NTMxIEFJSWFuYmFuayBTdHJlZXQ=;<!NULL!>
2781.0;Um1mYiBJbXN2;KDYzMCkgNjIwLTc1NjA=;NDI4NSBCSXVlYmVsSSBHYXJkZW5z;<!NULL!>
3330.0;RGZid2p0Z20gTGV4Zw==;KDg5MikgNjI4LTk3NTU=;NzI5NSBMYW5nc2lkZSBBdmVudWU=;<!NULL!>
2921.0;Wndjenh3bCBId3VjZm5ta3diZQ==;KDEyNikgMzQyLTgwNDE=;NTI1NSBTY2huZWl0ZXIgRHJpdmU=;<!NULL!>
2768.0;TXlwIFhiYm5xbGg=;KDAxNykgNzM0LTczMzc=;NzAgSGFtbW9uZCBBdmVudWU=;<!NULL!>
2769.0;Tnh5cWt6dWcgT2Rma3duYWxu;KDMwNSkgNTg2LTgyODk=;NSBDZXJ2aW4gQ2lyY2xl;<!NULL!>
3077.0;VWVxemZhemd3IFVhcHFwbW5o;KDY4MikgODIxLTkyMjE=;MjQ2NyBNY1BoYWlJIEF2ZW51ZQ==;<!NULL!>
2799.0;TWx2dnhiZXcgUnR5bWluZGhmag==;KDkyNykgNzg2LTIzNDA=;MiBHZWJoYXJ0IERyaXZl;<!NULL!>
