customer_id;store_id;first_name;last_name;email;address_id;activebool;create_date;last_update;active
499.0;2.0;TUFSQw==;T1VUTEFX;TUFSQy5PVVRMQVdAc2FraWxhY3VzdG9tZXIub3Jn;504.0;true;20200214000000;20200215000000;1.0
508.0;2.0;TUlMVE9O;SE9XTEFORA==;TUlMVE9OLkhPV0xBTkRAc2FraWxhY3VzdG9tZXIub3Jn;513.0;true;20200214000000;20200215000000;1.0
167.0;2.0;U0FMTFk=;UElFUkNF;U0FMTFkuUElFUkNFQHNha2lsYWN1c3RvbWVyLm9yZw==;171.0;true;20200214000000;20200215000000;1.0
173.0;1.0;QVVEUkVZ;UkFZ;QVVEUkVZLlJBWUBzYWtpbGFjdXN0b21lci5vcmc=;177.0;true;20200214000000;20200215000000;1.0
440.0;1.0;QkVSTkFSRA==;Q09MQlk=;QkVSTkFSRC5DT0xCWUBzYWtpbGFjdXN0b21lci5vcmc=;445.0;true;20200214000000;20200215000000;1.0
435.0;2.0;UklDS1k=;U0hFTEJZ;UklDS1kuU0hFTEJZQHNha2lsYWN1c3RvbWVyLm9yZw==;440.0;true;20200214000000;20200215000000;1.0
255.0;2.0;SVJNQQ==;UEVBUlNPTg==;SVJNQS5QRUFSU09OQHNha2lsYWN1c3RvbWVyLm9yZw==;260.0;true;20200214000000;20200215000000;1.0
583.0;1.0;TUFSU0hBTEw=;VEhPUk4=;TUFSU0hBTEwuVEhPUk5Ac2FraWxhY3VzdG9tZXIub3Jn;589.0;true;20200214000000;20200215000000;1.0
421.0;1.0;TEVF;SEFXS1M=;TEVFLkhBV0tTQHNha2lsYWN1c3RvbWVyLm9yZw==;426.0;true;20200214000000;20200215000000;1.0
152.0;1.0;QUxJQ0lB;TUlMTFM=;QUxJQ0lBLk1JTExTQHNha2lsYWN1c3RvbWVyLm9yZw==;156.0;true;20200214000000;20200215000000;1.0
599.0;2.0;QVVTVElO;Q0lOVFJPTg==;QVVTVElOLkNJTlRST05Ac2FraWxhY3VzdG9tZXIub3Jn;605.0;true;20200214000000;20200215000000;1.0
393.0;1.0;UEhJTElQ;Q0FVU0VZ;UEhJTElQLkNBVVNFWUBzYWtpbGFjdXN0b21lci5vcmc=;398.0;true;20200214000000;20200215000000;1.0
569.0;2.0;REFWRQ==;R0FSRElORVI=;REFWRS5HQVJESU5FUkBzYWtpbGFjdXN0b21lci5vcmc=;575.0;true;20200214000000;20200215000000;1.0
151.0;2.0;TUVHQU4=;UEFMTUVS;TUVHQU4uUEFMTUVSQHNha2lsYWN1c3RvbWVyLm9yZw==;155.0;true;20200214000000;20200215000000;1.0
219.0;2.0;V0lMTElF;SE9XRUxM;V0lMTElFLkhPV0VMTEBzYWtpbGFjdXN0b21lci5vcmc=;223.0;true;20200214000000;20200215000000;1.0
192.0;1.0;TEFVUklF;TEFXUkVOQ0U=;TEFVUklFLkxBV1JFTkNFQHNha2lsYWN1c3RvbWVyLm9yZw==;196.0;true;20200214000000;20200215000000;1.0
589.0;1.0;VFJBQ1k=;SEVSUk1BTk4=;VFJBQ1kuSEVSUk1BTk5Ac2FraWxhY3VzdG9tZXIub3Jn;595.0;true;20200214000000;20200215000000;1.0
247.0;1.0;U1RFTExB;TU9SRU5P;U1RFTExBLk1PUkVOT0BzYWtpbGFjdXN0b21lci5vcmc=;251.0;true;20200214000000;20200215000000;1.0
511.0;1.0;Q0hFU1RFUg==;QkVOTkVS;Q0hFU1RFUi5CRU5ORVJAc2FraWxhY3VzdG9tZXIub3Jn;516.0;true;20200214000000;20200215000000;1.0
506.0;2.0;TEVTTElF;U0VXQVJE;TEVTTElFLlNFV0FSREBzYWtpbGFjdXN0b21lci5vcmc=;511.0;true;20200214000000;20200215000000;1.0
5.0;1.0;RUxJWkFCRVRI;QlJPV04=;RUxJWkFCRVRILkJST1dOQHNha2lsYWN1c3RvbWVyLm9yZw==;9.0;true;20200214000000;20200215000000;1.0
557.0;1.0;RkVMSVg=;R0FGRk5FWQ==;RkVMSVguR0FGRk5FWUBzYWtpbGFjdXN0b21lci5vcmc=;563.0;true;20200214000000;20200215000000;1.0
409.0;2.0;Uk9ETkVZ;TU9FTExFUg==;Uk9ETkVZLk1PRUxMRVJAc2FraWxhY3VzdG9tZXIub3Jn;414.0;true;20200214000000;20200215000000;1.0
232.0;2.0;Q09OU1RBTkNF;UkVJRA==;Q09OU1RBTkNFLlJFSURAc2FraWxhY3VzdG9tZXIub3Jn;236.0;true;20200214000000;20200215000000;1.0
566.0;1.0;Q0FTRVk=;TUVOQQ==;Q0FTRVkuTUVOQUBzYWtpbGFjdXN0b21lci5vcmc=;572.0;true;20200214000000;20200215000000;1.0
447.0;1.0;Q0xJRkZPUkQ=;Qk9XRU5T;Q0xJRkZPUkQuQk9XRU5TQHNha2lsYWN1c3RvbWVyLm9yZw==;452.0;true;20200214000000;20200215000000;1.0
544.0;2.0;Q09EWQ==;Tk9MRU4=;Q09EWS5OT0xFTkBzYWtpbGFjdXN0b21lci5vcmc=;550.0;true;20200214000000;20200215000000;1.0
459.0;1.0;VE9NTVk=;Q09MTEFaTw==;VE9NTVkuQ09MTEFaT0BzYWtpbGFjdXN0b21lci5vcmc=;464.0;true;20200214000000;20200215000000;1.0
134.0;1.0;RU1NQQ==;Qk9ZRA==;RU1NQS5CT1lEQHNha2lsYWN1c3RvbWVyLm9yZw==;138.0;true;20200214000000;20200215000000;1.0
286.0;1.0;VkVMTUE=;TFVDQVM=;VkVMTUEuTFVDQVNAc2FraWxhY3VzdG9tZXIub3Jn;291.0;true;20200214000000;20200215000000;1.0
411.0;1.0;Tk9STUFO;Q1VSUklFUg==;Tk9STUFOLkNVUlJJRVJAc2FraWxhY3VzdG9tZXIub3Jn;416.0;true;20200214000000;20200215000000;1.0
324.0;2.0;R0FSWQ==;Q09Z;R0FSWS5DT1lAc2FraWxhY3VzdG9tZXIub3Jn;329.0;true;20200214000000;20200215000000;1.0
387.0;2.0;SkVTU0U=;U0NISUxMSU5H;SkVTU0UuU0NISUxMSU5HQHNha2lsYWN1c3RvbWVyLm9yZw==;392.0;true;20200214000000;20200215000000;1.0
531.0;2.0;SkFNSUU=;V0FVR0g=;SkFNSUUuV0FVR0hAc2FraWxhY3VzdG9tZXIub3Jn;537.0;true;20200214000000;20200215000000;1.0
254.0;2.0;TUFYSU5F;U0lMVkE=;TUFYSU5FLlNJTFZBQHNha2lsYWN1c3RvbWVyLm9yZw==;259.0;true;20200214000000;20200215000000;1.0
585.0;1.0;UEVSUlk=;U1dBRkZPUkQ=;UEVSUlkuU1dBRkZPUkRAc2FraWxhY3VzdG9tZXIub3Jn;591.0;true;20200214000000;20200215000000;1.0
282.0;2.0;SkVOTlk=;Q0FTVFJP;SkVOTlkuQ0FTVFJPQHNha2lsYWN1c3RvbWVyLm9yZw==;287.0;true;20200214000000;20200215000000;1.0
228.0;2.0;QUxMSVNPTg==;U1RBTkxFWQ==;QUxMSVNPTi5TVEFOTEVZQHNha2lsYWN1c3RvbWVyLm9yZw==;232.0;true;20200214000000;20200215000000;1.0
371.0;1.0;QklMTFk=;UE9VTElO;QklMTFkuUE9VTElOQHNha2lsYWN1c3RvbWVyLm9yZw==;376.0;true;20200214000000;20200215000000;1.0
43.0;2.0;Q0hSSVNUSU5F;Uk9CRVJUUw==;Q0hSSVNUSU5FLlJPQkVSVFNAc2FraWxhY3VzdG9tZXIub3Jn;47.0;true;20200214000000;20200215000000;1.0
420.0;1.0;SkFDT0I=;TEFOQ0U=;SkFDT0IuTEFOQ0VAc2FraWxhY3VzdG9tZXIub3Jn;425.0;true;20200214000000;20200215000000;1.0
296.0;2.0;UkFNT05B;SEFMRQ==;UkFNT05BLkhBTEVAc2FraWxhY3VzdG9tZXIub3Jn;301.0;true;20200214000000;20200215000000;1.0
129.0;1.0;Q0FSUklF;UE9SVEVS;Q0FSUklFLlBPUlRFUkBzYWtpbGFjdXN0b21lci5vcmc=;133.0;true;20200214000000;20200215000000;1.0
89.0;1.0;SlVMSUE=;RkxPUkVT;SlVMSUEuRkxPUkVTQHNha2lsYWN1c3RvbWVyLm9yZw==;93.0;true;20200214000000;20200215000000;1.0
528.0;1.0;Q0xBVURF;SEVSWk9H;Q0xBVURFLkhFUlpPR0BzYWtpbGFjdXN0b21lci5vcmc=;534.0;true;20200214000000;20200215000000;1.0
386.0;1.0;VE9ERA==;VEFO;VE9ERC5UQU5Ac2FraWxhY3VzdG9tZXIub3Jn;391.0;true;20200214000000;20200215000000;1.0
56.0;1.0;R0xPUklB;Q09PSw==;R0xPUklBLkNPT0tAc2FraWxhY3VzdG9tZXIub3Jn;60.0;true;20200214000000;20200215000000;1.0
25.0;1.0;REVCT1JBSA==;V0FMS0VS;REVCT1JBSC5XQUxLRVJAc2FraWxhY3VzdG9tZXIub3Jn;29.0;true;20200214000000;20200215000000;1.0
498.0;1.0;R0VORQ==;U0FOQk9STg==;R0VORS5TQU5CT1JOQHNha2lsYWN1c3RvbWVyLm9yZw==;503.0;true;20200214000000;20200215000000;1.0
475.0;2.0;UEVEUk8=;Q0hFU1ROVVQ=;UEVEUk8uQ0hFU1ROVVRAc2FraWxhY3VzdG9tZXIub3Jn;480.0;true;20200214000000;20200215000000;1.0
346.0;1.0;QVJUSFVS;U0lNUEtJTlM=;QVJUSFVSLlNJTVBLSU5TQHNha2lsYWN1c3RvbWVyLm9yZw==;351.0;true;20200214000000;20200215000000;1.0
181.0;2.0;QU5B;QlJBRExFWQ==;QU5BLkJSQURMRVlAc2FraWxhY3VzdG9tZXIub3Jn;185.0;true;20200214000000;20200215000000;1.0
342.0;1.0;SEFST0xE;TUFSVElOTw==;SEFST0xELk1BUlRJTk9Ac2FraWxhY3VzdG9tZXIub3Jn;347.0;true;20200214000000;20200215000000;1.0
154.0;2.0;TUlDSEVMRQ==;R1JBTlQ=;TUlDSEVMRS5HUkFOVEBzYWtpbGFjdXN0b21lci5vcmc=;158.0;true;20200214000000;20200215000000;1.0
358.0;2.0;U0FNVUVM;TUFSTE9X;U0FNVUVMLk1BUkxPV0BzYWtpbGFjdXN0b21lci5vcmc=;363.0;true;20200214000000;20200215000000;1.0
208.0;1.0;TFVDWQ==;V0hFRUxFUg==;TFVDWS5XSEVFTEVSQHNha2lsYWN1c3RvbWVyLm9yZw==;212.0;true;20200214000000;20200215000000;1.0
248.0;1.0;Q0FST0xJTkU=;Qk9XTUFO;Q0FST0xJTkUuQk9XTUFOQHNha2lsYWN1c3RvbWVyLm9yZw==;252.0;true;20200214000000;20200215000000;1.0
79.0;1.0;UkFDSEVM;QkFSTkVT;UkFDSEVMLkJBUk5FU0BzYWtpbGFjdXN0b21lci5vcmc=;83.0;true;20200214000000;20200215000000;1.0
212.0;2.0;V0lMTUE=;UklDSEFSRFM=;V0lMTUEuUklDSEFSRFNAc2FraWxhY3VzdG9tZXIub3Jn;216.0;true;20200214000000;20200215000000;1.0
368.0;1.0;SEFSUlk=;QVJDRQ==;SEFSUlkuQVJDRUBzYWtpbGFjdXN0b21lci5vcmc=;373.0;true;20200214000000;20200215000000;0.0
127.0;2.0;RUxBSU5F;U1RFVkVOUw==;RUxBSU5FLlNURVZFTlNAc2FraWxhY3VzdG9tZXIub3Jn;131.0;true;20200214000000;20200215000000;1.0
400.0;2.0;QlJZQU4=;SEFSRElTT04=;QlJZQU4uSEFSRElTT05Ac2FraWxhY3VzdG9tZXIub3Jn;405.0;true;20200214000000;20200215000000;1.0
317.0;2.0;RURXQVJE;QkFVR0g=;RURXQVJELkJBVUdIQHNha2lsYWN1c3RvbWVyLm9yZw==;322.0;true;20200214000000;20200215000000;1.0
314.0;1.0;R0VPUkdF;TElOVE9O;R0VPUkdFLkxJTlRPTkBzYWtpbGFjdXN0b21lci5vcmc=;319.0;true;20200214000000;20200215000000;1.0
163.0;1.0;Q0FUSFk=;U1BFTkNFUg==;Q0FUSFkuU1BFTkNFUkBzYWtpbGFjdXN0b21lci5vcmc=;167.0;true;20200214000000;20200215000000;1.0
541.0;2.0;REFSUkVO;V0lOREhBTQ==;REFSUkVOLldJTkRIQU1Ac2FraWxhY3VzdG9tZXIub3Jn;547.0;true;20200214000000;20200215000000;1.0
535.0;1.0;SkFWSUVS;RUxST0Q=;SkFWSUVSLkVMUk9EQHNha2lsYWN1c3RvbWVyLm9yZw==;541.0;true;20200214000000;20200215000000;1.0
10.0;1.0;RE9ST1RIWQ==;VEFZTE9S;RE9ST1RIWS5UQVlMT1JAc2FraWxhY3VzdG9tZXIub3Jn;14.0;true;20200214000000;20200215000000;1.0
116.0;1.0;VklDVE9SSUE=;R0lCU09O;VklDVE9SSUEuR0lCU09OQHNha2lsYWN1c3RvbWVyLm9yZw==;120.0;true;20200214000000;20200215000000;1.0
123.0;2.0;U0hBTk5PTg==;RlJFRU1BTg==;U0hBTk5PTi5GUkVFTUFOQHNha2lsYWN1c3RvbWVyLm9yZw==;127.0;true;20200214000000;20200215000000;1.0
193.0;2.0;S0FUSUU=;RUxMSU9UVA==;S0FUSUUuRUxMSU9UVEBzYWtpbGFjdXN0b21lci5vcmc=;197.0;true;20200214000000;20200215000000;1.0
157.0;2.0;REFSTEVORQ==;Uk9TRQ==;REFSTEVORS5ST1NFQHNha2lsYWN1c3RvbWVyLm9yZw==;161.0;true;20200214000000;20200215000000;1.0
26.0;2.0;SkVTU0lDQQ==;SEFMTA==;SkVTU0lDQS5IQUxMQHNha2lsYWN1c3RvbWVyLm9yZw==;30.0;true;20200214000000;20200215000000;1.0
464.0;1.0;SkVST01F;S0VOWU9O;SkVST01FLktFTllPTkBzYWtpbGFjdXN0b21lci5vcmc=;469.0;true;20200214000000;20200215000000;1.0
327.0;2.0;TEFSUlk=;VEhSQVNIRVI=;TEFSUlkuVEhSQVNIRVJAc2FraWxhY3VzdG9tZXIub3Jn;332.0;true;20200214000000;20200215000000;1.0
335.0;1.0;R1JFR09SWQ==;TUFVTERJTg==;R1JFR09SWS5NQVVMRElOQHNha2lsYWN1c3RvbWVyLm9yZw==;340.0;true;20200214000000;20200215000000;1.0
138.0;1.0;SEFaRUw=;V0FSUkVO;SEFaRUwuV0FSUkVOQHNha2lsYWN1c3RvbWVyLm9yZw==;142.0;true;20200214000000;20200215000000;1.0
100.0;1.0;Uk9CSU4=;SEFZRVM=;Uk9CSU4uSEFZRVNAc2FraWxhY3VzdG9tZXIub3Jn;104.0;true;20200214000000;20200215000000;1.0
404.0;2.0;U1RBTkxFWQ==;U0NST0dHSU5T;U1RBTkxFWS5TQ1JPR0dJTlNAc2FraWxhY3VzdG9tZXIub3Jn;409.0;true;20200214000000;20200215000000;1.0
520.0;2.0;TUlUQ0hFTEw=;V0VTVE1PUkVMQU5E;TUlUQ0hFTEwuV0VTVE1PUkVMQU5EQHNha2lsYWN1c3RvbWVyLm9yZw==;526.0;true;20200214000000;20200215000000;1.0
512.0;1.0;Q0VDSUw=;VklORVM=;Q0VDSUwuVklORVNAc2FraWxhY3VzdG9tZXIub3Jn;517.0;true;20200214000000;20200215000000;1.0
81.0;1.0;QU5EUkVB;SEVOREVSU09O;QU5EUkVBLkhFTkRFUlNPTkBzYWtpbGFjdXN0b21lci5vcmc=;85.0;true;20200214000000;20200215000000;1.0
136.0;2.0;QU5JVEE=;TU9SQUxFUw==;QU5JVEEuTU9SQUxFU0BzYWtpbGFjdXN0b21lci5vcmc=;140.0;true;20200214000000;20200215000000;1.0
310.0;2.0;REFOSUVM;Q0FCUkFM;REFOSUVMLkNBQlJBTEBzYWtpbGFjdXN0b21lci5vcmc=;315.0;true;20200214000000;20200215000000;1.0
2.0;1.0;UEFUUklDSUE=;Sk9ITlNPTg==;UEFUUklDSUEuSk9ITlNPTkBzYWtpbGFjdXN0b21lci5vcmc=;6.0;true;20200214000000;20200215000000;1.0
424.0;2.0;S1lMRQ==;U1BVUkxPQ0s=;S1lMRS5TUFVSTE9DS0BzYWtpbGFjdXN0b21lci5vcmc=;429.0;true;20200214000000;20200215000000;1.0
196.0;1.0;QUxNQQ==;QVVTVElO;QUxNQS5BVVNUSU5Ac2FraWxhY3VzdG9tZXIub3Jn;200.0;true;20200214000000;20200215000000;1.0
273.0;2.0;UFJJU0NJTExB;TE9XRQ==;UFJJU0NJTExBLkxPV0VAc2FraWxhY3VzdG9tZXIub3Jn;278.0;true;20200214000000;20200215000000;1.0
83.0;1.0;TE9VSVNF;SkVOS0lOUw==;TE9VSVNFLkpFTktJTlNAc2FraWxhY3VzdG9tZXIub3Jn;87.0;true;20200214000000;20200215000000;1.0
209.0;2.0;VE9OWUE=;Q0hBUE1BTg==;VE9OWUEuQ0hBUE1BTkBzYWtpbGFjdXN0b21lci5vcmc=;213.0;true;20200214000000;20200215000000;1.0
598.0;1.0;V0FERQ==;REVMVkFMTEU=;V0FERS5ERUxWQUxMRUBzYWtpbGFjdXN0b21lci5vcmc=;604.0;true;20200214000000;20200215000000;1.0
144.0;1.0;Q0xBUkE=;U0hBVw==;Q0xBUkEuU0hBV0BzYWtpbGFjdXN0b21lci5vcmc=;148.0;true;20200214000000;20200215000000;1.0
532.0;2.0;TkVJTA==;UkVOTkVS;TkVJTC5SRU5ORVJAc2FraWxhY3VzdG9tZXIub3Jn;538.0;true;20200214000000;20200215000000;1.0
40.0;2.0;QU1BTkRB;Q0FSVEVS;QU1BTkRBLkNBUlRFUkBzYWtpbGFjdXN0b21lci5vcmc=;44.0;true;20200214000000;20200215000000;1.0
202.0;2.0;Q0FSTEE=;R1VUSUVSUkVa;Q0FSTEEuR1VUSUVSUkVaQHNha2lsYWN1c3RvbWVyLm9yZw==;206.0;true;20200214000000;20200215000000;1.0
242.0;1.0;R0xFTkRB;RlJBWklFUg==;R0xFTkRBLkZSQVpJRVJAc2FraWxhY3VzdG9tZXIub3Jn;246.0;true;20200214000000;20200215000000;1.0
539.0;1.0;TUFUSEVX;Qk9MSU4=;TUFUSEVXLkJPTElOQHNha2lsYWN1c3RvbWVyLm9yZw==;545.0;true;20200214000000;20200215000000;1.0
516.0;2.0;RUxNRVI=;Tk9F;RUxNRVIuTk9FQHNha2lsYWN1c3RvbWVyLm9yZw==;522.0;true;20200214000000;20200215000000;1.0
547.0;1.0;S1VSVA==;RU1NT05T;S1VSVC5FTU1PTlNAc2FraWxhY3VzdG9tZXIub3Jn;553.0;true;20200214000000;20200215000000;1.0
135.0;2.0;SlVBTklUQQ==;TUFTT04=;SlVBTklUQS5NQVNPTkBzYWtpbGFjdXN0b21lci5vcmc=;139.0;true;20200214000000;20200215000000;1.0
347.0;2.0;UllBTg==;U0FMSVNCVVJZ;UllBTi5TQUxJU0JVUllAc2FraWxhY3VzdG9tZXIub3Jn;352.0;true;20200214000000;20200215000000;1.0
166.0;1.0;TFlOTg==;UEFZTkU=;TFlOTi5QQVlORUBzYWtpbGFjdXN0b21lci5vcmc=;170.0;true;20200214000000;20200215000000;1.0
4.0;2.0;QkFSQkFSQQ==;Sk9ORVM=;QkFSQkFSQS5KT05FU0BzYWtpbGFjdXN0b21lci5vcmc=;8.0;true;20200214000000;20200215000000;1.0
221.0;1.0;QkVTU0lF;TU9SUklTT04=;QkVTU0lFLk1PUlJJU09OQHNha2lsYWN1c3RvbWVyLm9yZw==;225.0;true;20200214000000;20200215000000;1.0
294.0;2.0;U0hFTExZ;V0FUVFM=;U0hFTExZLldBVFRTQHNha2lsYWN1c3RvbWVyLm9yZw==;299.0;true;20200214000000;20200215000000;1.0
413.0;2.0;TUFSVklO;WUVF;TUFSVklOLllFRUBzYWtpbGFjdXN0b21lci5vcmc=;418.0;true;20200214000000;20200215000000;1.0
416.0;2.0;SkVGRkVSWQ==;UElOU09O;SkVGRkVSWS5QSU5TT05Ac2FraWxhY3VzdG9tZXIub3Jn;421.0;true;20200214000000;20200215000000;1.0
236.0;1.0;TUFSQ0lB;REVBTg==;TUFSQ0lBLkRFQU5Ac2FraWxhY3VzdG9tZXIub3Jn;240.0;true;20200214000000;20200215000000;1.0
309.0;1.0;Q0hSSVNUT1BIRVI=;R1JFQ08=;Q0hSSVNUT1BIRVIuR1JFQ09Ac2FraWxhY3VzdG9tZXIub3Jn;314.0;true;20200214000000;20200215000000;1.0
265.0;2.0;SkVOTklF;VEVSUlk=;SkVOTklFLlRFUlJZQHNha2lsYWN1c3RvbWVyLm9yZw==;270.0;true;20200214000000;20200215000000;1.0
19.0;1.0;UlVUSA==;TUFSVElORVo=;UlVUSC5NQVJUSU5FWkBzYWtpbGFjdXN0b21lci5vcmc=;23.0;true;20200214000000;20200215000000;1.0
367.0;1.0;QURBTQ==;R09PQ0g=;QURBTS5HT09DSEBzYWtpbGFjdXN0b21lci5vcmc=;372.0;true;20200214000000;20200215000000;1.0
399.0;1.0;REFOTlk=;SVNPTQ==;REFOTlkuSVNPTUBzYWtpbGFjdXN0b21lci5vcmc=;404.0;true;20200214000000;20200215000000;1.0
47.0;1.0;RlJBTkNFUw==;UEFSS0VS;RlJBTkNFUy5QQVJLRVJAc2FraWxhY3VzdG9tZXIub3Jn;51.0;true;20200214000000;20200215000000;1.0
487.0;2.0;SEVDVE9S;UE9JTkRFWFRFUg==;SEVDVE9SLlBPSU5ERVhURVJAc2FraWxhY3VzdG9tZXIub3Jn;492.0;true;20200214000000;20200215000000;1.0
190.0;2.0;WU9MQU5EQQ==;V0VBVkVS;WU9MQU5EQS5XRUFWRVJAc2FraWxhY3VzdG9tZXIub3Jn;194.0;true;20200214000000;20200215000000;1.0
479.0;1.0;WkFDSEFSWQ==;SElURQ==;WkFDSEFSWS5ISVRFQHNha2lsYWN1c3RvbWVyLm9yZw==;484.0;true;20200214000000;20200215000000;1.0
271.0;1.0;UEVOTlk=;TkVBTA==;UEVOTlkuTkVBTEBzYWtpbGFjdXN0b21lci5vcmc=;276.0;true;20200214000000;20200215000000;0.0
170.0;1.0;QkVBVFJJQ0U=;QVJOT0xE;QkVBVFJJQ0UuQVJOT0xEQHNha2lsYWN1c3RvbWVyLm9yZw==;174.0;true;20200214000000;20200215000000;1.0
503.0;1.0;QU5HRUw=;QkFSQ0xBWQ==;QU5HRUwuQkFSQ0xBWUBzYWtpbGFjdXN0b21lci5vcmc=;508.0;true;20200214000000;20200215000000;1.0
51.0;1.0;QUxJQ0U=;U1RFV0FSVA==;QUxJQ0UuU1RFV0FSVEBzYWtpbGFjdXN0b21lci5vcmc=;55.0;true;20200214000000;20200215000000;1.0
213.0;1.0;R0lOQQ==;V0lMTElBTVNPTg==;R0lOQS5XSUxMSUFNU09OQHNha2lsYWN1c3RvbWVyLm9yZw==;217.0;true;20200214000000;20200215000000;1.0
92.0;2.0;VElOQQ==;U0lNTU9OUw==;VElOQS5TSU1NT05TQHNha2lsYWN1c3RvbWVyLm9yZw==;96.0;true;20200214000000;20200215000000;1.0
292.0;2.0;TUlTVFk=;TEFNQkVSVA==;TUlTVFkuTEFNQkVSVEBzYWtpbGFjdXN0b21lci5vcmc=;297.0;true;20200214000000;20200215000000;1.0
277.0;2.0;T0xHQQ==;SklNRU5FWg==;T0xHQS5KSU1FTkVaQHNha2lsYWN1c3RvbWVyLm9yZw==;282.0;true;20200214000000;20200215000000;1.0
237.0;1.0;VEFOWUE=;R0lMQkVSVA==;VEFOWUEuR0lMQkVSVEBzYWtpbGFjdXN0b21lci5vcmc=;241.0;true;20200214000000;20200215000000;1.0
158.0;1.0;VkVST05JQ0E=;U1RPTkU=;VkVST05JQ0EuU1RPTkVAc2FraWxhY3VzdG9tZXIub3Jn;162.0;true;20200214000000;20200215000000;1.0
433.0;1.0;RE9O;Qk9ORQ==;RE9OLkJPTkVAc2FraWxhY3VzdG9tZXIub3Jn;438.0;true;20200214000000;20200215000000;1.0
106.0;1.0;Q09OTklF;V0FMTEFDRQ==;Q09OTklFLldBTExBQ0VAc2FraWxhY3VzdG9tZXIub3Jn;110.0;true;20200214000000;20200215000000;1.0
287.0;2.0;QkVDS1k=;TUlMRVM=;QkVDS1kuTUlMRVNAc2FraWxhY3VzdG9tZXIub3Jn;292.0;true;20200214000000;20200215000000;1.0
160.0;2.0;RVJJTg==;RFVOTg==;RVJJTi5EVU5OQHNha2lsYWN1c3RvbWVyLm9yZw==;164.0;true;20200214000000;20200215000000;1.0
574.0;2.0;SlVMSUFO;VkVTVA==;SlVMSUFOLlZFU1RAc2FraWxhY3VzdG9tZXIub3Jn;580.0;true;20200214000000;20200215000000;1.0
9.0;2.0;TUFSR0FSRVQ=;TU9PUkU=;TUFSR0FSRVQuTU9PUkVAc2FraWxhY3VzdG9tZXIub3Jn;13.0;true;20200214000000;20200215000000;1.0
319.0;2.0;Uk9OQUxE;V0VJTkVS;Uk9OQUxELldFSU5FUkBzYWtpbGFjdXN0b21lci5vcmc=;324.0;true;20200214000000;20200215000000;1.0
397.0;1.0;SklNTVk=;U0NIUkFERVI=;SklNTVkuU0NIUkFERVJAc2FraWxhY3VzdG9tZXIub3Jn;402.0;true;20200214000000;20200215000000;1.0
130.0;1.0;Q0hBUkxPVFRF;SFVOVEVS;Q0hBUkxPVFRFLkhVTlRFUkBzYWtpbGFjdXN0b21lci5vcmc=;134.0;true;20200214000000;20200215000000;1.0
451.0;1.0;SklN;UkVB;SklNLlJFQUBzYWtpbGFjdXN0b21lci5vcmc=;456.0;true;20200214000000;20200215000000;1.0
187.0;2.0;QlJJVFRBTlk=;UklMRVk=;QlJJVFRBTlkuUklMRVlAc2FraWxhY3VzdG9tZXIub3Jn;191.0;true;20200214000000;20200215000000;1.0
486.0;1.0;R0xFTg==;VEFMQkVSVA==;R0xFTi5UQUxCRVJUQHNha2lsYWN1c3RvbWVyLm9yZw==;491.0;true;20200214000000;20200215000000;1.0
59.0;1.0;Q0hFUllM;TVVSUEhZ;Q0hFUllMLk1VUlBIWUBzYWtpbGFjdXN0b21lci5vcmc=;63.0;true;20200214000000;20200215000000;1.0
238.0;1.0;TkVMTElF;R0FSUkVUVA==;TkVMTElFLkdBUlJFVFRAc2FraWxhY3VzdG9tZXIub3Jn;242.0;true;20200214000000;20200215000000;1.0
305.0;1.0;UklDSEFSRA==;TUNDUkFSWQ==;UklDSEFSRC5NQ0NSQVJZQHNha2lsYWN1c3RvbWVyLm9yZw==;310.0;true;20200214000000;20200215000000;1.0
407.0;1.0;REFMRQ==;UkFUQ0xJRkY=;REFMRS5SQVRDTElGRkBzYWtpbGFjdXN0b21lci5vcmc=;412.0;true;20200214000000;20200215000000;1.0
418.0;2.0;SkVGRg==;RUFTVA==;SkVGRi5FQVNUQHNha2lsYWN1c3RvbWVyLm9yZw==;423.0;true;20200214000000;20200215000000;1.0
343.0;1.0;RE9VR0xBUw==;R1JBRg==;RE9VR0xBUy5HUkFGQHNha2lsYWN1c3RvbWVyLm9yZw==;348.0;true;20200214000000;20200215000000;1.0
259.0;2.0;TEVOQQ==;SkVOU0VO;TEVOQS5KRU5TRU5Ac2FraWxhY3VzdG9tZXIub3Jn;264.0;true;20200214000000;20200215000000;1.0
58.0;1.0;SkVBTg==;QkVMTA==;SkVBTi5CRUxMQHNha2lsYWN1c3RvbWVyLm9yZw==;62.0;true;20200214000000;20200215000000;1.0
101.0;1.0;UEVHR1k=;TVlFUlM=;UEVHR1kuTVlFUlNAc2FraWxhY3VzdG9tZXIub3Jn;105.0;true;20200214000000;20200215000000;1.0
332.0;1.0;U1RFUEhFTg==;UVVBTExT;U1RFUEhFTi5RVUFMTFNAc2FraWxhY3VzdG9tZXIub3Jn;337.0;true;20200214000000;20200215000000;1.0
258.0;1.0;TVlSVExF;RkxFTUlORw==;TVlSVExFLkZMRU1JTkdAc2FraWxhY3VzdG9tZXIub3Jn;263.0;true;20200214000000;20200215000000;1.0
256.0;2.0;TUFCRUw=;SE9MTEFORA==;TUFCRUwuSE9MTEFOREBzYWtpbGFjdXN0b21lci5vcmc=;261.0;true;20200214000000;20200215000000;1.0
408.0;1.0;TUFOVUVM;TVVSUkVMTA==;TUFOVUVMLk1VUlJFTExAc2FraWxhY3VzdG9tZXIub3Jn;413.0;true;20200214000000;20200215000000;1.0
104.0;1.0;UklUQQ==;R1JBSEFN;UklUQS5HUkFIQU1Ac2FraWxhY3VzdG9tZXIub3Jn;108.0;true;20200214000000;20200215000000;1.0
90.0;2.0;UlVCWQ==;V0FTSElOR1RPTg==;UlVCWS5XQVNISU5HVE9OQHNha2lsYWN1c3RvbWVyLm9yZw==;94.0;true;20200214000000;20200215000000;1.0
23.0;2.0;U0FSQUg=;TEVXSVM=;U0FSQUguTEVXSVNAc2FraWxhY3VzdG9tZXIub3Jn;27.0;true;20200214000000;20200215000000;1.0
108.0;1.0;VFJBQ1k=;Q09MRQ==;VFJBQ1kuQ09MRUBzYWtpbGFjdXN0b21lci5vcmc=;112.0;true;20200214000000;20200215000000;1.0
381.0;2.0;Qk9CQlk=;Qk9VRFJFQVU=;Qk9CQlkuQk9VRFJFQVVAc2FraWxhY3VzdG9tZXIub3Jn;386.0;true;20200214000000;20200215000000;1.0
37.0;1.0;UEFNRUxB;QkFLRVI=;UEFNRUxBLkJBS0VSQHNha2lsYWN1c3RvbWVyLm9yZw==;41.0;true;20200214000000;20200215000000;1.0
577.0;2.0;Q0xJRlRPTg==;TUFMQ09MTQ==;Q0xJRlRPTi5NQUxDT0xNQHNha2lsYWN1c3RvbWVyLm9yZw==;583.0;true;20200214000000;20200215000000;1.0
345.0;1.0;Q0FSTA==;QVJUSVM=;Q0FSTC5BUlRJU0BzYWtpbGFjdXN0b21lci5vcmc=;350.0;true;20200214000000;20200215000000;1.0
18.0;2.0;Q0FST0w=;R0FSQ0lB;Q0FST0wuR0FSQ0lBQHNha2lsYWN1c3RvbWVyLm9yZw==;22.0;true;20200214000000;20200215000000;1.0
220.0;2.0;Q0hBUkxFTkU=;QUxWQVJFWg==;Q0hBUkxFTkUuQUxWQVJFWkBzYWtpbGFjdXN0b21lci5vcmc=;224.0;true;20200214000000;20200215000000;1.0
491.0;2.0;UklDSw==;TUFUVE9Y;UklDSy5NQVRUT1hAc2FraWxhY3VzdG9tZXIub3Jn;496.0;true;20200214000000;20200215000000;1.0
211.0;1.0;U1RBQ0VZ;TU9OVEdPTUVSWQ==;U1RBQ0VZLk1PTlRHT01FUllAc2FraWxhY3VzdG9tZXIub3Jn;215.0;true;20200214000000;20200215000000;1.0
463.0;2.0;REFSUkVMTA==;UE9XRVI=;REFSUkVMTC5QT1dFUkBzYWtpbGFjdXN0b21lci5vcmc=;468.0;true;20200214000000;20200215000000;1.0
594.0;1.0;RURVQVJETw==;SElBVFQ=;RURVQVJETy5ISUFUVEBzYWtpbGFjdXN0b21lci5vcmc=;600.0;true;20200214000000;20200215000000;1.0
29.0;2.0;QU5HRUxB;SEVSTkFOREVa;QU5HRUxBLkhFUk5BTkRFWkBzYWtpbGFjdXN0b21lci5vcmc=;33.0;true;20200214000000;20200215000000;1.0
103.0;1.0;R0xBRFlT;SEFNSUxUT04=;R0xBRFlTLkhBTUlMVE9OQHNha2lsYWN1c3RvbWVyLm9yZw==;107.0;true;20200214000000;20200215000000;1.0
289.0;1.0;VklPTEVU;Uk9EUklRVUVa;VklPTEVULlJPRFJJUVVFWkBzYWtpbGFjdXN0b21lci5vcmc=;294.0;true;20200214000000;20200215000000;1.0
234.0;1.0;Q0xBVURJQQ==;RlVMTEVS;Q0xBVURJQS5GVUxMRVJAc2FraWxhY3VzdG9tZXIub3Jn;238.0;true;20200214000000;20200215000000;1.0
578.0;2.0;V0lMTEFSRA==;TFVNUEtJTg==;V0lMTEFSRC5MVU1QS0lOQHNha2lsYWN1c3RvbWVyLm9yZw==;584.0;true;20200214000000;20200215000000;1.0
586.0;1.0;S0lSSw==;U1RDTEFJUg==;S0lSSy5TVENMQUlSQHNha2lsYWN1c3RvbWVyLm9yZw==;592.0;true;20200214000000;20200215000000;1.0
60.0;1.0;TUlMRFJFRA==;QkFJTEVZ;TUlMRFJFRC5CQUlMRVlAc2FraWxhY3VzdG9tZXIub3Jn;64.0;true;20200214000000;20200215000000;1.0
482.0;1.0;TUFVUklDRQ==;Q1JBV0xFWQ==;TUFVUklDRS5DUkFXTEVZQHNha2lsYWN1c3RvbWVyLm9yZw==;487.0;true;20200214000000;20200215000000;0.0
8.0;2.0;U1VTQU4=;V0lMU09O;U1VTQU4uV0lMU09OQHNha2lsYWN1c3RvbWVyLm9yZw==;12.0;true;20200214000000;20200215000000;1.0
365.0;2.0;QlJVQ0U=;U0NIV0FSWg==;QlJVQ0UuU0NIV0FSWkBzYWtpbGFjdXN0b21lci5vcmc=;370.0;true;20200214000000;20200215000000;1.0
565.0;2.0;SkFJTUU=;TkVUVExFUw==;SkFJTUUuTkVUVExFU0BzYWtpbGFjdXN0b21lci5vcmc=;571.0;true;20200214000000;20200215000000;1.0
494.0;2.0;UkFNT04=;Q0hPQVRF;UkFNT04uQ0hPQVRFQHNha2lsYWN1c3RvbWVyLm9yZw==;499.0;true;20200214000000;20200215000000;1.0
216.0;1.0;TkFUQUxJRQ==;TUVZRVI=;TkFUQUxJRS5NRVlFUkBzYWtpbGFjdXN0b21lci5vcmc=;220.0;true;20200214000000;20200215000000;1.0
473.0;2.0;Sk9SR0U=;T0xJVkFSRVM=;Sk9SR0UuT0xJVkFSRVNAc2FraWxhY3VzdG9tZXIub3Jn;478.0;true;20200214000000;20200215000000;1.0
561.0;2.0;SUFO;U1RJTEw=;SUFOLlNUSUxMQHNha2lsYWN1c3RvbWVyLm9yZw==;567.0;true;20200214000000;20200215000000;1.0
218.0;1.0;VkVSQQ==;TUNDT1k=;VkVSQS5NQ0NPWUBzYWtpbGFjdXN0b21lci5vcmc=;222.0;true;20200214000000;20200215000000;1.0
42.0;2.0;Q0FST0xZTg==;UEVSRVo=;Q0FST0xZTi5QRVJFWkBzYWtpbGFjdXN0b21lci5vcmc=;46.0;true;20200214000000;20200215000000;1.0
350.0;1.0;SlVBTg==;RlJBTEVZ;SlVBTi5GUkFMRVlAc2FraWxhY3VzdG9tZXIub3Jn;355.0;true;20200214000000;20200215000000;1.0
52.0;1.0;SlVMSUU=;U0FOQ0hFWg==;SlVMSUUuU0FOQ0hFWkBzYWtpbGFjdXN0b21lci5vcmc=;56.0;true;20200214000000;20200215000000;1.0
189.0;1.0;TE9SRVRUQQ==;Q0FSUEVOVEVS;TE9SRVRUQS5DQVJQRU5URVJAc2FraWxhY3VzdG9tZXIub3Jn;193.0;true;20200214000000;20200215000000;1.0
546.0;1.0;S0VMTFk=;S05PVFQ=;S0VMTFkuS05PVFRAc2FraWxhY3VzdG9tZXIub3Jn;552.0;true;20200214000000;20200215000000;1.0
260.0;1.0;Q0hSSVNUWQ==;VkFSR0FT;Q0hSSVNUWS5WQVJHQVNAc2FraWxhY3VzdG9tZXIub3Jn;265.0;true;20200214000000;20200215000000;1.0
470.0;1.0;R09SRE9O;QUxMQVJE;R09SRE9OLkFMTEFSREBzYWtpbGFjdXN0b21lci5vcmc=;475.0;true;20200214000000;20200215000000;1.0
427.0;2.0;SkVTVVM=;TUNDQVJUTkVZ;SkVTVVMuTUNDQVJUTkVZQHNha2lsYWN1c3RvbWVyLm9yZw==;432.0;true;20200214000000;20200215000000;1.0
14.0;2.0;QkVUVFk=;V0hJVEU=;QkVUVFkuV0hJVEVAc2FraWxhY3VzdG9tZXIub3Jn;18.0;true;20200214000000;20200215000000;1.0
278.0;2.0;QklMTElF;SE9SVE9O;QklMTElFLkhPUlRPTkBzYWtpbGFjdXN0b21lci5vcmc=;283.0;true;20200214000000;20200215000000;1.0
593.0;2.0;UkVORQ==;TUNBTElTVEVS;UkVORS5NQ0FMSVNURVJAc2FraWxhY3VzdG9tZXIub3Jn;599.0;true;20200214000000;20200215000000;1.0
226.0;2.0;TUFVUkVFTg==;TElUVExF;TUFVUkVFTi5MSVRUTEVAc2FraWxhY3VzdG9tZXIub3Jn;230.0;true;20200214000000;20200215000000;1.0
428.0;2.0;SEVSQkVSVA==;S1JVR0VS;SEVSQkVSVC5LUlVHRVJAc2FraWxhY3VzdG9tZXIub3Jn;433.0;true;20200214000000;20200215000000;1.0
501.0;1.0;UlVCRU4=;R0VBUlk=;UlVCRU4uR0VBUllAc2FraWxhY3VzdG9tZXIub3Jn;506.0;true;20200214000000;20200215000000;1.0
270.0;1.0;TEVBSA==;Q1VSVElT;TEVBSC5DVVJUSVNAc2FraWxhY3VzdG9tZXIub3Jn;275.0;true;20200214000000;20200215000000;1.0
159.0;1.0;SklMTA==;SEFXS0lOUw==;SklMTC5IQVdLSU5TQHNha2lsYWN1c3RvbWVyLm9yZw==;163.0;true;20200214000000;20200215000000;1.0
572.0;1.0;U0lETkVZ;QlVSTEVTT04=;U0lETkVZLkJVUkxFU09OQHNha2lsYWN1c3RvbWVyLm9yZw==;578.0;true;20200214000000;20200215000000;1.0
340.0;1.0;UEFUUklDSw==;TkVXU09N;UEFUUklDSy5ORVdTT01Ac2FraWxhY3VzdG9tZXIub3Jn;345.0;true;20200214000000;20200215000000;1.0
133.0;1.0;UEFVTElORQ==;SEVOUlk=;UEFVTElORS5IRU5SWUBzYWtpbGFjdXN0b21lci5vcmc=;137.0;true;20200214000000;20200215000000;1.0
122.0;1.0;VEhFTE1B;TVVSUkFZ;VEhFTE1BLk1VUlJBWUBzYWtpbGFjdXN0b21lci5vcmc=;126.0;true;20200214000000;20200215000000;1.0
178.0;2.0;TUFSSU9O;U05ZREVS;TUFSSU9OLlNOWURFUkBzYWtpbGFjdXN0b21lci5vcmc=;182.0;true;20200214000000;20200215000000;1.0
132.0;2.0;RVNUSEVS;Q1JBV0ZPUkQ=;RVNUSEVSLkNSQVdGT1JEQHNha2lsYWN1c3RvbWVyLm9yZw==;136.0;true;20200214000000;20200215000000;1.0
455.0;2.0;Sk9O;V0lMRVM=;Sk9OLldJTEVTQHNha2lsYWN1c3RvbWVyLm9yZw==;460.0;true;20200214000000;20200215000000;1.0
80.0;1.0;TUFSSUxZTg==;Uk9TUw==;TUFSSUxZTi5ST1NTQHNha2lsYWN1c3RvbWVyLm9yZw==;84.0;true;20200214000000;20200215000000;1.0
442.0;1.0;TEVST1k=;QlVTVEFNQU5URQ==;TEVST1kuQlVTVEFNQU5URUBzYWtpbGFjdXN0b21lci5vcmc=;447.0;true;20200214000000;20200215000000;1.0
203.0;1.0;VEFSQQ==;UllBTg==;VEFSQS5SWUFOQHNha2lsYWN1c3RvbWVyLm9yZw==;207.0;true;20200214000000;20200215000000;1.0
496.0;2.0;VFlMRVI=;V1JFTg==;VFlMRVIuV1JFTkBzYWtpbGFjdXN0b21lci5vcmc=;501.0;true;20200214000000;20200215000000;1.0
62.0;1.0;Sk9BTg==;Q09PUEVS;Sk9BTi5DT09QRVJAc2FraWxhY3VzdG9tZXIub3Jn;66.0;true;20200214000000;20200215000000;1.0
533.0;1.0;SkVTU0lF;TUlMQU0=;SkVTU0lFLk1JTEFNQHNha2lsYWN1c3RvbWVyLm9yZw==;539.0;true;20200214000000;20200215000000;1.0
448.0;1.0;TUlHVUVM;QkVUQU5DT1VSVA==;TUlHVUVMLkJFVEFOQ09VUlRAc2FraWxhY3VzdG9tZXIub3Jn;453.0;true;20200214000000;20200215000000;1.0
395.0;2.0;Sk9ITk5Z;VFVSUElO;Sk9ITk5ZLlRVUlBJTkBzYWtpbGFjdXN0b21lci5vcmc=;400.0;true;20200214000000;20200215000000;1.0
131.0;2.0;TU9OSUNB;SElDS1M=;TU9OSUNBLkhJQ0tTQHNha2lsYWN1c3RvbWVyLm9yZw==;135.0;true;20200214000000;20200215000000;1.0
326.0;1.0;Sk9TRQ==;QU5EUkVX;Sk9TRS5BTkRSRVdAc2FraWxhY3VzdG9tZXIub3Jn;331.0;true;20200214000000;20200215000000;1.0
322.0;1.0;SkFTT04=;TU9SUklTU0VZ;SkFTT04uTU9SUklTU0VZQHNha2lsYWN1c3RvbWVyLm9yZw==;327.0;true;20200214000000;20200215000000;1.0
392.0;2.0;U0VBTg==;RE9VR0xBU1M=;U0VBTi5ET1VHTEFTU0BzYWtpbGFjdXN0b21lci5vcmc=;397.0;true;20200214000000;20200215000000;1.0
567.0;2.0;QUxGUkVETw==;TUNBREFNUw==;QUxGUkVETy5NQ0FEQU1TQHNha2lsYWN1c3RvbWVyLm9yZw==;573.0;true;20200214000000;20200215000000;1.0
375.0;2.0;QUFST04=;U0VMQlk=;QUFST04uU0VMQllAc2FraWxhY3VzdG9tZXIub3Jn;380.0;true;20200214000000;20200215000000;1.0
15.0;1.0;SEVMRU4=;SEFSUklT;SEVMRU4uSEFSUklTQHNha2lsYWN1c3RvbWVyLm9yZw==;19.0;true;20200214000000;20200215000000;1.0
462.0;2.0;V0FSUkVO;U0hFUlJPRA==;V0FSUkVOLlNIRVJST0RAc2FraWxhY3VzdG9tZXIub3Jn;467.0;true;20200214000000;20200215000000;1.0
341.0;1.0;UEVURVI=;TUVOQVJE;UEVURVIuTUVOQVJEQHNha2lsYWN1c3RvbWVyLm9yZw==;346.0;true;20200214000000;20200215000000;1.0
524.0;1.0;SkFSRUQ=;RUxZ;SkFSRUQuRUxZQHNha2lsYWN1c3RvbWVyLm9yZw==;530.0;true;20200214000000;20200215000000;1.0
284.0;1.0;U09OSUE=;R1JFR09SWQ==;U09OSUEuR1JFR09SWUBzYWtpbGFjdXN0b21lci5vcmc=;289.0;true;20200214000000;20200215000000;1.0
156.0;1.0;QkVSVEhB;RkVSR1VTT04=;QkVSVEhBLkZFUkdVU09OQHNha2lsYWN1c3RvbWVyLm9yZw==;160.0;true;20200214000000;20200215000000;1.0
150.0;2.0;REFOSUVMTEU=;REFOSUVMUw==;REFOSUVMTEUuREFOSUVMU0BzYWtpbGFjdXN0b21lci5vcmc=;154.0;true;20200214000000;20200215000000;1.0
195.0;1.0;VkFORVNTQQ==;U0lNUw==;VkFORVNTQS5TSU1TQHNha2lsYWN1c3RvbWVyLm9yZw==;199.0;true;20200214000000;20200215000000;1.0
44.0;1.0;TUFSSUU=;VFVSTkVS;TUFSSUUuVFVSTkVSQHNha2lsYWN1c3RvbWVyLm9yZw==;48.0;true;20200214000000;20200215000000;1.0
558.0;1.0;SklNTUlF;RUdHTEVTVE9O;SklNTUlFLkVHR0xFU1RPTkBzYWtpbGFjdXN0b21lci5vcmc=;564.0;true;20200214000000;20200215000000;0.0
249.0;2.0;RE9SQQ==;TUVESU5B;RE9SQS5NRURJTkFAc2FraWxhY3VzdG9tZXIub3Jn;253.0;true;20200214000000;20200215000000;1.0
597.0;1.0;RlJFRERJRQ==;RFVHR0FO;RlJFRERJRS5EVUdHQU5Ac2FraWxhY3VzdG9tZXIub3Jn;603.0;true;20200214000000;20200215000000;1.0
161.0;1.0;R0VSQUxESU5F;UEVSS0lOUw==;R0VSQUxESU5FLlBFUktJTlNAc2FraWxhY3VzdG9tZXIub3Jn;165.0;true;20200214000000;20200215000000;1.0
117.0;1.0;RURJVEg=;TUNET05BTEQ=;RURJVEguTUNET05BTERAc2FraWxhY3VzdG9tZXIub3Jn;121.0;true;20200214000000;20200215000000;1.0
553.0;1.0;TUFY;UElUVA==;TUFYLlBJVFRAc2FraWxhY3VzdG9tZXIub3Jn;559.0;true;20200214000000;20200215000000;1.0
198.0;2.0;RUxTSUU=;S0VMTEVZ;RUxTSUUuS0VMTEVZQHNha2lsYWN1c3RvbWVyLm9yZw==;202.0;true;20200214000000;20200215000000;1.0
217.0;2.0;QUdORVM=;QklTSE9Q;QUdORVMuQklTSE9QQHNha2lsYWN1c3RvbWVyLm9yZw==;221.0;true;20200214000000;20200215000000;1.0
281.0;2.0;TEVPTkE=;T0JSSUVO;TEVPTkEuT0JSSUVOQHNha2lsYWN1c3RvbWVyLm9yZw==;286.0;true;20200214000000;20200215000000;1.0
225.0;1.0;QVJMRU5F;SEFSVkVZ;QVJMRU5FLkhBUlZFWUBzYWtpbGFjdXN0b21lci5vcmc=;229.0;true;20200214000000;20200215000000;1.0
537.0;2.0;Q0xJTlRPTg==;QlVGT1JE;Q0xJTlRPTi5CVUZPUkRAc2FraWxhY3VzdG9tZXIub3Jn;543.0;true;20200214000000;20200215000000;1.0
148.0;1.0;RUxFQU5PUg==;SFVOVA==;RUxFQU5PUi5IVU5UQHNha2lsYWN1c3RvbWVyLm9yZw==;152.0;true;20200214000000;20200215000000;1.0
137.0;2.0;UkhPTkRB;S0VOTkVEWQ==;UkhPTkRBLktFTk5FRFlAc2FraWxhY3VzdG9tZXIub3Jn;141.0;true;20200214000000;20200215000000;1.0
269.0;1.0;Q0FTU0FORFJB;V0FMVEVSUw==;Q0FTU0FORFJBLldBTFRFUlNAc2FraWxhY3VzdG9tZXIub3Jn;274.0;true;20200214000000;20200215000000;1.0
385.0;1.0;UEhJTExJUA==;SE9MTQ==;UEhJTExJUC5IT0xNQHNha2lsYWN1c3RvbWVyLm9yZw==;390.0;true;20200214000000;20200215000000;1.0
229.0;1.0;VEFNQVJB;TkdVWUVO;VEFNQVJBLk5HVVlFTkBzYWtpbGFjdXN0b21lci5vcmc=;233.0;true;20200214000000;20200215000000;1.0
98.0;1.0;TElMTElBTg==;R1JJRkZJTg==;TElMTElBTi5HUklGRklOQHNha2lsYWN1c3RvbWVyLm9yZw==;102.0;true;20200214000000;20200215000000;1.0
301.0;2.0;Uk9CRVJU;QkFVR0hNQU4=;Uk9CRVJULkJBVUdITUFOQHNha2lsYWN1c3RvbWVyLm9yZw==;306.0;true;20200214000000;20200215000000;1.0
304.0;2.0;REFWSUQ=;Uk9ZQUw=;REFWSUQuUk9ZQUxAc2FraWxhY3VzdG9tZXIub3Jn;309.0;true;20200214000000;20200215000000;1.0
415.0;1.0;R0xFTk4=;UFVMTEVO;R0xFTk4uUFVMTEVOQHNha2lsYWN1c3RvbWVyLm9yZw==;420.0;true;20200214000000;20200215000000;1.0
257.0;2.0;TUFSU0hB;RE9VR0xBUw==;TUFSU0hBLkRPVUdMQVNAc2FraWxhY3VzdG9tZXIub3Jn;262.0;true;20200214000000;20200215000000;1.0
149.0;1.0;VkFMRVJJRQ==;QkxBQ0s=;VkFMRVJJRS5CTEFDS0BzYWtpbGFjdXN0b21lci5vcmc=;153.0;true;20200214000000;20200215000000;1.0
76.0;2.0;SVJFTkU=;UFJJQ0U=;SVJFTkUuUFJJQ0VAc2FraWxhY3VzdG9tZXIub3Jn;80.0;true;20200214000000;20200215000000;1.0
437.0;2.0;UkFOREFMTA==;TkVVTUFOTg==;UkFOREFMTC5ORVVNQU5OQHNha2lsYWN1c3RvbWVyLm9yZw==;442.0;true;20200214000000;20200215000000;1.0
441.0;1.0;TUFSSU8=;Q0hFQVRIQU0=;TUFSSU8uQ0hFQVRIQU1Ac2FraWxhY3VzdG9tZXIub3Jn;446.0;true;20200214000000;20200215000000;1.0
115.0;1.0;V0VORFk=;SEFSUklTT04=;V0VORFkuSEFSUklTT05Ac2FraWxhY3VzdG9tZXIub3Jn;119.0;true;20200214000000;20200215000000;1.0
460.0;1.0;TEVPTg==;Qk9TVElD;TEVPTi5CT1NUSUNAc2FraWxhY3VzdG9tZXIub3Jn;465.0;true;20200214000000;20200215000000;1.0
434.0;1.0;RURESUU=;VE9NTElO;RURESUUuVE9NTElOQHNha2lsYWN1c3RvbWVyLm9yZw==;439.0;true;20200214000000;20200215000000;1.0
32.0;1.0;QU1Z;TE9QRVo=;QU1ZLkxPUEVaQHNha2lsYWN1c3RvbWVyLm9yZw==;36.0;true;20200214000000;20200215000000;1.0
334.0;2.0;UkFZTU9ORA==;TUNXSE9SVEVS;UkFZTU9ORC5NQ1dIT1JURVJAc2FraWxhY3VzdG9tZXIub3Jn;339.0;true;20200214000000;20200215000000;1.0
429.0;2.0;RlJFREVSSUNL;SVNCRUxM;RlJFREVSSUNLLklTQkVMTEBzYWtpbGFjdXN0b21lci5vcmc=;434.0;true;20200214000000;20200215000000;1.0
384.0;2.0;RVJORVNU;U1RFUFA=;RVJORVNULlNURVBQQHNha2lsYWN1c3RvbWVyLm9yZw==;389.0;true;20200214000000;20200215000000;1.0
510.0;2.0;QkVO;RUFTVEVS;QkVOLkVBU1RFUkBzYWtpbGFjdXN0b21lci5vcmc=;515.0;true;20200214000000;20200215000000;0.0
484.0;1.0;Uk9CRVJUTw==;VlU=;Uk9CRVJUTy5WVUBzYWtpbGFjdXN0b21lci5vcmc=;489.0;true;20200214000000;20200215000000;1.0
352.0;1.0;QUxCRVJU;Q1JPVVNF;QUxCRVJULkNST1VTRUBzYWtpbGFjdXN0b21lci5vcmc=;357.0;true;20200214000000;20200215000000;1.0
295.0;1.0;REFJU1k=;QkFURVM=;REFJU1kuQkFURVNAc2FraWxhY3VzdG9tZXIub3Jn;300.0;true;20200214000000;20200215000000;1.0
449.0;2.0;T1NDQVI=;QVFVSU5P;T1NDQVIuQVFVSU5PQHNha2lsYWN1c3RvbWVyLm9yZw==;454.0;true;20200214000000;20200215000000;1.0
316.0;1.0;U1RFVkVO;Q1VSTEVZ;U1RFVkVOLkNVUkxFWUBzYWtpbGFjdXN0b21lci5vcmc=;321.0;true;20200214000000;20200215000000;1.0
457.0;2.0;QklMTA==;R0FWSU4=;QklMTC5HQVZJTkBzYWtpbGFjdXN0b21lci5vcmc=;462.0;true;20200214000000;20200215000000;1.0
204.0;1.0;Uk9TRU1BUlk=;U0NITUlEVA==;Uk9TRU1BUlkuU0NITUlEVEBzYWtpbGFjdXN0b21lci5vcmc=;208.0;true;20200214000000;20200215000000;1.0
551.0;2.0;Q0xBWVRPTg==;QkFSQkVF;Q0xBWVRPTi5CQVJCRUVAc2FraWxhY3VzdG9tZXIub3Jn;557.0;true;20200214000000;20200215000000;1.0
61.0;2.0;S0FUSEVSSU5F;UklWRVJB;S0FUSEVSSU5FLlJJVkVSQUBzYWtpbGFjdXN0b21lci5vcmc=;65.0;true;20200214000000;20200215000000;1.0
55.0;2.0;RE9SSVM=;UkVFRA==;RE9SSVMuUkVFREBzYWtpbGFjdXN0b21lci5vcmc=;59.0;true;20200214000000;20200215000000;1.0
16.0;2.0;U0FORFJB;TUFSVElO;U0FORFJBLk1BUlRJTkBzYWtpbGFjdXN0b21lci5vcmc=;20.0;true;20200214000000;20200215000000;0.0
243.0;1.0;TFlESUE=;QlVSS0U=;TFlESUEuQlVSS0VAc2FraWxhY3VzdG9tZXIub3Jn;247.0;true;20200214000000;20200215000000;1.0
39.0;1.0;REVCUkE=;TkVMU09O;REVCUkEuTkVMU09OQHNha2lsYWN1c3RvbWVyLm9yZw==;43.0;true;20200214000000;20200215000000;1.0
476.0;1.0;REVSUklDSw==;Qk9VUlFVRQ==;REVSUklDSy5CT1VSUVVFQHNha2lsYWN1c3RvbWVyLm9yZw==;481.0;true;20200214000000;20200215000000;1.0
279.0;2.0;RElBTk5F;U0hFTFRPTg==;RElBTk5FLlNIRUxUT05Ac2FraWxhY3VzdG9tZXIub3Jn;284.0;true;20200214000000;20200215000000;1.0
592.0;1.0;VEVSUkFOQ0U=;Uk9VU0g=;VEVSUkFOQ0UuUk9VU0hAc2FraWxhY3VzdG9tZXIub3Jn;598.0;true;20200214000000;20200215000000;0.0
582.0;2.0;QU5EWQ==;VkFOSE9STg==;QU5EWS5WQU5IT1JOQHNha2lsYWN1c3RvbWVyLm9yZw==;588.0;true;20200214000000;20200215000000;1.0
172.0;1.0;QkVSTklDRQ==;V0lMTElT;QkVSTklDRS5XSUxMSVNAc2FraWxhY3VzdG9tZXIub3Jn;176.0;true;20200214000000;20200215000000;1.0
241.0;2.0;SEVJREk=;TEFSU09O;SEVJREkuTEFSU09OQHNha2lsYWN1c3RvbWVyLm9yZw==;245.0;true;20200214000000;20200215000000;0.0
481.0;1.0;SEVSTUFO;REVWT1JF;SEVSTUFOLkRFVk9SRUBzYWtpbGFjdXN0b21lci5vcmc=;486.0;true;20200214000000;20200215000000;1.0
353.0;1.0;Sk9OQVRIQU4=;U0NBUkJPUk9VR0g=;Sk9OQVRIQU4uU0NBUkJPUk9VR0hAc2FraWxhY3VzdG9tZXIub3Jn;358.0;true;20200214000000;20200215000000;1.0
17.0;1.0;RE9OTkE=;VEhPTVBTT04=;RE9OTkEuVEhPTVBTT05Ac2FraWxhY3VzdG9tZXIub3Jn;21.0;true;20200214000000;20200215000000;1.0
107.0;1.0;RkxPUkVOQ0U=;V09PRFM=;RkxPUkVOQ0UuV09PRFNAc2FraWxhY3VzdG9tZXIub3Jn;111.0;true;20200214000000;20200215000000;1.0
188.0;1.0;TUVMQU5JRQ==;QVJNU1RST05H;TUVMQU5JRS5BUk1TVFJPTkdAc2FraWxhY3VzdG9tZXIub3Jn;192.0;true;20200214000000;20200215000000;1.0
456.0;2.0;Uk9OTklF;UklDS0VUVFM=;Uk9OTklFLlJJQ0tFVFRTQHNha2lsYWN1c3RvbWVyLm9yZw==;461.0;true;20200214000000;20200215000000;1.0
361.0;2.0;TEFXUkVOQ0U=;TEFXVE9O;TEFXUkVOQ0UuTEFXVE9OQHNha2lsYWN1c3RvbWVyLm9yZw==;366.0;true;20200214000000;20200215000000;1.0
357.0;1.0;S0VJVEg=;UklDTw==;S0VJVEguUklDT0BzYWtpbGFjdXN0b21lci5vcmc=;362.0;true;20200214000000;20200215000000;1.0
562.0;1.0;V0FMTEFDRQ==;U0xPTkU=;V0FMTEFDRS5TTE9ORUBzYWtpbGFjdXN0b21lci5vcmc=;568.0;true;20200214000000;20200215000000;1.0
588.0;1.0;TUFSSU9O;T0NBTVBP;TUFSSU9OLk9DQU1QT0BzYWtpbGFjdXN0b21lci5vcmc=;594.0;true;20200214000000;20200215000000;1.0
376.0;1.0;UkFORFk=;R0FJVEhFUg==;UkFORFkuR0FJVEhFUkBzYWtpbGFjdXN0b21lci5vcmc=;381.0;true;20200214000000;20200215000000;1.0
186.0;2.0;SE9MTFk=;Rk9Y;SE9MTFkuRk9YQHNha2lsYWN1c3RvbWVyLm9yZw==;190.0;true;20200214000000;20200215000000;1.0
483.0;2.0;VkVSTk9O;Q0hBUEE=;VkVSTk9OLkNIQVBBQHNha2lsYWN1c3RvbWVyLm9yZw==;488.0;true;20200214000000;20200215000000;1.0
497.0;2.0;R0lMQkVSVA==;U0xFREdF;R0lMQkVSVC5TTEVER0VAc2FraWxhY3VzdG9tZXIub3Jn;502.0;true;20200214000000;20200215000000;1.0
112.0;2.0;Uk9TQQ==;UkVZTk9MRFM=;Uk9TQS5SRVlOT0xEU0BzYWtpbGFjdXN0b21lci5vcmc=;116.0;true;20200214000000;20200215000000;1.0
580.0;1.0;Uk9TUw==;R1JFWQ==;Uk9TUy5HUkVZQHNha2lsYWN1c3RvbWVyLm9yZw==;586.0;true;20200214000000;20200215000000;1.0
262.0;2.0;UEFUU1k=;REFWSURTT04=;UEFUU1kuREFWSURTT05Ac2FraWxhY3VzdG9tZXIub3Jn;267.0;true;20200214000000;20200215000000;1.0
263.0;1.0;SElMREE=;SE9QS0lOUw==;SElMREEuSE9QS0lOU0BzYWtpbGFjdXN0b21lci5vcmc=;268.0;true;20200214000000;20200215000000;1.0
276.0;1.0;QlJBTkRZ;R1JBVkVT;QlJBTkRZLkdSQVZFU0BzYWtpbGFjdXN0b21lci5vcmc=;281.0;true;20200214000000;20200215000000;1.0
70.0;2.0;Q0hSSVNUSU5B;UkFNSVJFWg==;Q0hSSVNUSU5BLlJBTUlSRVpAc2FraWxhY3VzdG9tZXIub3Jn;74.0;true;20200214000000;20200215000000;1.0
97.0;2.0;QU5OSUU=;UlVTU0VMTA==;QU5OSUUuUlVTU0VMTEBzYWtpbGFjdXN0b21lci5vcmc=;101.0;true;20200214000000;20200215000000;1.0
105.0;1.0;REFXTg==;U1VMTElWQU4=;REFXTi5TVUxMSVZBTkBzYWtpbGFjdXN0b21lci5vcmc=;109.0;true;20200214000000;20200215000000;1.0
525.0;2.0;QURSSUFO;Q0xBUlk=;QURSSUFOLkNMQVJZQHNha2lsYWN1c3RvbWVyLm9yZw==;531.0;true;20200214000000;20200215000000;1.0
99.0;2.0;RU1JTFk=;RElBWg==;RU1JTFkuRElBWkBzYWtpbGFjdXN0b21lci5vcmc=;103.0;true;20200214000000;20200215000000;1.0
454.0;2.0;QUxFWA==;R1JFU0hBTQ==;QUxFWC5HUkVTSEFNQHNha2lsYWN1c3RvbWVyLm9yZw==;459.0;true;20200214000000;20200215000000;1.0
38.0;1.0;TUFSVEhB;R09OWkFMRVo=;TUFSVEhBLkdPTlpBTEVaQHNha2lsYWN1c3RvbWVyLm9yZw==;42.0;true;20200214000000;20200215000000;1.0
480.0;1.0;Q09SRVk=;SEFVU0VS;Q09SRVkuSEFVU0VSQHNha2lsYWN1c3RvbWVyLm9yZw==;485.0;true;20200214000000;20200215000000;1.0
28.0;1.0;Q1lOVEhJQQ==;WU9VTkc=;Q1lOVEhJQS5ZT1VOR0BzYWtpbGFjdXN0b21lci5vcmc=;32.0;true;20200214000000;20200215000000;1.0
93.0;1.0;UEhZTExJUw==;Rk9TVEVS;UEhZTExJUy5GT1NURVJAc2FraWxhY3VzdG9tZXIub3Jn;97.0;true;20200214000000;20200215000000;1.0
474.0;2.0;RFVTVElO;R0lMTEVUVEU=;RFVTVElOLkdJTExFVFRFQHNha2lsYWN1c3RvbWVyLm9yZw==;479.0;true;20200214000000;20200215000000;1.0
125.0;1.0;RVRIRUw=;V0VCQg==;RVRIRUwuV0VCQkBzYWtpbGFjdXN0b21lci5vcmc=;129.0;true;20200214000000;20200215000000;1.0
275.0;2.0;Q0FST0xF;QkFSTkVUVA==;Q0FST0xFLkJBUk5FVFRAc2FraWxhY3VzdG9tZXIub3Jn;280.0;true;20200214000000;20200215000000;1.0
102.0;1.0;Q1JZU1RBTA==;Rk9SRA==;Q1JZU1RBTC5GT1JEQHNha2lsYWN1c3RvbWVyLm9yZw==;106.0;true;20200214000000;20200215000000;1.0
329.0;2.0;RlJBTks=;V0FHR09ORVI=;RlJBTksuV0FHR09ORVJAc2FraWxhY3VzdG9tZXIub3Jn;334.0;true;20200214000000;20200215000000;1.0
500.0;1.0;UkVHSU5BTEQ=;S0lOREVS;UkVHSU5BTEQuS0lOREVSQHNha2lsYWN1c3RvbWVyLm9yZw==;505.0;true;20200214000000;20200215000000;1.0
114.0;2.0;R1JBQ0U=;RUxMSVM=;R1JBQ0UuRUxMSVNAc2FraWxhY3VzdG9tZXIub3Jn;118.0;true;20200214000000;20200215000000;1.0
489.0;1.0;UklDQVJETw==;TUVBRE9S;UklDQVJETy5NRUFET1JAc2FraWxhY3VzdG9tZXIub3Jn;494.0;true;20200214000000;20200215000000;1.0
223.0;1.0;TUVMSU5EQQ==;RkVSTkFOREVa;TUVMSU5EQS5GRVJOQU5ERVpAc2FraWxhY3VzdG9tZXIub3Jn;227.0;true;20200214000000;20200215000000;1.0
153.0;2.0;U1VaQU5ORQ==;TklDSE9MUw==;U1VaQU5ORS5OSUNIT0xTQHNha2lsYWN1c3RvbWVyLm9yZw==;157.0;true;20200214000000;20200215000000;1.0
71.0;1.0;S0FUSFk=;SkFNRVM=;S0FUSFkuSkFNRVNAc2FraWxhY3VzdG9tZXIub3Jn;75.0;true;20200214000000;20200215000000;1.0
426.0;1.0;QlJBRExFWQ==;TU9UTEVZ;QlJBRExFWS5NT1RMRVlAc2FraWxhY3VzdG9tZXIub3Jn;431.0;true;20200214000000;20200215000000;1.0
21.0;1.0;TUlDSEVMTEU=;Q0xBUks=;TUlDSEVMTEUuQ0xBUktAc2FraWxhY3VzdG9tZXIub3Jn;25.0;true;20200214000000;20200215000000;1.0
542.0;2.0;TE9OTklF;VElSQURP;TE9OTklFLlRJUkFET0BzYWtpbGFjdXN0b21lci5vcmc=;548.0;true;20200214000000;20200215000000;1.0
201.0;1.0;VklDS0k=;RklFTERT;VklDS0kuRklFTERTQHNha2lsYWN1c3RvbWVyLm9yZw==;205.0;true;20200214000000;20200215000000;1.0
513.0;2.0;RFVBTkU=;VFVCQlM=;RFVBTkUuVFVCQlNAc2FraWxhY3VzdG9tZXIub3Jn;519.0;true;20200214000000;20200215000000;1.0
325.0;1.0;VElNT1RIWQ==;QlVOTg==;VElNT1RIWS5CVU5OQHNha2lsYWN1c3RvbWVyLm9yZw==;330.0;true;20200214000000;20200215000000;1.0
507.0;2.0;RURHQVI=;UkhPQURT;RURHQVIuUkhPQURTQHNha2lsYWN1c3RvbWVyLm9yZw==;512.0;true;20200214000000;20200215000000;1.0
439.0;2.0;QUxFWEFOREVS;RkVOTkVMTA==;QUxFWEFOREVSLkZFTk5FTExAc2FraWxhY3VzdG9tZXIub3Jn;444.0;true;20200214000000;20200215000000;1.0
143.0;1.0;TEVTTElF;R09SRE9O;TEVTTElFLkdPUkRPTkBzYWtpbGFjdXN0b21lci5vcmc=;147.0;true;20200214000000;20200215000000;1.0
176.0;1.0;SlVORQ==;Q0FSUk9MTA==;SlVORS5DQVJST0xMQHNha2lsYWN1c3RvbWVyLm9yZw==;180.0;true;20200214000000;20200215000000;1.0
545.0;2.0;SlVMSU8=;Tk9MQU5E;SlVMSU8uTk9MQU5EQHNha2lsYWN1c3RvbWVyLm9yZw==;551.0;true;20200214000000;20200215000000;1.0
199.0;2.0;QkVUSA==;RlJBTktMSU4=;QkVUSC5GUkFOS0xJTkBzYWtpbGFjdXN0b21lci5vcmc=;203.0;true;20200214000000;20200215000000;1.0
548.0;1.0;QUxMQU4=;Q09STklTSA==;QUxMQU4uQ09STklTSEBzYWtpbGFjdXN0b21lci5vcmc=;554.0;true;20200214000000;20200215000000;1.0
168.0;1.0;UkVHSU5B;QkVSUlk=;UkVHSU5BLkJFUlJZQHNha2lsYWN1c3RvbWVyLm9yZw==;172.0;true;20200214000000;20200215000000;1.0
162.0;2.0;TEFVUkVO;SFVEU09O;TEFVUkVOLkhVRFNPTkBzYWtpbGFjdXN0b21lci5vcmc=;166.0;true;20200214000000;20200215000000;1.0
291.0;1.0;VE9OSQ==;SE9MVA==;VE9OSS5IT0xUQHNha2lsYWN1c3RvbWVyLm9yZw==;296.0;true;20200214000000;20200215000000;1.0
50.0;1.0;RElBTkU=;Q09MTElOUw==;RElBTkUuQ09MTElOU0BzYWtpbGFjdXN0b21lci5vcmc=;54.0;true;20200214000000;20200215000000;1.0
590.0;2.0;U0VUSA==;SEFOTk9O;U0VUSC5IQU5OT05Ac2FraWxhY3VzdG9tZXIub3Jn;596.0;true;20200214000000;20200215000000;1.0
394.0;2.0;Q0hSSVM=;QlJPVEhFUlM=;Q0hSSVMuQlJPVEhFUlNAc2FraWxhY3VzdG9tZXIub3Jn;399.0;true;20200214000000;20200215000000;1.0
22.0;1.0;TEFVUkE=;Uk9EUklHVUVa;TEFVUkEuUk9EUklHVUVaQHNha2lsYWN1c3RvbWVyLm9yZw==;26.0;true;20200214000000;20200215000000;1.0
519.0;2.0;Uk9O;REVMVUNB;Uk9OLkRFTFVDQUBzYWtpbGFjdXN0b21lci5vcmc=;525.0;true;20200214000000;20200215000000;1.0
374.0;2.0;SkVSRU1Z;SFVSVEFETw==;SkVSRU1ZLkhVUlRBRE9Ac2FraWxhY3VzdG9tZXIub3Jn;379.0;true;20200214000000;20200215000000;1.0
307.0;2.0;Sk9TRVBI;Sk9Z;Sk9TRVBILkpPWUBzYWtpbGFjdXN0b21lci5vcmc=;312.0;true;20200214000000;20200215000000;1.0
240.0;1.0;TUFSTEVORQ==;V0VMQ0g=;TUFSTEVORS5XRUxDSEBzYWtpbGFjdXN0b21lci5vcmc=;244.0;true;20200214000000;20200215000000;1.0
268.0;1.0;TklOQQ==;U09UTw==;TklOQS5TT1RPQHNha2lsYWN1c3RvbWVyLm9yZw==;273.0;true;20200214000000;20200215000000;1.0
522.0;2.0;QVJOT0xE;SEFWRU5T;QVJOT0xELkhBVkVOU0BzYWtpbGFjdXN0b21lci5vcmc=;528.0;true;20200214000000;20200215000000;1.0
63.0;1.0;QVNITEVZ;UklDSEFSRFNPTg==;QVNITEVZLlJJQ0hBUkRTT05Ac2FraWxhY3VzdG9tZXIub3Jn;67.0;true;20200214000000;20200215000000;1.0
406.0;1.0;TkFUSEFO;UlVOWU9O;TkFUSEFOLlJVTllPTkBzYWtpbGFjdXN0b21lci5vcmc=;411.0;true;20200214000000;20200215000000;0.0
336.0;1.0;Sk9TSFVB;TUFSSw==;Sk9TSFVBLk1BUktAc2FraWxhY3VzdG9tZXIub3Jn;341.0;true;20200214000000;20200215000000;1.0
194.0;2.0;S1JJU1RFTg==;Q0hBVkVa;S1JJU1RFTi5DSEFWRVpAc2FraWxhY3VzdG9tZXIub3Jn;198.0;true;20200214000000;20200215000000;1.0
527.0;1.0;Q09SWQ==;TUVFSEFO;Q09SWS5NRUVIQU5Ac2FraWxhY3VzdG9tZXIub3Jn;533.0;true;20200214000000;20200215000000;1.0
174.0;2.0;WVZPTk5F;V0FUS0lOUw==;WVZPTk5FLldBVEtJTlNAc2FraWxhY3VzdG9tZXIub3Jn;178.0;true;20200214000000;20200215000000;1.0
584.0;2.0;U0FMVkFET1I=;VEVFTA==;U0FMVkFET1IuVEVFTEBzYWtpbGFjdXN0b21lci5vcmc=;590.0;true;20200214000000;20200215000000;1.0
450.0;1.0;SkFZ;Uk9CQg==;SkFZLlJPQkJAc2FraWxhY3VzdG9tZXIub3Jn;455.0;true;20200214000000;20200215000000;1.0
177.0;2.0;U0FNQU5USEE=;RFVOQ0FO;U0FNQU5USEEuRFVOQ0FOQHNha2lsYWN1c3RvbWVyLm9yZw==;181.0;true;20200214000000;20200215000000;1.0
147.0;2.0;Sk9BTk5F;Uk9CRVJUU09O;Sk9BTk5FLlJPQkVSVFNPTkBzYWtpbGFjdXN0b21lci5vcmc=;151.0;true;20200214000000;20200215000000;1.0
285.0;1.0;TUlSSUFN;TUNLSU5ORVk=;TUlSSUFNLk1DS0lOTkVZQHNha2lsYWN1c3RvbWVyLm9yZw==;290.0;true;20200214000000;20200215000000;1.0
3.0;1.0;TElOREE=;V0lMTElBTVM=;TElOREEuV0lMTElBTVNAc2FraWxhY3VzdG9tZXIub3Jn;7.0;true;20200214000000;20200215000000;1.0
139.0;1.0;QU1CRVI=;RElYT04=;QU1CRVIuRElYT05Ac2FraWxhY3VzdG9tZXIub3Jn;143.0;true;20200214000000;20200215000000;1.0
86.0;2.0;SkFDUVVFTElORQ==;TE9ORw==;SkFDUVVFTElORS5MT05HQHNha2lsYWN1c3RvbWVyLm9yZw==;90.0;true;20200214000000;20200215000000;1.0
403.0;1.0;TUlLRQ==;V0FZ;TUlLRS5XQVlAc2FraWxhY3VzdG9tZXIub3Jn;408.0;true;20200214000000;20200215000000;1.0
239.0;2.0;TUlOTklF;Uk9NRVJP;TUlOTklFLlJPTUVST0BzYWtpbGFjdXN0b21lci5vcmc=;243.0;true;20200214000000;20200215000000;1.0
6.0;2.0;SkVOTklGRVI=;REFWSVM=;SkVOTklGRVIuREFWSVNAc2FraWxhY3VzdG9tZXIub3Jn;10.0;true;20200214000000;20200215000000;1.0
540.0;1.0;VFlST05F;QVNIRVI=;VFlST05FLkFTSEVSQHNha2lsYWN1c3RvbWVyLm9yZw==;546.0;true;20200214000000;20200215000000;1.0
391.0;1.0;Q0xBUkVOQ0U=;R0FNRVo=;Q0xBUkVOQ0UuR0FNRVpAc2FraWxhY3VzdG9tZXIub3Jn;396.0;true;20200214000000;20200215000000;1.0
293.0;2.0;TUFF;RkxFVENIRVI=;TUFFLkZMRVRDSEVSQHNha2lsYWN1c3RvbWVyLm9yZw==;298.0;true;20200214000000;20200215000000;1.0
312.0;2.0;TUFSSw==;UklORUhBUlQ=;TUFSSy5SSU5FSEFSVEBzYWtpbGFjdXN0b21lci5vcmc=;317.0;true;20200214000000;20200215000000;1.0
169.0;2.0;RVJJQ0E=;TUFUVEhFV1M=;RVJJQ0EuTUFUVEhFV1NAc2FraWxhY3VzdG9tZXIub3Jn;173.0;true;20200214000000;20200215000000;0.0
445.0;1.0;TUlDSEVBTA==;Rk9STUFO;TUlDSEVBTC5GT1JNQU5Ac2FraWxhY3VzdG9tZXIub3Jn;450.0;true;20200214000000;20200215000000;1.0
109.0;2.0;RUROQQ==;V0VTVA==;RUROQS5XRVNUQHNha2lsYWN1c3RvbWVyLm9yZw==;113.0;true;20200214000000;20200215000000;1.0
94.0;1.0;Tk9STUE=;R09OWkFMRVM=;Tk9STUEuR09OWkFMRVNAc2FraWxhY3VzdG9tZXIub3Jn;98.0;true;20200214000000;20200215000000;1.0
495.0;2.0;Q0hBUkxJRQ==;QkVTUw==;Q0hBUkxJRS5CRVNTQHNha2lsYWN1c3RvbWVyLm9yZw==;500.0;true;20200214000000;20200215000000;1.0
77.0;2.0;SkFORQ==;QkVOTkVUVA==;SkFORS5CRU5ORVRUQHNha2lsYWN1c3RvbWVyLm9yZw==;81.0;true;20200214000000;20200215000000;1.0
118.0;1.0;S0lN;Q1JVWg==;S0lNLkNSVVpAc2FraWxhY3VzdG9tZXIub3Jn;122.0;true;20200214000000;20200215000000;1.0
36.0;2.0;S0FUSExFRU4=;QURBTVM=;S0FUSExFRU4uQURBTVNAc2FraWxhY3VzdG9tZXIub3Jn;40.0;true;20200214000000;20200215000000;1.0
338.0;1.0;REVOTklT;R0lMTUFO;REVOTklTLkdJTE1BTkBzYWtpbGFjdXN0b21lci5vcmc=;343.0;true;20200214000000;20200215000000;1.0
458.0;1.0;TExPWUQ=;RE9XRA==;TExPWUQuRE9XREBzYWtpbGFjdXN0b21lci5vcmc=;463.0;true;20200214000000;20200215000000;1.0
27.0;2.0;U0hJUkxFWQ==;QUxMRU4=;U0hJUkxFWS5BTExFTkBzYWtpbGFjdXN0b21lci5vcmc=;31.0;true;20200214000000;20200215000000;1.0
423.0;2.0;QUxGUkVE;Q0FTSUxMQVM=;QUxGUkVELkNBU0lMTEFTQHNha2lsYWN1c3RvbWVyLm9yZw==;428.0;true;20200214000000;20200215000000;1.0
308.0;1.0;VEhPTUFT;R1JJR1NCWQ==;VEhPTUFTLkdSSUdTQllAc2FraWxhY3VzdG9tZXIub3Jn;313.0;true;20200214000000;20200215000000;1.0
488.0;2.0;U0hBTkU=;TUlMTEFSRA==;U0hBTkUuTUlMTEFSREBzYWtpbGFjdXN0b21lci5vcmc=;493.0;true;20200214000000;20200215000000;1.0
164.0;2.0;Sk9BTk4=;R0FSRE5FUg==;Sk9BTk4uR0FSRE5FUkBzYWtpbGFjdXN0b21lci5vcmc=;168.0;true;20200214000000;20200215000000;1.0
331.0;1.0;RVJJQw==;Uk9CRVJU;RVJJQy5ST0JFUlRAc2FraWxhY3VzdG9tZXIub3Jn;336.0;true;20200214000000;20200215000000;1.0
155.0;1.0;R0FJTA==;S05JR0hU;R0FJTC5LTklHSFRAc2FraWxhY3VzdG9tZXIub3Jn;159.0;true;20200214000000;20200215000000;1.0
64.0;2.0;SlVESVRI;Q09Y;SlVESVRILkNPWEBzYWtpbGFjdXN0b21lci5vcmc=;68.0;true;20200214000000;20200215000000;0.0
126.0;1.0;RUxMRU4=;U0lNUFNPTg==;RUxMRU4uU0lNUFNPTkBzYWtpbGFjdXN0b21lci5vcmc=;130.0;true;20200214000000;20200215000000;1.0
467.0;2.0;QUxWSU4=;REVMT0FDSA==;QUxWSU4uREVMT0FDSEBzYWtpbGFjdXN0b21lci5vcmc=;472.0;true;20200214000000;20200215000000;1.0
355.0;2.0;VEVSUlk=;R1JJU1NPTQ==;VEVSUlkuR1JJU1NPTUBzYWtpbGFjdXN0b21lci5vcmc=;360.0;true;20200214000000;20200215000000;1.0
24.0;2.0;S0lNQkVSTFk=;TEVF;S0lNQkVSTFkuTEVFQHNha2lsYWN1c3RvbWVyLm9yZw==;28.0;true;20200214000000;20200215000000;1.0
490.0;1.0;U0FN;TUNEVUZGSUU=;U0FNLk1DRFVGRklFQHNha2lsYWN1c3RvbWVyLm9yZw==;495.0;true;20200214000000;20200215000000;1.0
563.0;2.0;S0VO;UFJFV0lUVA==;S0VOLlBSRVdJVFRAc2FraWxhY3VzdG9tZXIub3Jn;569.0;true;20200214000000;20200215000000;1.0
380.0;1.0;UlVTU0VMTA==;QlJJTlNPTg==;UlVTU0VMTC5CUklOU09OQHNha2lsYWN1c3RvbWVyLm9yZw==;385.0;true;20200214000000;20200215000000;1.0
369.0;2.0;RlJFRA==;V0hFQVQ=;RlJFRC5XSEVBVEBzYWtpbGFjdXN0b21lci5vcmc=;374.0;true;20200214000000;20200215000000;1.0
573.0;1.0;QllST04=;Qk9Y;QllST04uQk9YQHNha2lsYWN1c3RvbWVyLm9yZw==;579.0;true;20200214000000;20200215000000;1.0
560.0;1.0;Sk9SREFO;QVJDSFVMRVRB;Sk9SREFOLkFSQ0hVTEVUQUBzYWtpbGFjdXN0b21lci5vcmc=;566.0;true;20200214000000;20200215000000;1.0
191.0;1.0;SkVBTkVUVEU=;R1JFRU5F;SkVBTkVUVEUuR1JFRU5FQHNha2lsYWN1c3RvbWVyLm9yZw==;195.0;true;20200214000000;20200215000000;1.0
227.0;1.0;Q09MTEVFTg==;QlVSVE9O;Q09MTEVFTi5CVVJUT05Ac2FraWxhY3VzdG9tZXIub3Jn;231.0;true;20200214000000;20200215000000;1.0
299.0;2.0;SkFNRVM=;R0FOTk9O;SkFNRVMuR0FOTk9OQHNha2lsYWN1c3RvbWVyLm9yZw==;304.0;true;20200214000000;20200215000000;1.0
53.0;1.0;SEVBVEhFUg==;TU9SUklT;SEVBVEhFUi5NT1JSSVNAc2FraWxhY3VzdG9tZXIub3Jn;57.0;true;20200214000000;20200215000000;1.0
128.0;1.0;TUFSSk9SSUU=;VFVDS0VS;TUFSSk9SSUUuVFVDS0VSQHNha2lsYWN1c3RvbWVyLm9yZw==;132.0;true;20200214000000;20200215000000;1.0
509.0;1.0;UkFVTA==;Rk9SVElFUg==;UkFVTC5GT1JUSUVSQHNha2lsYWN1c3RvbWVyLm9yZw==;514.0;true;20200214000000;20200215000000;1.0
402.0;1.0;TFVJUw==;WUFORVo=;TFVJUy5ZQU5FWkBzYWtpbGFjdXN0b21lci5vcmc=;407.0;true;20200214000000;20200215000000;1.0
337.0;1.0;SkVSUlk=;Sk9SRE9O;SkVSUlkuSk9SRE9OQHNha2lsYWN1c3RvbWVyLm9yZw==;342.0;true;20200214000000;20200215000000;1.0
596.0;1.0;RU5SSVFVRQ==;Rk9SU1lUSEU=;RU5SSVFVRS5GT1JTWVRIRUBzYWtpbGFjdXN0b21lci5vcmc=;602.0;true;20200214000000;20200215000000;1.0
297.0;1.0;U0hFUlJJ;UkhPREVT;U0hFUlJJLlJIT0RFU0BzYWtpbGFjdXN0b21lci5vcmc=;302.0;true;20200214000000;20200215000000;1.0
283.0;1.0;RkVMSUNJQQ==;U1VUVE9O;RkVMSUNJQS5TVVRUT05Ac2FraWxhY3VzdG9tZXIub3Jn;288.0;true;20200214000000;20200215000000;1.0
422.0;1.0;TUVMVklO;RUxMSU5HVE9O;TUVMVklOLkVMTElOR1RPTkBzYWtpbGFjdXN0b21lci5vcmc=;427.0;true;20200214000000;20200215000000;1.0
73.0;2.0;QkVWRVJMWQ==;QlJPT0tT;QkVWRVJMWS5CUk9PS1NAc2FraWxhY3VzdG9tZXIub3Jn;77.0;true;20200214000000;20200215000000;1.0
141.0;1.0;REVCQklF;UkVZRVM=;REVCQklFLlJFWUVTQHNha2lsYWN1c3RvbWVyLm9yZw==;145.0;true;20200214000000;20200215000000;1.0
140.0;1.0;RVZB;UkFNT1M=;RVZBLlJBTU9TQHNha2lsYWN1c3RvbWVyLm9yZw==;144.0;true;20200214000000;20200215000000;1.0
205.0;2.0;RUlMRUVO;Q0FSUg==;RUlMRUVOLkNBUlJAc2FraWxhY3VzdG9tZXIub3Jn;209.0;true;20200214000000;20200215000000;1.0
244.0;2.0;VklPTEE=;SEFOU09O;VklPTEEuSEFOU09OQHNha2lsYWN1c3RvbWVyLm9yZw==;248.0;true;20200214000000;20200215000000;1.0
405.0;1.0;TEVPTkFSRA==;U0NIT0ZJRUxE;TEVPTkFSRC5TQ0hPRklFTERAc2FraWxhY3VzdG9tZXIub3Jn;410.0;true;20200214000000;20200215000000;1.0
12.0;1.0;TkFOQ1k=;VEhPTUFT;TkFOQ1kuVEhPTUFTQHNha2lsYWN1c3RvbWVyLm9yZw==;16.0;true;20200214000000;20200215000000;1.0
124.0;1.0;U0hFSUxB;V0VMTFM=;U0hFSUxBLldFTExTQHNha2lsYWN1c3RvbWVyLm9yZw==;128.0;true;20200214000000;20200215000000;0.0
146.0;1.0;SkFNSUU=;UklDRQ==;SkFNSUUuUklDRUBzYWtpbGFjdXN0b21lci5vcmc=;150.0;true;20200214000000;20200215000000;1.0
197.0;2.0;U1VF;UEVURVJT;U1VFLlBFVEVSU0BzYWtpbGFjdXN0b21lci5vcmc=;201.0;true;20200214000000;20200215000000;1.0
576.0;2.0;TU9SUklT;TUNDQVJURVI=;TU9SUklTLk1DQ0FSVEVSQHNha2lsYWN1c3RvbWVyLm9yZw==;582.0;true;20200214000000;20200215000000;1.0
452.0;1.0;VE9N;TUlMTkVS;VE9NLk1JTE5FUkBzYWtpbGFjdXN0b21lci5vcmc=;457.0;true;20200214000000;20200215000000;1.0
417.0;1.0;VFJBVklT;RVNURVA=;VFJBVklTLkVTVEVQQHNha2lsYWN1c3RvbWVyLm9yZw==;422.0;true;20200214000000;20200215000000;1.0
414.0;1.0;VklOQ0VOVA==;UkFMU1RPTg==;VklOQ0VOVC5SQUxTVE9OQHNha2lsYWN1c3RvbWVyLm9yZw==;419.0;true;20200214000000;20200215000000;1.0
372.0;2.0;U1RFVkU=;TUFDS0VOWklF;U1RFVkUuTUFDS0VOWklFQHNha2lsYWN1c3RvbWVyLm9yZw==;377.0;true;20200214000000;20200215000000;1.0
84.0;2.0;U0FSQQ==;UEVSUlk=;U0FSQS5QRVJSWUBzYWtpbGFjdXN0b21lci5vcmc=;88.0;true;20200214000000;20200215000000;1.0
410.0;2.0;Q1VSVElT;SVJCWQ==;Q1VSVElTLklSQllAc2FraWxhY3VzdG9tZXIub3Jn;415.0;true;20200214000000;20200215000000;1.0
446.0;2.0;VEhFT0RPUkU=;Q1VMUA==;VEhFT0RPUkUuQ1VMUEBzYWtpbGFjdXN0b21lci5vcmc=;451.0;true;20200214000000;20200215000000;0.0
35.0;2.0;VklSR0lOSUE=;R1JFRU4=;VklSR0lOSUEuR1JFRU5Ac2FraWxhY3VzdG9tZXIub3Jn;39.0;true;20200214000000;20200215000000;1.0
333.0;2.0;QU5EUkVX;UFVSRFk=;QU5EUkVXLlBVUkRZQHNha2lsYWN1c3RvbWVyLm9yZw==;338.0;true;20200214000000;20200215000000;1.0
20.0;2.0;U0hBUk9O;Uk9CSU5TT04=;U0hBUk9OLlJPQklOU09OQHNha2lsYWN1c3RvbWVyLm9yZw==;24.0;true;20200214000000;20200215000000;1.0
74.0;1.0;REVOSVNF;S0VMTFk=;REVOSVNFLktFTExZQHNha2lsYWN1c3RvbWVyLm9yZw==;78.0;true;20200214000000;20200215000000;1.0
378.0;1.0;RVVHRU5F;Q1VMUEVQUEVS;RVVHRU5FLkNVTFBFUFBFUkBzYWtpbGFjdXN0b21lci5vcmc=;383.0;true;20200214000000;20200215000000;1.0
323.0;2.0;TUFUVEhFVw==;TUFIQU4=;TUFUVEhFVy5NQUhBTkBzYWtpbGFjdXN0b21lci5vcmc=;328.0;true;20200214000000;20200215000000;1.0
7.0;1.0;TUFSSUE=;TUlMTEVS;TUFSSUEuTUlMTEVSQHNha2lsYWN1c3RvbWVyLm9yZw==;11.0;true;20200214000000;20200215000000;1.0
373.0;1.0;TE9VSVM=;TEVPTkU=;TE9VSVMuTEVPTkVAc2FraWxhY3VzdG9tZXIub3Jn;378.0;true;20200214000000;20200215000000;1.0
253.0;1.0;VEVSUlk=;Q0FSTFNPTg==;VEVSUlkuQ0FSTFNPTkBzYWtpbGFjdXN0b21lci5vcmc=;258.0;true;20200214000000;20200215000000;1.0
96.0;1.0;RElBTkE=;QUxFWEFOREVS;RElBTkEuQUxFWEFOREVSQHNha2lsYWN1c3RvbWVyLm9yZw==;100.0;true;20200214000000;20200215000000;1.0
111.0;1.0;Q0FSTUVO;T1dFTlM=;Q0FSTUVOLk9XRU5TQHNha2lsYWN1c3RvbWVyLm9yZw==;115.0;true;20200214000000;20200215000000;1.0
419.0;1.0;Q0hBRA==;Q0FSQk9ORQ==;Q0hBRC5DQVJCT05FQHNha2lsYWN1c3RvbWVyLm9yZw==;424.0;true;20200214000000;20200215000000;1.0
330.0;1.0;U0NPVFQ=;U0hFTExFWQ==;U0NPVFQuU0hFTExFWUBzYWtpbGFjdXN0b21lci5vcmc=;335.0;true;20200214000000;20200215000000;1.0
579.0;2.0;REFSWUw=;TEFSVUU=;REFSWUwuTEFSVUVAc2FraWxhY3VzdG9tZXIub3Jn;585.0;true;20200214000000;20200215000000;1.0
95.0;2.0;UEFVTEE=;QlJZQU5U;UEFVTEEuQlJZQU5UQHNha2lsYWN1c3RvbWVyLm9yZw==;99.0;true;20200214000000;20200215000000;1.0
78.0;1.0;TE9SSQ==;V09PRA==;TE9SSS5XT09EQHNha2lsYWN1c3RvbWVyLm9yZw==;82.0;true;20200214000000;20200215000000;1.0
518.0;1.0;R0FCUklFTA==;SEFSREVS;R0FCUklFTC5IQVJERVJAc2FraWxhY3VzdG9tZXIub3Jn;524.0;true;20200214000000;20200215000000;1.0
472.0;1.0;R1JFRw==;Uk9CSU5T;R1JFRy5ST0JJTlNAc2FraWxhY3VzdG9tZXIub3Jn;477.0;true;20200214000000;20200215000000;1.0
119.0;1.0;U0hFUlJZ;TUFSU0hBTEw=;U0hFUlJZLk1BUlNIQUxMQHNha2lsYWN1c3RvbWVyLm9yZw==;123.0;true;20200214000000;20200215000000;1.0
382.0;2.0;VklDVE9S;QkFSS0xFWQ==;VklDVE9SLkJBUktMRVlAc2FraWxhY3VzdG9tZXIub3Jn;387.0;true;20200214000000;20200215000000;1.0
290.0;1.0;S1JJU1RJTkE=;Q0hBTUJFUlM=;S1JJU1RJTkEuQ0hBTUJFUlNAc2FraWxhY3VzdG9tZXIub3Jn;295.0;true;20200214000000;20200215000000;1.0
303.0;2.0;V0lMTElBTQ==;U0FUVEVSRklFTEQ=;V0lMTElBTS5TQVRURVJGSUVMREBzYWtpbGFjdXN0b21lci5vcmc=;308.0;true;20200214000000;20200215000000;1.0
444.0;2.0;TUFSQ1VT;SElEQUxHTw==;TUFSQ1VTLkhJREFMR09Ac2FraWxhY3VzdG9tZXIub3Jn;449.0;true;20200214000000;20200215000000;1.0
67.0;1.0;S0VMTFk=;VE9SUkVT;S0VMTFkuVE9SUkVTQHNha2lsYWN1c3RvbWVyLm9yZw==;71.0;true;20200214000000;20200215000000;1.0
280.0;2.0;VFJBQ0VZ;QkFSUkVUVA==;VFJBQ0VZLkJBUlJFVFRAc2FraWxhY3VzdG9tZXIub3Jn;285.0;true;20200214000000;20200215000000;1.0
401.0;2.0;VE9OWQ==;Q0FSUkFOWkE=;VE9OWS5DQVJSQU5aQUBzYWtpbGFjdXN0b21lci5vcmc=;406.0;true;20200214000000;20200215000000;1.0
370.0;2.0;V0FZTkU=;VFJVT05H;V0FZTkUuVFJVT05HQHNha2lsYWN1c3RvbWVyLm9yZw==;375.0;true;20200214000000;20200215000000;1.0
587.0;1.0;U0VSR0lP;U1RBTkZJRUxE;U0VSR0lPLlNUQU5GSUVMREBzYWtpbGFjdXN0b21lci5vcmc=;593.0;true;20200214000000;20200215000000;1.0
536.0;2.0;RkVSTkFORE8=;Q0hVUkNISUxM;RkVSTkFORE8uQ0hVUkNISUxMQHNha2lsYWN1c3RvbWVyLm9yZw==;542.0;true;20200214000000;20200215000000;1.0
298.0;1.0;RVJJS0E=;UEVOQQ==;RVJJS0EuUEVOQUBzYWtpbGFjdXN0b21lci5vcmc=;303.0;true;20200214000000;20200215000000;1.0
390.0;1.0;U0hBV04=;SEVBVE9O;U0hBV04uSEVBVE9OQHNha2lsYWN1c3RvbWVyLm9yZw==;395.0;true;20200214000000;20200215000000;1.0
534.0;1.0;Q0hSSVNUSUFO;SlVORw==;Q0hSSVNUSUFOLkpVTkdAc2FraWxhY3VzdG9tZXIub3Jn;540.0;true;20200214000000;20200215000000;0.0
502.0;1.0;QlJFVFQ=;Q09STldFTEw=;QlJFVFQuQ09STldFTExAc2FraWxhY3VzdG9tZXIub3Jn;507.0;true;20200214000000;20200215000000;1.0
549.0;1.0;TkVMU09O;Q0hSSVNURU5TT04=;TkVMU09OLkNIUklTVEVOU09OQHNha2lsYWN1c3RvbWVyLm9yZw==;555.0;true;20200214000000;20200215000000;1.0
231.0;1.0;R0VPUkdJQQ==;SkFDT0JT;R0VPUkdJQS5KQUNPQlNAc2FraWxhY3VzdG9tZXIub3Jn;235.0;true;20200214000000;20200215000000;1.0
300.0;1.0;Sk9ITg==;RkFSTlNXT1JUSA==;Sk9ITi5GQVJOU1dPUlRIQHNha2lsYWN1c3RvbWVyLm9yZw==;305.0;true;20200214000000;20200215000000;1.0
526.0;2.0;S0FSTA==;U0VBTA==;S0FSTC5TRUFMQHNha2lsYWN1c3RvbWVyLm9yZw==;532.0;true;20200214000000;20200215000000;1.0
49.0;2.0;Sk9ZQ0U=;RURXQVJEUw==;Sk9ZQ0UuRURXQVJEU0BzYWtpbGFjdXN0b21lci5vcmc=;53.0;true;20200214000000;20200215000000;1.0
214.0;1.0;S1JJU1RJTg==;Sk9ITlNUT04=;S1JJU1RJTi5KT0hOU1RPTkBzYWtpbGFjdXN0b21lci5vcmc=;218.0;true;20200214000000;20200215000000;1.0
48.0;1.0;QU5O;RVZBTlM=;QU5OLkVWQU5TQHNha2lsYWN1c3RvbWVyLm9yZw==;52.0;true;20200214000000;20200215000000;1.0
363.0;2.0;Uk9Z;V0hJVElORw==;Uk9ZLldISVRJTkdAc2FraWxhY3VzdG9tZXIub3Jn;368.0;true;20200214000000;20200215000000;1.0
315.0;2.0;S0VOTkVUSA==;R09PREVO;S0VOTkVUSC5HT09ERU5Ac2FraWxhY3VzdG9tZXIub3Jn;320.0;true;20200214000000;20200215000000;0.0
555.0;1.0;RFdJR0hU;TE9NQkFSREk=;RFdJR0hULkxPTUJBUkRJQHNha2lsYWN1c3RvbWVyLm9yZw==;561.0;true;20200214000000;20200215000000;1.0
443.0;2.0;RlJBTkNJU0NP;U0tJRE1PUkU=;RlJBTkNJU0NPLlNLSURNT1JFQHNha2lsYWN1c3RvbWVyLm9yZw==;448.0;true;20200214000000;20200215000000;1.0
436.0;1.0;VFJPWQ==;UVVJR0xFWQ==;VFJPWS5RVUlHTEVZQHNha2lsYWN1c3RvbWVyLm9yZw==;441.0;true;20200214000000;20200215000000;1.0
550.0;2.0;R1VZ;QlJPV05MRUU=;R1VZLkJST1dOTEVFQHNha2lsYWN1c3RvbWVyLm9yZw==;556.0;true;20200214000000;20200215000000;1.0
348.0;2.0;Uk9HRVI=;UVVJTlRBTklMTEE=;Uk9HRVIuUVVJTlRBTklMTEFAc2FraWxhY3VzdG9tZXIub3Jn;353.0;true;20200214000000;20200215000000;1.0
13.0;2.0;S0FSRU4=;SkFDS1NPTg==;S0FSRU4uSkFDS1NPTkBzYWtpbGFjdXN0b21lci5vcmc=;17.0;true;20200214000000;20200215000000;1.0
591.0;1.0;S0VOVA==;QVJTRU5BVUxU;S0VOVC5BUlNFTkFVTFRAc2FraWxhY3VzdG9tZXIub3Jn;597.0;true;20200214000000;20200215000000;1.0
453.0;1.0;Q0FMVklO;TUFSVEVM;Q0FMVklOLk1BUlRFTEBzYWtpbGFjdXN0b21lci5vcmc=;458.0;true;20200214000000;20200215000000;1.0
556.0;2.0;QVJNQU5ETw==;R1JVQkVS;QVJNQU5ETy5HUlVCRVJAc2FraWxhY3VzdG9tZXIub3Jn;562.0;true;20200214000000;20200215000000;1.0
349.0;2.0;Sk9F;R0lMTElMQU5E;Sk9FLkdJTExJTEFOREBzYWtpbGFjdXN0b21lci5vcmc=;354.0;true;20200214000000;20200215000000;1.0
110.0;2.0;VElGRkFOWQ==;Sk9SREFO;VElGRkFOWS5KT1JEQU5Ac2FraWxhY3VzdG9tZXIub3Jn;114.0;true;20200214000000;20200215000000;1.0
184.0;1.0;VklWSUFO;UlVJWg==;VklWSUFOLlJVSVpAc2FraWxhY3VzdG9tZXIub3Jn;188.0;true;20200214000000;20200215000000;1.0
543.0;1.0;TEFOQ0U=;UEVNQkVSVE9O;TEFOQ0UuUEVNQkVSVE9OQHNha2lsYWN1c3RvbWVyLm9yZw==;549.0;true;20200214000000;20200215000000;1.0
356.0;2.0;R0VSQUxE;RlVMVFo=;R0VSQUxELkZVTFRaQHNha2lsYWN1c3RvbWVyLm9yZw==;361.0;true;20200214000000;20200215000000;1.0
261.0;1.0;REVBTk5B;QllSRA==;REVBTk5BLkJZUkRAc2FraWxhY3VzdG9tZXIub3Jn;266.0;true;20200214000000;20200215000000;1.0
432.0;1.0;RURXSU4=;QlVSSw==;RURXSU4uQlVSS0BzYWtpbGFjdXN0b21lci5vcmc=;437.0;true;20200214000000;20200215000000;1.0
515.0;1.0;QU5EUkU=;UkFQUA==;QU5EUkUuUkFQUEBzYWtpbGFjdXN0b21lci5vcmc=;521.0;true;20200214000000;20200215000000;1.0
34.0;2.0;UkVCRUNDQQ==;U0NPVFQ=;UkVCRUNDQS5TQ09UVEBzYWtpbGFjdXN0b21lci5vcmc=;38.0;true;20200214000000;20200215000000;1.0
529.0;2.0;RVJJSw==;R1VJTExFTg==;RVJJSy5HVUlMTEVOQHNha2lsYWN1c3RvbWVyLm9yZw==;535.0;true;20200214000000;20200215000000;1.0
344.0;1.0;SEVOUlk=;QklMTElOR1NMRVk=;SEVOUlkuQklMTElOR1NMRVlAc2FraWxhY3VzdG9tZXIub3Jn;349.0;true;20200214000000;20200215000000;1.0
222.0;2.0;REVMT1JFUw==;SEFOU0VO;REVMT1JFUy5IQU5TRU5Ac2FraWxhY3VzdG9tZXIub3Jn;226.0;true;20200214000000;20200215000000;1.0
575.0;2.0;SVNBQUM=;T0dMRVNCWQ==;SVNBQUMuT0dMRVNCWUBzYWtpbGFjdXN0b21lci5vcmc=;581.0;true;20200214000000;20200215000000;1.0
45.0;1.0;SkFORVQ=;UEhJTExJUFM=;SkFORVQuUEhJTExJUFNAc2FraWxhY3VzdG9tZXIub3Jn;49.0;true;20200214000000;20200215000000;1.0
318.0;1.0;QlJJQU4=;V1lNQU4=;QlJJQU4uV1lNQU5Ac2FraWxhY3VzdG9tZXIub3Jn;323.0;true;20200214000000;20200215000000;1.0
468.0;1.0;VElN;Q0FSWQ==;VElNLkNBUllAc2FraWxhY3VzdG9tZXIub3Jn;473.0;true;20200214000000;20200215000000;1.0
30.0;1.0;TUVMSVNTQQ==;S0lORw==;TUVMSVNTQS5LSU5HQHNha2lsYWN1c3RvbWVyLm9yZw==;34.0;true;20200214000000;20200215000000;1.0
313.0;2.0;RE9OQUxE;TUFIT04=;RE9OQUxELk1BSE9OQHNha2lsYWN1c3RvbWVyLm9yZw==;318.0;true;20200214000000;20200215000000;1.0
538.0;2.0;VEVE;QlJFQVVY;VEVELkJSRUFVWEBzYWtpbGFjdXN0b21lci5vcmc=;544.0;true;20200214000000;20200215000000;1.0
72.0;2.0;VEhFUkVTQQ==;V0FUU09O;VEhFUkVTQS5XQVRTT05Ac2FraWxhY3VzdG9tZXIub3Jn;76.0;true;20200214000000;20200215000000;1.0
388.0;2.0;Q1JBSUc=;TU9SUkVMTA==;Q1JBSUcuTU9SUkVMTEBzYWtpbGFjdXN0b21lci5vcmc=;393.0;true;20200214000000;20200215000000;1.0
85.0;2.0;QU5ORQ==;UE9XRUxM;QU5ORS5QT1dFTExAc2FraWxhY3VzdG9tZXIub3Jn;89.0;true;20200214000000;20200215000000;1.0
362.0;1.0;TklDSE9MQVM=;QkFSRklFTEQ=;TklDSE9MQVMuQkFSRklFTERAc2FraWxhY3VzdG9tZXIub3Jn;367.0;true;20200214000000;20200215000000;1.0
354.0;2.0;SlVTVElO;TkdP;SlVTVElOLk5HT0BzYWtpbGFjdXN0b21lci5vcmc=;359.0;true;20200214000000;20200215000000;1.0
264.0;1.0;R1dFTkRPTFlO;TUFZ;R1dFTkRPTFlOLk1BWUBzYWtpbGFjdXN0b21lci5vcmc=;269.0;true;20200214000000;20200215000000;1.0
11.0;2.0;TElTQQ==;QU5ERVJTT04=;TElTQS5BTkRFUlNPTkBzYWtpbGFjdXN0b21lci5vcmc=;15.0;true;20200214000000;20200215000000;1.0
570.0;2.0;SVZBTg==;Q1JPTVdFTEw=;SVZBTi5DUk9NV0VMTEBzYWtpbGFjdXN0b21lci5vcmc=;576.0;true;20200214000000;20200215000000;1.0
564.0;2.0;Qk9C;UEZFSUZGRVI=;Qk9CLlBGRUlGRkVSQHNha2lsYWN1c3RvbWVyLm9yZw==;570.0;true;20200214000000;20200215000000;1.0
471.0;1.0;REVBTg==;U0FVRVI=;REVBTi5TQVVFUkBzYWtpbGFjdXN0b21lci5vcmc=;476.0;true;20200214000000;20200215000000;1.0
82.0;1.0;S0FUSFJZTg==;Q09MRU1BTg==;S0FUSFJZTi5DT0xFTUFOQHNha2lsYWN1c3RvbWVyLm9yZw==;86.0;true;20200214000000;20200215000000;1.0
396.0;1.0;RUFSTA==;U0hBTktT;RUFSTC5TSEFOS1NAc2FraWxhY3VzdG9tZXIub3Jn;401.0;true;20200214000000;20200215000000;1.0
359.0;2.0;V0lMTElF;TUFSS0hBTQ==;V0lMTElFLk1BUktIQU1Ac2FraWxhY3VzdG9tZXIub3Jn;364.0;true;20200214000000;20200215000000;1.0
302.0;1.0;TUlDSEFFTA==;U0lMVkVSTUFO;TUlDSEFFTC5TSUxWRVJNQU5Ac2FraWxhY3VzdG9tZXIub3Jn;307.0;true;20200214000000;20200215000000;1.0
521.0;2.0;Uk9MQU5E;U09VVEg=;Uk9MQU5ELlNPVVRIQHNha2lsYWN1c3RvbWVyLm9yZw==;527.0;true;20200214000000;20200215000000;1.0
75.0;2.0;VEFNTVk=;U0FOREVSUw==;VEFNTVkuU0FOREVSU0BzYWtpbGFjdXN0b21lci5vcmc=;79.0;true;20200214000000;20200215000000;1.0
267.0;1.0;TUFSR0lF;V0FERQ==;TUFSR0lFLldBREVAc2FraWxhY3VzdG9tZXIub3Jn;272.0;true;20200214000000;20200215000000;1.0
517.0;2.0;QlJBRA==;TUNDVVJEWQ==;QlJBRC5NQ0NVUkRZQHNha2lsYWN1c3RvbWVyLm9yZw==;523.0;true;20200214000000;20200215000000;1.0
183.0;2.0;SURB;QU5EUkVXUw==;SURBLkFORFJFV1NAc2FraWxhY3VzdG9tZXIub3Jn;187.0;true;20200214000000;20200215000000;1.0
430.0;1.0;UkFZ;SE9VTEU=;UkFZLkhPVUxFQHNha2lsYWN1c3RvbWVyLm9yZw==;435.0;true;20200214000000;20200215000000;1.0
306.0;1.0;Q0hBUkxFUw==;S09XQUxTS0k=;Q0hBUkxFUy5LT1dBTFNLSUBzYWtpbGFjdXN0b21lci5vcmc=;311.0;true;20200214000000;20200215000000;1.0
571.0;2.0;Sk9ITk5JRQ==;Q0hJU0hPTE0=;Sk9ITk5JRS5DSElTSE9MTUBzYWtpbGFjdXN0b21lci5vcmc=;577.0;true;20200214000000;20200215000000;1.0
412.0;2.0;QUxMRU4=;QlVUVEVSRklFTEQ=;QUxMRU4uQlVUVEVSRklFTERAc2FraWxhY3VzdG9tZXIub3Jn;417.0;true;20200214000000;20200215000000;1.0
185.0;1.0;Uk9CRVJUQQ==;SEFSUEVS;Uk9CRVJUQS5IQVJQRVJAc2FraWxhY3VzdG9tZXIub3Jn;189.0;true;20200214000000;20200215000000;1.0
142.0;1.0;QVBSSUw=;QlVSTlM=;QVBSSUwuQlVSTlNAc2FraWxhY3VzdG9tZXIub3Jn;146.0;true;20200214000000;20200215000000;1.0
366.0;1.0;QlJBTkRPTg==;SFVFWQ==;QlJBTkRPTi5IVUVZQHNha2lsYWN1c3RvbWVyLm9yZw==;371.0;true;20200214000000;20200215000000;1.0
179.0;1.0;REFOQQ==;SEFSVA==;REFOQS5IQVJUQHNha2lsYWN1c3RvbWVyLm9yZw==;183.0;true;20200214000000;20200215000000;1.0
320.0;2.0;QU5USE9OWQ==;U0NIV0FC;QU5USE9OWS5TQ0hXQUJAc2FraWxhY3VzdG9tZXIub3Jn;325.0;true;20200214000000;20200215000000;1.0
246.0;1.0;TUFSSUFO;TUVORE9aQQ==;TUFSSUFOLk1FTkRPWkFAc2FraWxhY3VzdG9tZXIub3Jn;250.0;true;20200214000000;20200215000000;1.0
505.0;1.0;UkFGQUVM;QUJORVk=;UkFGQUVMLkFCTkVZQHNha2lsYWN1c3RvbWVyLm9yZw==;510.0;true;20200214000000;20200215000000;1.0
581.0;1.0;VklSR0lM;V09GRk9SRA==;VklSR0lMLldPRkZPUkRAc2FraWxhY3VzdG9tZXIub3Jn;587.0;true;20200214000000;20200215000000;1.0
438.0;1.0;QkFSUlk=;TE9WRUxBQ0U=;QkFSUlkuTE9WRUxBQ0VAc2FraWxhY3VzdG9tZXIub3Jn;443.0;true;20200214000000;20200215000000;1.0
595.0;1.0;VEVSUkVOQ0U=;R1VOREVSU09O;VEVSUkVOQ0UuR1VOREVSU09OQHNha2lsYWN1c3RvbWVyLm9yZw==;601.0;true;20200214000000;20200215000000;1.0
113.0;2.0;Q0lORFk=;RklTSEVS;Q0lORFkuRklTSEVSQHNha2lsYWN1c3RvbWVyLm9yZw==;117.0;true;20200214000000;20200215000000;1.0
492.0;2.0;TEVTVEVS;S1JBVVM=;TEVTVEVSLktSQVVTQHNha2lsYWN1c3RvbWVyLm9yZw==;497.0;true;20200214000000;20200215000000;1.0
1.0;1.0;TUFSWQ==;U01JVEg=;TUFSWS5TTUlUSEBzYWtpbGFjdXN0b21lci5vcmc=;5.0;true;20200214000000;20200215000000;1.0
207.0;1.0;R0VSVFJVREU=;Q0FTVElMTE8=;R0VSVFJVREUuQ0FTVElMTE9Ac2FraWxhY3VzdG9tZXIub3Jn;211.0;true;20200214000000;20200215000000;1.0
233.0;2.0;TElMTElF;S0lN;TElMTElFLktJTUBzYWtpbGFjdXN0b21lci5vcmc=;237.0;true;20200214000000;20200215000000;1.0
466.0;1.0;TEVP;RUJFUlQ=;TEVPLkVCRVJUQHNha2lsYWN1c3RvbWVyLm9yZw==;471.0;true;20200214000000;20200215000000;1.0
31.0;2.0;QlJFTkRB;V1JJR0hU;QlJFTkRBLldSSUdIVEBzYWtpbGFjdXN0b21lci5vcmc=;35.0;true;20200214000000;20200215000000;1.0
182.0;1.0;UkVORUU=;TEFORQ==;UkVORUUuTEFORUBzYWtpbGFjdXN0b21lci5vcmc=;186.0;true;20200214000000;20200215000000;1.0
121.0;1.0;Sk9TRVBISU5F;R09NRVo=;Sk9TRVBISU5FLkdPTUVaQHNha2lsYWN1c3RvbWVyLm9yZw==;125.0;true;20200214000000;20200215000000;1.0
41.0;1.0;U1RFUEhBTklF;TUlUQ0hFTEw=;U1RFUEhBTklFLk1JVENIRUxMQHNha2lsYWN1c3RvbWVyLm9yZw==;45.0;true;20200214000000;20200215000000;1.0
206.0;1.0;VEVSUkk=;VkFTUVVFWg==;VEVSUkkuVkFTUVVFWkBzYWtpbGFjdXN0b21lci5vcmc=;210.0;true;20200214000000;20200215000000;1.0
180.0;2.0;U1RBQ1k=;Q1VOTklOR0hBTQ==;U1RBQ1kuQ1VOTklOR0hBTUBzYWtpbGFjdXN0b21lci5vcmc=;184.0;true;20200214000000;20200215000000;1.0
477.0;1.0;REFO;UEFJTkU=;REFOLlBBSU5FQHNha2lsYWN1c3RvbWVyLm9yZw==;482.0;true;20200214000000;20200215000000;1.0
377.0;1.0;SE9XQVJE;Rk9SVE5FUg==;SE9XQVJELkZPUlRORVJAc2FraWxhY3VzdG9tZXIub3Jn;382.0;true;20200214000000;20200215000000;1.0
364.0;1.0;QkVOSkFNSU4=;VkFSTkVZ;QkVOSkFNSU4uVkFSTkVZQHNha2lsYWN1c3RvbWVyLm9yZw==;369.0;true;20200214000000;20200215000000;1.0
274.0;1.0;TkFPTUk=;SkVOTklOR1M=;TkFPTUkuSkVOTklOR1NAc2FraWxhY3VzdG9tZXIub3Jn;279.0;true;20200214000000;20200215000000;1.0
252.0;2.0;TUFUVElF;SE9GRk1BTg==;TUFUVElFLkhPRkZNQU5Ac2FraWxhY3VzdG9tZXIub3Jn;256.0;true;20200214000000;20200215000000;1.0
389.0;1.0;QUxBTg==;S0FITg==;QUxBTi5LQUhOQHNha2lsYWN1c3RvbWVyLm9yZw==;394.0;true;20200214000000;20200215000000;1.0
469.0;2.0;V0VTTEVZ;QlVMTA==;V0VTTEVZLkJVTExAc2FraWxhY3VzdG9tZXIub3Jn;474.0;true;20200214000000;20200215000000;1.0
46.0;2.0;Q0FUSEVSSU5F;Q0FNUEJFTEw=;Q0FUSEVSSU5FLkNBTVBCRUxMQHNha2lsYWN1c3RvbWVyLm9yZw==;50.0;true;20200214000000;20200215000000;1.0
245.0;1.0;Q09VUlRORVk=;REFZ;Q09VUlRORVkuREFZQHNha2lsYWN1c3RvbWVyLm9yZw==;249.0;true;20200214000000;20200215000000;1.0
120.0;2.0;U1lMVklB;T1JUSVo=;U1lMVklBLk9SVElaQHNha2lsYWN1c3RvbWVyLm9yZw==;124.0;true;20200214000000;20200215000000;1.0
230.0;2.0;Sk9Z;R0VPUkdF;Sk9ZLkdFT1JHRUBzYWtpbGFjdXN0b21lci5vcmc=;234.0;true;20200214000000;20200215000000;1.0
215.0;2.0;SkVTU0lF;QkFOS1M=;SkVTU0lFLkJBTktTQHNha2lsYWN1c3RvbWVyLm9yZw==;219.0;true;20200214000000;20200215000000;1.0
530.0;2.0;REFSUllM;QVNIQ1JBRlQ=;REFSUllMLkFTSENSQUZUQHNha2lsYWN1c3RvbWVyLm9yZw==;536.0;true;20200214000000;20200215000000;1.0
171.0;2.0;RE9MT1JFUw==;V0FHTkVS;RE9MT1JFUy5XQUdORVJAc2FraWxhY3VzdG9tZXIub3Jn;175.0;true;20200214000000;20200215000000;1.0
68.0;1.0;TklDT0xF;UEVURVJTT04=;TklDT0xFLlBFVEVSU09OQHNha2lsYWN1c3RvbWVyLm9yZw==;72.0;true;20200214000000;20200215000000;1.0
91.0;2.0;TE9JUw==;QlVUTEVS;TE9JUy5CVVRMRVJAc2FraWxhY3VzdG9tZXIub3Jn;95.0;true;20200214000000;20200215000000;1.0
398.0;1.0;QU5UT05JTw==;TUVFSw==;QU5UT05JTy5NRUVLQHNha2lsYWN1c3RvbWVyLm9yZw==;403.0;true;20200214000000;20200215000000;1.0
288.0;1.0;Qk9CQklF;Q1JBSUc=;Qk9CQklFLkNSQUlHQHNha2lsYWN1c3RvbWVyLm9yZw==;293.0;true;20200214000000;20200215000000;1.0
251.0;2.0;VklDS0lF;QlJFV0VS;VklDS0lFLkJSRVdFUkBzYWtpbGFjdXN0b21lci5vcmc=;255.0;true;20200214000000;20200215000000;1.0
351.0;1.0;SkFDSw==;Rk9VU1Q=;SkFDSy5GT1VTVEBzYWtpbGFjdXN0b21lci5vcmc=;356.0;true;20200214000000;20200215000000;1.0
33.0;2.0;QU5OQQ==;SElMTA==;QU5OQS5ISUxMQHNha2lsYWN1c3RvbWVyLm9yZw==;37.0;true;20200214000000;20200215000000;1.0
383.0;1.0;TUFSVElO;QkFMRVM=;TUFSVElOLkJBTEVTQHNha2lsYWN1c3RvbWVyLm9yZw==;388.0;true;20200214000000;20200215000000;1.0
485.0;1.0;Q0xZREU=;VE9CSUFT;Q0xZREUuVE9CSUFTQHNha2lsYWN1c3RvbWVyLm9yZw==;490.0;true;20200214000000;20200215000000;1.0
311.0;2.0;UEFVTA==;VFJPVVQ=;UEFVTC5UUk9VVEBzYWtpbGFjdXN0b21lci5vcmc=;316.0;true;20200214000000;20200215000000;1.0
69.0;2.0;SlVEWQ==;R1JBWQ==;SlVEWS5HUkFZQHNha2lsYWN1c3RvbWVyLm9yZw==;73.0;true;20200214000000;20200215000000;1.0
461.0;1.0;REVSRUs=;QkxBS0VMWQ==;REVSRUsuQkxBS0VMWUBzYWtpbGFjdXN0b21lci5vcmc=;466.0;true;20200214000000;20200215000000;1.0
165.0;2.0;TE9SUkFJTkU=;U1RFUEhFTlM=;TE9SUkFJTkUuU1RFUEhFTlNAc2FraWxhY3VzdG9tZXIub3Jn;169.0;true;20200214000000;20200215000000;1.0
250.0;2.0;Sk8=;Rk9XTEVS;Sk8uRk9XTEVSQHNha2lsYWN1c3RvbWVyLm9yZw==;254.0;true;20200214000000;20200215000000;1.0
493.0;1.0;QlJFTlQ=;SEFSS0lOUw==;QlJFTlQuSEFSS0lOU0BzYWtpbGFjdXN0b21lci5vcmc=;498.0;true;20200214000000;20200215000000;1.0
321.0;1.0;S0VWSU4=;U0NIVUxFUg==;S0VWSU4uU0NIVUxFUkBzYWtpbGFjdXN0b21lci5vcmc=;326.0;true;20200214000000;20200215000000;1.0
87.0;1.0;V0FOREE=;UEFUVEVSU09O;V0FOREEuUEFUVEVSU09OQHNha2lsYWN1c3RvbWVyLm9yZw==;91.0;true;20200214000000;20200215000000;1.0
66.0;2.0;SkFOSUNF;V0FSRA==;SkFOSUNFLldBUkRAc2FraWxhY3VzdG9tZXIub3Jn;70.0;true;20200214000000;20200215000000;1.0
431.0;2.0;Sk9FTA==;RlJBTkNJU0NP;Sk9FTC5GUkFOQ0lTQ09Ac2FraWxhY3VzdG9tZXIub3Jn;436.0;true;20200214000000;20200215000000;1.0
360.0;2.0;UkFMUEg=;TUFEUklHQUw=;UkFMUEguTUFEUklHQUxAc2FraWxhY3VzdG9tZXIub3Jn;365.0;true;20200214000000;20200215000000;1.0
552.0;2.0;SFVHSA==;V0FMRFJPUA==;SFVHSC5XQUxEUk9QQHNha2lsYWN1c3RvbWVyLm9yZw==;558.0;true;20200214000000;20200215000000;1.0
210.0;2.0;RUxMQQ==;T0xJVkVS;RUxMQS5PTElWRVJAc2FraWxhY3VzdG9tZXIub3Jn;214.0;true;20200214000000;20200215000000;1.0
175.0;1.0;QU5ORVRURQ==;T0xTT04=;QU5ORVRURS5PTFNPTkBzYWtpbGFjdXN0b21lci5vcmc=;179.0;true;20200214000000;20200215000000;1.0
339.0;2.0;V0FMVEVS;UEVSUllNQU4=;V0FMVEVSLlBFUlJZTUFOQHNha2lsYWN1c3RvbWVyLm9yZw==;344.0;true;20200214000000;20200215000000;1.0
425.0;2.0;RlJBTkNJUw==;U0lLRVM=;RlJBTkNJUy5TSUtFU0BzYWtpbGFjdXN0b21lci5vcmc=;430.0;true;20200214000000;20200215000000;1.0
328.0;2.0;SkVGRlJFWQ==;U1BFQVI=;SkVGRlJFWS5TUEVBUkBzYWtpbGFjdXN0b21lci5vcmc=;333.0;true;20200214000000;20200215000000;1.0
568.0;2.0;QUxCRVJUTw==;SEVOTklORw==;QUxCRVJUTy5IRU5OSU5HQHNha2lsYWN1c3RvbWVyLm9yZw==;574.0;true;20200214000000;20200215000000;1.0
514.0;2.0;RlJBTktMSU4=;VFJPVVRNQU4=;RlJBTktMSU4uVFJPVVRNQU5Ac2FraWxhY3VzdG9tZXIub3Jn;520.0;true;20200214000000;20200215000000;1.0
235.0;1.0;SkFDS0lF;TFlOQ0g=;SkFDS0lFLkxZTkNIQHNha2lsYWN1c3RvbWVyLm9yZw==;239.0;true;20200214000000;20200215000000;1.0
272.0;1.0;S0FZ;Q0FMRFdFTEw=;S0FZLkNBTERXRUxMQHNha2lsYWN1c3RvbWVyLm9yZw==;277.0;true;20200214000000;20200215000000;1.0
465.0;1.0;RkxPWUQ=;R0FORFk=;RkxPWUQuR0FORFlAc2FraWxhY3VzdG9tZXIub3Jn;470.0;true;20200214000000;20200215000000;1.0
504.0;1.0;TkFUSEFOSUVM;QURBTQ==;TkFUSEFOSUVMLkFEQU1Ac2FraWxhY3VzdG9tZXIub3Jn;509.0;true;20200214000000;20200215000000;1.0
88.0;2.0;Qk9OTklF;SFVHSEVT;Qk9OTklFLkhVR0hFU0BzYWtpbGFjdXN0b21lci5vcmc=;92.0;true;20200214000000;20200215000000;1.0
54.0;1.0;VEVSRVNB;Uk9HRVJT;VEVSRVNBLlJPR0VSU0BzYWtpbGFjdXN0b21lci5vcmc=;58.0;true;20200214000000;20200215000000;1.0
379.0;1.0;Q0FSTE9T;Q09VR0hMSU4=;Q0FSTE9TLkNPVUdITElOQHNha2lsYWN1c3RvbWVyLm9yZw==;384.0;true;20200214000000;20200215000000;1.0
554.0;1.0;RFdBWU5F;T0xWRVJB;RFdBWU5FLk9MVkVSQUBzYWtpbGFjdXN0b21lci5vcmc=;560.0;true;20200214000000;20200215000000;1.0
65.0;2.0;Uk9TRQ==;SE9XQVJE;Uk9TRS5IT1dBUkRAc2FraWxhY3VzdG9tZXIub3Jn;69.0;true;20200214000000;20200215000000;1.0
266.0;2.0;Tk9SQQ==;SEVSUkVSQQ==;Tk9SQS5IRVJSRVJBQHNha2lsYWN1c3RvbWVyLm9yZw==;271.0;true;20200214000000;20200215000000;1.0
224.0;2.0;UEVBUkw=;R0FSWkE=;UEVBUkwuR0FSWkFAc2FraWxhY3VzdG9tZXIub3Jn;228.0;true;20200214000000;20200215000000;1.0
145.0;1.0;TFVDSUxMRQ==;SE9MTUVT;TFVDSUxMRS5IT0xNRVNAc2FraWxhY3VzdG9tZXIub3Jn;149.0;true;20200214000000;20200215000000;1.0
57.0;2.0;RVZFTFlO;TU9SR0FO;RVZFTFlOLk1PUkdBTkBzYWtpbGFjdXN0b21lci5vcmc=;61.0;true;20200214000000;20200215000000;1.0
200.0;2.0;SkVBTk5F;TEFXU09O;SkVBTk5FLkxBV1NPTkBzYWtpbGFjdXN0b21lci5vcmc=;204.0;true;20200214000000;20200215000000;1.0
523.0;1.0;SEFSVkVZ;R1VBSkFSRE8=;SEFSVkVZLkdVQUpBUkRPQHNha2lsYWN1c3RvbWVyLm9yZw==;529.0;true;20200214000000;20200215000000;1.0
478.0;1.0;TEVXSVM=;TFlNQU4=;TEVXSVMuTFlNQU5Ac2FraWxhY3VzdG9tZXIub3Jn;483.0;true;20200214000000;20200215000000;1.0
559.0;2.0;RVZFUkVUVA==;QkFOREE=;RVZFUkVUVC5CQU5EQUBzYWtpbGFjdXN0b21lci5vcmc=;565.0;true;20200214000000;20200215000000;1.0
