id;mult
anplcUdmdWt5dXNlc2pjaGFza3B6bGtsaVRPa3doeUtwcnh5Z0JmZHJyc2tzcGN5c29reHl6enVxcm5rYW1pdUpwclVycHVudGh6dHRDdHJxZGhwaGJreG1sbGlwcmhibnZ1dmZoc2RpbU5ra25rdWhsemh1RWx3Z3pneGF6d3d4bmhsaGdoZkRsamtiaHJ3cGxnaWVucnprcW5rbm1lbWtoZ2FQaW1tamFlcGt3enhnZnNhemx3dWJpdWVBcGZ4aXN2ZXdibGh2bG5xbmNaanp3Y2N2a3ZieWR4dGRuZWd3SGppeWFtYmZyeXZlZnV5d2ZvcmVxckl5Qm5Lc3Rvd3FuanBvenV2dHFyVWZudXV2bXZvcWN0dHdqcGNkdHBka3B2aGFqZ2hxY3FweWxkYm5mZmZkYmp6dHFnZEVicnNzb3FkY2xoa25hcG53cndnbndvenVKamh2c3lja2F5aHVqeGtsYW5jc3V0dmN5YWp1eW1qYmZzaHNsemxvc2VhZklUdW1nempweWVieWJyaHdlenRobXdzaXZhaG9sbVZ6bWhteG1KYW1tc2xubXZjZWZwcm9za3ppYWl2YmN0aWZ2dmlua2xjYmp6bXB5dm5xemZiZmt6Y2hlaGNscW5odHl2aHp3cnNYc2Z3em1pZGNCdm1uamFuc3BtcGh1eUlkaGZ5bXloY2NxbmltYWRhbXFEcGhFYmd0dWVWbG9obnl4cXVkZnl6enRlaGFqemp5Zndla2hmbGhyZWpvaGlmcGh2anJtZ2Vpa215cGhxaG1Ua3d2aXJzZHZlall6cWdiYlBvVlB1bWlldm9rdmR0bGJpcmNqZmZpdmxqdXppcGRkZG13cHpvbmJia2RuZmtIbVV2cHZ4dHluSXpWbGpuemt4cHF5cG9lVGtwamh6anFTYUxiam9udGJka29wcGtycmt3VlFkY2lpemx0empqd21qaXR0cnJodGN2cndsZnp4Y2plRm5vY2RPbGJkb2NlZHdpcGpza2d6WGhjd3FlcGtld3hvZWdvZmJtT25va2hpZHJsdmpselZ1aXdpb2dseWp0ZHZ3YnVod3VudmR3akx0a25pZm1vYmJwcnV0bGl4dXNyalBsc3NwdWtsYnVtb2J0YmhneFl6VmVqYWx2b2hvaXh5Y2F5d2F5bGZ5eWlvZG1ndnZndmNmZXpjeHF6eGNuemR3cXRodHd6cWZxZWtjcGh0a2ZueGxudmJtc291d2RpYnJzZmJwb2hxemNqdGFwaGV1cHl3dmpnc21kanZ4Y3RidWN3VWdmZWR3aGVubnp6cHR1bUlvdkxiTWlveXdhcmpvanh4Z29oYnByTkphd3J0WHNmdHJpaHBwanV6c3B4cXJoZ3dyd2ZueWR6ZWhqZ2Z6ZXNIYm1udGN6eW9kc2hra2praHd5ZnF6dnN3ZXpleHJicGJmcnBxeHJocnVxdWN3c3hqZWxndmliTnR1YmlkeHVsQXN2ZGltcWF1c2FneHh4YXJwanZieHZ4bHpYaXNob3Z4dXZ6c2dscWFxcXJoeXlibnBueGZtZGd6YnVFZlVkdlprY2dxanJ1aWRmZmV6eWV0eWpEcXZmbGJienRla2Z0RG54bEV2Zm14amh5YXJod2xRY2Z5cXF6eW5pd25pY3R5U2twYmd3aXB2YWJkempza2xxd2todmlmblN4bWVjdW9idGxxam1td3RtZ211Zml6WGRocGlvZHJ5b1lIa2plcGFlZ21pUXBpb2Via3RCZWhhYW5ob05kd2JzcG1weGVqb3lxY2NzandiamVraGN2bFphWGxzeHdxcXFmenZtZ3V6bWpqb3Rmcmt3ZHZwaWVzd3NodHRicW1KY3ZpYXJ1aXRtb2Zic2xrbnB6b1FoS3J3a25tdG9zbGNnbG92emZlbGhwaXB4bXdvSWRnSGR5YmVhcXN6YWVsdnpyZHFmaG1oaGRrbmRlZWRhZWRhZ3RjcHhxYnBrZ25jY2RkcmpjYWppeXJlbGhpYmhhbHd0eWt0YWxsaGxwZ1BmaGVoT2NndXNmWnBoanZ1eGd5dWZmZmlwaXlmaWJhbXNjemljZGhycGprZ2RmbnplbG5qZnNrb3VxamtpdGR0Q2N0ZmR2UW5qZXpubm13aXZ3dVNybGlmbmJwbG1adHFldXl2Z2dSZXNuZmFrcnJheXhqa3ZsandldWlmYWRvdmh2YndneFBsc2hkam5memZicklvaWxhbGl3R3JnaXdyZ2hrbmNoc3dpZ3l4dXN5RWJ2Z3JxaG95Zm15eGpta3Jmd25TaXFlemFpbXJ3bXZmb2RweXNwdHNzbmN0ZHh2cXdnd2hybHR1d3R6Y3lnZWNpZ2F4Z3NSdHl2ZHhvamtob3pyd2Vqbm53aWVqY21taXVjdGhia0xxc3BpUG5GeWlnY2VLYnluYXVuZW5mZHBwZWh1b3FmY2dsemRmckRudWZsdHRya3VjaWZ6eHJsYmRhd3NyYmRqdk1waGtzdnBtYnNuZHVrcmxka255ZHdzdWlscG53eGZzc3N1a1lrcFJrb250dW9obUJyaWRkdmlvY25xbGN5eHVlbnF1eWNjYnBpTEVpbHltbmpwaGxzb25TZW12a2ttZ2JheGhnY251cWx3aGFqd3FsY3lya2xiT3p4dGp4Y2drd29mcnhkYm56YmV4ZmtwYXZlb3pjdm5id3VlbHJlam15bW9nY3BiZXlsdWZ6aWVsYXhyb2dkZWFpaHNuaGZvem94aGtuZXpZa3JyRnlzZXRvZWtpeW9uTHFnZGVvbWpvenptaXJ6cHVza2hmc2NkZmhubHNjdGp0amlvYXF4ZXpjcGRuemlnbmN4aGFiTGJjbXk=;14496.0
Zm1GdVdvam90ZXNtZWJhZ3l6dGx2dmp4dmZjcGZ1b2JsRGNmbG1sZGp0b3RoaVZjc01nc2dhcGhscnhjYWl1d3dkbWJmeWVwdnpxc2diZHNndWJxanBwSnl1Y2l2b2xZa013WXZvc3FweHFobnJpa2FiY2FuZXhyZ3p3Z3VlY3pyTmlKcnp1Z3BzemVxYWZocnNreWt6bnNjZHh5Y2xpYW9mempxamhwdmh5cGhjcEprdWxteXBrZWhtcFp3VHZ4dmhnaGtncmpodWlyeHhEb3Z5bnJyeXByZmlzeXhleGJtcG1wYXVHeG15ZHh2a2dub2NjTG5lcG10d2ZleWliemh3cG9kaHZmdmxvYmx0VGpqdmVPZ2VueXp2aGxkZWJmckdjcnVkckJxcGl6ZWR5bFBpc2RraXRrcGtQcmVyYXFqbmNveWptY3BYZ2RxYnhyVWFqc3F4aWp3a2h0eHZ0a29mZm1qYmV5ZGlzZHNhcWhtcGJ0aGtpZG5vcG9nZ2Z6c3RqeEt5anV1bGJmd2xqaHVoaWdrZHZ3ZG5qaWJibnl4aGNoc3lmeHBqb3JkYWx0YmJiYmlzTXRhbWhsbmlsdHR6enhwbGNweXJsc3d4eXhsaHFuY2RxZWNlaHRmcGd3bWpubXpnb2Rhc3Zwd3JjZHhteWlzaW1rZ25ycmZWcXBqaW5wemVud2Z5b2d1cHZycmtwZXJQa21xbXVjZmdpYnJiZXJ3ZE1tdWpvbmh4d3BvZGF3TGV5Y29meXl0dmthZXZIY3F4Y29wc3J0Y3h4eXlpeW9rd2tpdGZyYmp0emNzYm9nYXFlZmV2anBsb2t3eXpvc2dzeXZ0amRidVBubG53eWxva3pmcXdjcGhrZ3Ria3F3ZWNvbHV0a2x3dGZtYWRsbG54cGtmZHljbnRtcHRvZHlyY3d6bXNxd25oeGFwdnd2ZkduZHhlenVoekpneGRzZXZydWJjbmJhZHd0aGJ0cHhheHNkYW1yaHd2enN2d2pPZnNsZmlmaHpzYm5kcGh6eXJpbmh6T3NwaXlzbXJ2bGNuYWF2anZ2c2hoanlxeXJlbGFqcGFuaG56bHV4Z3lkdWtzZHlieGx4eWRjY3prbmp6em51eXB3ZWZxYnFvY2RNZ3ZxdGNkbWV3eXBqb21zYXpmeHZuYmxKeGpTd3pFdWF1aXhkb2Nwd3pTbnFmaWplYXNhRHlmZG5hanVzY3B0ZG9veGFvc2VvZHVobWZ6ZXpobFBweGNtQ2FodG5lYmh6eG93ZXJ0eGZkSndoaHJwR2Rwc0tkcWtpeGR1bmZycWxqdWVneHZpdmVhYXFrYXRpZmlqaWRnbGxqZnBtempld3VEem9laWF6ZHp3aXZuZ3Jrb2psbW5hZ3dnc3l1dXNkZWZnYm9ocXdnY2J2dmp2Vm9xc3pxemx3Y25oendQdm9qcnJ1ZmZxdnNwbkZxanZ2ZnpwR2RvcGF3aVpkdHZudVVZc2pxdWZ0cm1pd3didmd1dHphZ3lxZm1WY3Zxb2Z6eHR2UWR1dWJycWllcXNnYm9obm1leHVqc2tsc3NucWNtcG9qaHZ4dGVjTWVubHR0eGdhdG5wc2trbmVkcnhqZ3VoQW5iaWNoZ2Nyaml0aGlyWWZwZHRmZmxwZHBvZ2Rpcnhhd2FpeW13YmxheWpvd25veWZieGF1dHBtbnRjdWVvZnhuYlNiZGpjcm1jcGJ0bGRoaGlvbWZzeHJjd2htanBvem5wQXBscWFnUXlDdmRvamNkQ2xnbnJmcWJrZWd1YWlxY3pteXhieXp5ZGRpTWNzd3dnc25tcmtycHVtZXdtcWFJaWxqbHhjb2F1Z3ZtZGFwaHp2Y2RpcnptbnB3d3NoSmF1Yml0Y2V5a256dXJoZ3Z5YnRrZ3lJcG93cXBlanJ4YXBiZ2V0Y3NpY250emFwaG9paWhnZlpxeHJlZWN2aWJ6YW95bHpqcHN3Y2NkanhjYmVpYVZmZ3FoRXhvZGdoZHliaGNpanViaGJ4emtvcHlqbmhpZ2J1emRjeWl1S2NoZndlYXdlcG54a2drd2p6b3NzeXZzc2NhY2hya2lyc2pzb2tqYmN3Z3FxeHljZm5renVvcXFzY2FzZnp2ZHJyQ3RyYWxrenBzcHFsamF0ZXBuZHVicWR5aHdJYmVybnFuYWlqaWpmbmdraGR1cHlpYmtla2F2bXpCYm14dnFheHZDSmd3emdybnd1Y2VwZVh3ZWhscnJ0bWt4a3N3d2Vya2Juemxvc2dnZ1ZxdGFkcHZvcmVkYWJsdHlmTHlta2x5cWp4eHdpb2tscnZjaWJhZ3lsdHJ1d21Ua3NscXd1bm9rbWFpaG9oV29zZ3VvdWx6dG1hZmNvbmFheWFlZGl1enlIYnBma3Vib2xrZG55dXBhc3p5b2FpY2ZhdGZ2amJ3YWRvZHprZGNvYmtpeXR1Z3JpdnJqeWR6b1B3aW1xbHdzdGNqaHJqdWdPQ3pwYnF2VnVseW1jamlreWVjaW5vWWRnaHRtd2Fxb29veWpscmVpb2pqcHh3RHBiYmJucnFFQXpndnR4c2xzY3RzenpwdWltZXdlaGp6b3diRXFseU50YXVmdmlsZW1ic3hmbGRod2pycXh0eXRpZmNDYXNFeGVjamN1b3NiY2p4YnBwWW9ranBsdWxjeXFnYWhlcGh5QnR2cGZXcmJiZHhkeXR0eWF4Z3FyeGh6eWRvZW9lcnF4c3ZsbWlsaXRpc3Ryb2pnRm95ZEhIZk94bGF0YXRo;<!NULL!>
Y1dqbmVwa25pY3VxU29tZnJ2ZmZkbXRqYXhxdHBMaWhtYmp5aW9rV3dwZGRsaGVkU3J6Y3Fnbnl2aGNtcGFOaHdjVnN0aWpnYm1yYW9wYXJkcGRjcWljZGdnZWJ6TWlnY2VwbXV3Z3RzbHR0YmRxamdvbmxlbWpoY3dxU3VvbHF6amxna3p6dHFnbnNlZXV3aGNjZnh4dXRjaHJGS3JpZWZxZHF0bHhqd3N3cXBNaXJwamJ1cm5xZmVkYUd0b3Z4cmJna2plaHZhY3hoaHVudHl5dXZkcWxxbnFrenFqaG51enJ1Y3lvYnZvdm1waHBjTm1nbnlzcnRpYXFia3BiZGtya3BibWVqbHpxZ210YWZ6b2ZvaGd6d3BoeXRjbmJwY2lpTnpWaHhod3J6Y1ZhZW1randvQmFla2doeGtFbm9la2NkYXh4ZW5jeXdtemZBZ2RnYmh2cHRreGN5cmZZcXFmdnR0ZGxmYXB5ZmRwcHB3a25wenVFYXRrb2prYkFzenV5dnRzYWR0Y213bWJqY2hvdnJqeHN6eG9haGhlc2h4Y3RpZnB0UWNlc3BhdmtjYmN3dm9idHdqcmV6Ymp2eHVhcHVwZ2Nic2dzeWVnWWZibGVhbUFlSWRkb2lkZmdidnFvZ2ppcW9raHBhYXlyckpyc3pubXJxbnR3dGxveWpiYXZZdmNhUnRwVHhtYXZwc3RnbmVhcWpoeHd1Y2lzVm1ianZjaWp6dXZncHFmeWpnbXJ0eXRmbHppYWF5Ymt1ZGxnY3lqZXhoa2lzemR1em5oZ0tzc3N1dWRwaU14cGtqbmJnYXJkYnJwd2dzY2Fod3l6cmRoYXdrY2d1amNpbGp1a3B3dmF5dHNpcnl6cW54cWJ2cGN3bnlsem54VWlsZWRvaHBxaXh6cHV3aXl0dWllalF5ZWNZb0dyYWNvdGt0Z3hhdGxkdmhwanZ4eGltdUd4dXBybnNlemtxeEhqY1ZpZ3FmbXVtZ3p6d21PdWdoYnl5bmdrY3d4d2dpc3lxdnFpcmx0ZnZjeHplbHRiaWx5cWdjaGVndGdtcGlncmRvYXlneWdobmJ3Z3N5Z2F0Q2JheGV2bnRyZ3RtdGZ4dGdmbVNwcnlvc2F1cVl0aHp2b2pwc3RjbmZocW5rdmNpanNicXJqbnRkemF3cGd4endicHF2TGl5cXVqamdpaHhIb25lb2RweHNoc25hYXJ0YWliZGZhb3B4dWd1dnpjZ2R4b3hvemtyamtnamNmcG50Y3BxY2hlbndxY2VieWNvemJvaWpqZ3lzYmNuY3hpZXZ5eWxkYndydWZucXdoeHpmZmJocUhPYWhjbGJ6dG5neHJ1dGdudlBlYmFoTHpocXZhb3V6SGVkaW5nYWl1cHJ5ZGl6eXJMcHdxaVRyb2RxemNnamJucWV2bERtenVid29jYURtdXViZ2V6d2duc25xemRkZGprY2F1aHlkY2dtb2VpaEFzZHlpb2F3cnNwaHJvZXRrbUFtbWxob3N0ZmR1bWxvY2podmNuTW5weGF4cGJta2Vqdm9tdHRvbW56enBqY2x5YnF2enpxanp1cGZrdmZqYnFndG14Y29nb0hlbWN3ZXpsaG5vTHZadWdyaW12dnFiZXlxc2pzeG55a2tieGx5eGxxb3FhcmFQc213bGx3cW9maWpneXhoa2dzYm9tbWZ1cXRuZ2ZoeXZpYU5yS2xqbmNqc21idGlzd29uYWttbWtwem5wZ3RwRGtkcmhzY29mZ2FoZmhtY25wcXp4dmNpb2ZqcGFmaWZmUnRraGxyZGR2c3FrcHB6V3R4amRkdmI=;510908.0
Z2pyenhJenNncW15aXZubXBqZWRscGNqamJ1aW10bGxpdWVvR0J3Ynpzc2R2dnp4dHdmd2JhYXZ4b3hyaHFjRWlkbHV4em9zc1ptZmhza2t1cmpzYXN4bnJsZW9mcXhud2x0Z3ZnTGx6dGxyYWFyZnBqcmpzZnBwY29iYXZwdmp3cXhyaXFQZmVvZmtpeWZ5eWJpY3VraXdpWWJmbXl4Y3R1UGtlemN6Z2NnY3llc2djc3BIdXVDaWxvdGxkcWJic09hY1Zzb2ZneGN5c215cmd1bGJ5cG5rdGV3amR2emFtdWdicGR5cnp0cmN4ZmNrcWJ4dGtmdnFocHRuanJ5cXN3dnppdHJ3Z3BzY2R6aXJram9jd2tvdHB0YWdjd2p3cmZ0eWVkZ2hyenduaWpkbHduenNNaGd4aGFmcWZzbWt3eHhwbGF6aHZzYWFieUNhbHF0ZHVlZmh5c3BjamZldnFVY296dWRpZXRibnN1cWtqZmt5Y256SGduaXlib3ZidGFqaG5tZGRlenBzc2ZheHRzcGtpZmFvYnV5bVNiendHaXJocHBnbWJjeFB5YnBzcHRpdWJic3hsdHVlc296bGl0cnRmTmFqeWd0V2ZiaHZtZ2dlcg==;422468.0
eXNxcnVicWVhZmJ4YkpwZ2pFbmVTZnFtaXB3dHBxbXBwYm12ZW5qY2hzcXZ3bGx6bGh6Y2VubnBrb3Z2aW9yZHFoYmp1bmF5dHhla3V3d2loaWF4Ynh4bWl1aWp2amd1amNqenpoZWdmZG1kcWd1Z3Zyb2Vtdm54WnVkYnB0anB2dnJrdm1zaWhhbnBveWV5dHpobHV0Z3N1anNpdGF3ZGxtemRvbXNpV2NVYnZzbHdrdHJmcnBpdGFudWxnYXprY2R5b291a2R0aWRvZm5peE9mbHNrY1FwbGtqd2d2aWNjcGtucHRLemVueHV3ZWhhcXJyaWpwSXh5cnBSelNjZm5SYmpoa0VidGR0ZHRrZ3VweGlkbEF1bWVmYk1SeWZmeGp0ZXR5YmlsaW9seVJyZ2NqcWJwa3RPYmdoa3pxb2FnY3FsZWlIdm96eG5tY3Jjbk5xbGlmbXlwdXN2dmx5eGNmZXl6YWdqdGhsbXp4eGdxemFhb2RmdXdlcXFibVdsdHFkY3prcnZqY2dqbnh6eXN2dHV4cGpkam5qZWhhemZyc3B4T3Z0a3hpZWRsanJ3cW1scmpscmdla3VneE5yYmRmcXp4eXpnemR4dnhzaHBuaXd3cHd1b3l5eGp6eXRjaHJram14enBoZ3RseGJmaGV2cXh1Znl1Q3JkdmJtb2V5b2tyaWJ3Y05yZWh6amxqTGp3b2tiamd0eG5saXJqZW1qb29sanZxeWprenh5cnpCb29oZlhiZWZtemNzZnRicW92Y3RwdnZsb3l6d3Jlb25oaXN4Zm9xc2l5am1zYm9oZ3ptUHVzdGxvbnB6dnNlY3hheW5teG5rb2p0ZGJwamJxaHN5emVqdENwZWlibXplRnRmbmt6Zk9vaG9ya1VvbGtvY3RweHN2c1dhemJ0aXJmb29CYW5mcWlya2xuemJ2Z2dqZW5xUmFncmp5Ym9ybHh5c3FpbGx2c2NjbXJ4c2ZuZmZydG5sa2pOeWF6b2Foc2J0dmZjdmViaHF4cmVpY1h0aXVnRWxBbGNic2lqdWxpa3lIa3NubmJ6dnptbm15bHBtdXVnaGdkT2NydXFmY2ZlSXVyTnR4Z3dzZnVzSnlUeHV6c3hza3N2emRrb2JhcmNmdXVjenRnYWJleGh0c25oa2d1UHR6bWVoYmRzaXFjZnJZYmxobmtqZnlud2RybnNkcGl1amhsbGNzZW1jdXl1Zmpyd3dnZHRkd2FvZmZuS25oYmdJR21laWJSa2lhdnFxdGN3aG1idXlCemZoeWlmeG5lcXBsdHVseG1sZHBuYWNKYXVhemZhdGJnSHNteWZ4ZWFNdm1kc0F6ZGhpam52dm5hZnJkb3ZxZG1ya3FtZXpmdnNjcW1jYnBubGR6WGFkZnFZdndmZmdhaHNsZWN5eHJ4a3JpbHV0YndsbXRqbHl4UFZncW1yblpoVnRpcmVidmJmZHZrb0FwaWZtdWZ1;234785.0
eHlnc3luaXF2ZGR2aGN3dGpnemtxcnN5UGZ0eXR4b29yYWVmeHJxYVJ5aXhxd2hyaXRoem5EY2NyZmtuZWttempxdmNkZGNkcmNaa2lva2ppZ3Z2a2p2cG9rdWtjamtrZGFjdHllcWZ1eWd3aGNzdHNJY3JwenFvRmp1YnNXenVqZXFybXBxYXhnc2tsZWNtcHFhaXF3YmlyY2NxbFZsbnV0aGxrZHR3a3l4Z2puYWJ0ZXF4amt4emx4UXRiZmFRYmVjY216YlJ1cVVpZnNrcHN1dHp4blNpd3h6d3d6cmp4bHZhZ3ZwbndldnR1b3FzZHpnZnVna2F4cHJscHp5aEtocnJ6aWdwdXZ2cnhpaWtmTnhocWhzem1uY3Fhd2plbEF4a3B4ZnljaG53YmR5Z3BtcG15Z2JtQnVodGZlS29oYnBzdHZmcWlmbndxeXh4a3hoc3J5dmNyd21BbXB3aGdoemp1ZEJw;130508.0
c2d2ZmlnemVqeWZzQWV3YnF4dGp0dmViamhpYWhzcnpZamt4bGZlenhybWF4dG52eWRjYWhsRVl0bGxubGtocHZuanFiYmZ4YWJvbXltdWR3eWNsc2hmYWFncmN5aWxqaGt2bnR6cmFzYnFxd2hveWJ0Y2piYmJ6ZGR6bXRGY3F2bnBzcHVzZXZXeW9tenh5a3FnaXF5bGRqY3hxZ3hmaXVMaVNleWlya2lXbGR4aGN2Z0Nlb3VlcHJwb3l0eG9semlrb29iYmlhY0ttY2hpZ3Z5YnJwanpiY2ZpenFobkRwdGFsYXdjYm1nZmJrZ3h5YWdzdEp1dGl4aG50cHhsaGxqd21ic212bnhmY2pra2h3RnpzbmZ5YlptYWFPenFsZWhtY2dEZXpwYm12Z2dqaHlkaHZvd2Jra3pVZndndXFtbnhpbWVoZGtmdW5sbGRxWmV2cWVncWlIa3RzZ2FxenpuZ2FibnNUZGRVYmVlaWZsc3dnZ2puRmZ1d2doYnVscHZiY3p5cW50ZmJkZXN5YnpkZXVzd2tuZnFrbWttTHR6amp5c3plem5tbnBudWtmb2x0eXF5d3Nnc25za2hqZGhoeG5sbXBpcnlsZ2VscEd5d2d5dmF0bG9pZmlmZGFyanRneW5mbHJ6eWx0bHdkdnh4cGRkcHpscEJjZ2t0anR4cWt2dmtsbGZpYm9hbWRmcXlrbHBscHV3c3Rkb2t2Y01sYWpwdEZtamhwZGpxZWxvenJLeGp2dG95cnhzY25pSnl3Z3VqYWd6bW5qaXRvc3ZhZnFpcmNjbGthd2R1dnJkb2x4eXN2ZWNobnhhZHRid3pzemppam9pdXJ4aWlkdnRQcnZ3bGhlZnJhb3phbmV6a210d29yb3JsS3hzZXVra2JHbmVvcnZzbXZjYXdmd2h6eHlsZG1udWFkd2hwb2pzb2JzcWV5ZXphcG1pdHR2bWxxY2RucnJpdGx3eHdsYmtzamdhdm5jYXhjcWpIdXh0cmxlbW51aWNsZmViZ2J1aGlyd3JqaHZrcmpvemxySmdqb2FpZmxhYnpna2pubHFqaXFjaHdjdHpsbHlhcXNpdHJtdHZrd3ppZXpheHRwdndkaHB3dmxvaHJQeXZ0c210dnpzaXhrcmxxZnRrc3lsSmpiT2xpbXZxamVzeHF1dHFtaWlvTm1UY2NkY3B1Y2lsaWpjZmR4bHlmbGF3cm1qbnBsaWV5a2ZmQmZkY2JtSWdwdWxqZGJjbk5qRmlzYmp4ZWl0c2Rzd3l2YXBwdGxpc2tscGJ6bWJvcHRxenF3eWFsaHJ1YXJJdWxmYXVxd2JzdG1qY2ltbGFyandGZHpiZm11aGh3blB0ZHBpcnhoZ3hsaGR0ZXV4bmNveXRlZWdicmJndGJoZWVGdXVuYWZVaXpkZ2F0b3p6d3RtdHR6ZWRiaXZybHJ6bXJzSWd3ZkV6amFlaXF0cVZiYmdxY2RhbnBiZmtsZGxzZnJyVGlucmVtUHBmaXBsSG1xeWdwcXh2Y2VzdGR1c2x6aVRsb2RnYXB4amthdWNzd3FvYWZ4ckpzbHhobmhqam5weGpodGN3ZGl5enVlb2Fla2h4YmF3aWdiaWVqZGx6cHhwdmx5d2l3Z2luZHNqaGZxY3lmYnN2YXBwZnptcWhncW9qa3R6ZWdienRydGRhY3VyYXRldXhqcnl0bnZhcmN4cnphYWtKcHFkeGVjZHFhaGR1a2dyaGFta2djaXVjZ21ybmVlbGFrYW14enNla2Jzek1qckltcGhveWJzdmxpcHRtcmdncGFsZXhqYXBldXBibWVYbm5qZmVoenNmaHhic2x2eXp1Ymtsc2h1c092cHNtSWtkb3ZtenBvemx6bm5pb2x2eW9lbWRuY3BuemFzT2tvcGVpY3Jsd2ducGt0ZGVwc2x0c3JTYnVob2d2dnJ1Z3B0dWp3Rnlwbm5taXFkZHl0YXltZ3Ryb2hxeWFjb3dodmREaXJsa3dxZWN3bnFna2xiU3B6ZGVsbXdvTWxib3l1ZW55bVNqcnZkY2toZXd5d3hNZWdtb21xZWNMb2dydnBCcHRja2lvcnZ5cWtiaHRoZGNsZHRhZ2tidXZ2aWFoeHFqeHJmaXJhb2RzcXdwZGFtaXV5bmJMa29jeW95cndsb3NhZGZneGFwZGdoZ3pkem1pdWZmZGRzaXNiUGxjUmtva29lbnR3c3dhemd0bW1uYWdTa3d5enZqbnpvdXZsdm1KenByem16Q2d2YWRvYnpvdm13aWpsc3JucnFyanlzcXp2ZnVtaEZtQ2JqdmptaHhIcGh6eGNwYmpyZ2p6aWNpc2V5ZGdDZndoYXNic3R5Y3Zydmh3Z3lucWVhaWZuZmNpeW93cW15cW96dmJpdXBvY3RpaWZycXVrc2FybEljbld2eW5CYUJydGNwcmdyY3FXd3d3YnBkdW1ycmtta2lNcHNuaXdwY3NyZGRuRHJ4bVZ0anN2dGJpeHFyb2JGa3B6b25qa25vY2l0d3JpUXJvSWFyaHptaXNlcWtjcEZqQWpoY2x6b3RpclV0b2x0cVJkaGhoemFmb2ppZHpsd21zcHh0ZmJrZ293dnZ3ZXB5cnFicnRhZW9hVXVxa2N5dHNqaE1scm1od2JkYWtneG5rdUN5bnFkZ3V0a3hhb3RJZHhmeHhtaGlmY2Nsa2Z6c3dsd29ydHVsZnN0bHJ1aXZ5YXB0dnZrYndKbW5iaXdnVndmdG91cWlzY3ZycnFlZ2x0cXZkdHN4cWNobWhvdGN2VHRkZHJ2eWNsdW9ra29rdHdsbmlwcnd6eHRwZ25mdXpjb2dqaXZmd3N3dGpyY2NjY2JtRHpwa2drc2VqaXJjRHJ6ZGRheWxkZ3ZreWN2dHhqbmZxaWd2cnd2anRwcWl5c3hmamtsZW1GeXJjenpxY213eG5vcGxwbXZyZ2xYYWlmZg==;32940.0
cG1veHRiTmNiaFplcnZtaXRhY25jaWZsdmdscGl3emhHZ2FpeHlvSG5kcG53ZnBhc2JqdHF1a3djb2R0Y3prY3JuaWdpcXVsY2dvcHB0bnR3dWVubXl2d3FYcHRyaXpwdmt4VHdj;51524.0
aFpjZml1anBramxqdUVPa2lhdHFjYmtkdGd6aWV0UGprcGlyZHlqeGRwanJhdEpsd2R2dWxjbnl5ZUpuaWN4eHB4cGJyY3dnZmZhZXR1QWh5cXBubXlidWFrdG1wYmxybWZzaHpoZ2R6b2ZwemRybGtrbGpmZHRvbXNmanZsc1hubGx2bGZtZE1hdWdrc3dubHNKemNrcHl3cHdsdWJra3h5ZWxpZHB6a3J4Um9nY3VkaGJnaHl5ZXBhaXZ3eHhtdXFmc3h3c3FuZmF2aWt4cXNhcGNqZWphdmRkdWF6dmVnZXZ0enpwa1VnYmFzamljZWZpZ2R6bnhrZ3ZpeWp1Z1lqY2Z2YnlzbWxndWRhc3Bxa2xmYVV6cGJsZm1taHFtdGNud25ybmlHZ2pnYlpvdnh3c29HZmZ5Z3ZnaGFubmd2U2phcGpnb3ZwbEp4eXhieWtldWJnZ3RvbWNwdmV2anZETnlmeFhvYXZLenhib3V3dXZRbmJyYndicXhndmlmdG9zcnR4dGZqcnBnY2dmZWZ0b2l5eGtheWhrZ2dsZ2NrdXB1YXV1ZGJlWmdyaG55YWtocHBwZ3ltamVuaXZ3c25pZXh0ZmhqZnVleHROcGJhdWdmbmJ2b2d6dGxqZ2JhYnFxRWp6cXRzeHVsa2V6YnVqd25rbnlvbmtnd2pyc3ppbHpaZ2txdXNkeW1jbnBpbWpkd3BibWZxa2d2cnhibHFyYmNhYnlqdmNzbWhtUG14bXRzZ3RodXB1ZG9pZHFzV0VEemFnbmVuaGNWbG9mZmx0dmRhYmVDcmlic2huUHdIaGVsb2hkdW1pb3JkeXhocmtncHBjdGhkenZ4S2Fla0pjQ3h1amxoamZ1ZWpzc25zY3VweFVyendicWp2ZWJ4cmx4enZzam53anV5ZHJvYW5tZGlmanFwbm50Q2l6cHR2dHJ3cXZHb0R1bXR2Y1p3c2t3c3BlZGFwZmhicnhtanZuY2J2b3h2ZG1udmx1aFlrcXdYeW5xY2lyaGhyY2x0aG12bnl4eWJ4emxpa1lGcmx3eXZhRGttY3FWZGZkaHhsZ3Rkd3B0SW5wZnZtaWRmaHBoa2h5Y2V5Z3ZjYXhjaGtQeG10blBPZW1qenF4a25kcHFLbmNvSmFsZ2VkYmh1Z2dhc3ZucGxjc2xsdGN6dmtjanVtbGtteGx4bkFna2JjenhkdXN3Z3B6anZ5bGx5dlRmZnlteEdvenlTdHp6a29tcnd5YmFlZm11aW9kcnp3aWJlclRucGV2eHRwdm91aHB4ZGN0ZWhjZkxwZWFicGlhb2pqcGRhdnp2V2JtcWt3ZGtma2ZqemJpaGptV2N3cW5rYWNybXpueWhuY2ZxZG5neGZwenJ4aXlpd25jbFVtbG1KaW5oZGxtSXdscnZjTWJscHVsbnBjaHZvakZ5ZXZ5ZG1OZW53eGt2bnROc2tkZGVoZW9rbnJ4ZXpxYXRrbWFpaXJvenJjenRrdGx1Z2J5dGZ4QXd2Ym9zV2N5dmdiaG1temh2c3BzemhiZ0VqaHZ6dXd4aWZieGRWcm9ncmlmd2J2Z2l4ZmF5ZnZpY213dWF1UnptZ29laGl2cHlsc2l0a0hka2xzb3ZPeXR6d2ZqdUx6aHdwdWhpZHN5ZG1raXNldnRzbmNlYnRsY3Fmcmtwd2Jod293bHZvdWRuanB2cXJ2aGJheGl5bnBjdnZmeWhrbXhtbnh4YXFlY3NpbWZpempsZWFCaGViaG5hdnRHUmxpbG1nZ2NmYWFobnNsaGx4bmttdmxxcFNpeW11ZHJuZmxha3hvZHV0dmJ2dXd2Z3Znb2hpdWxzdXhjdnlhcmdidWttcW1wdG1hcWZlanlqcm92bHNyemd5cnNhemh6Ym1wam1pZGRoQ3FsaWd6QW5Tb2Via3RpZGJ5ZXppeGZtZmhmYmt6b2FLaGttcklxbWZhZHh2c3J1UGxseG9kb05xdXhtcmphd2JobnRqcGlxaHVncHdRY2F0dndRdWJudWRpb2Fuc3l3c29rckZrcWVtcGxqa2tJdGh6enlhbmVjZ2NxZHp0anV1dWRvbmx3Z253enZ5andjdU1mbXN2c3VxYXFkdXlneGppZGRsY2xsZnNyc21wbGplbmlwZmdqaXhpYmVmZGR0aWljdWRzenRzaHd2a3p0ZnF5cnpnZGVlcWR1bHhxc2NrZWZwd3RheGtQb3F1aGtnbmN3enpzdXNud2Z4Y3ZnbmRuZEx5cWNkZmVlemt4dHBoZG9EeHV3amt0emdyc3JycHRmdnhqcXlpd2dkVndubm1xdmtqamxhcndiZ2N2U3FvbnlWaGRwdHhxdGJqZm5meWpxdWJ6b2RnZVZpem9kemtqZXdud3dkaHphaG13bmlzaHl1enJybHh0a3FsU2p3eW5ueXlmSHVyeGlnaWVtZG5ocHBoc3JvcHd4emdta2RuWWdkVGd4cXRkdWtNenN4Y2VVZGRneWVhaGVqbGNlbXFnd2VkY2ZreGd4enhWYXVxcnFndmNmaXZrc2RyY2F1bXVuc2RtbGRyaWlwaW95aWlwcGxwZnBnZm5LbmhvZkpqZGJucGhpYU1sdGNkam1wanZoYnpqc3VucW9DZnplYmV3bnNjb2duaW9scmRieXppYWd5cmdvdFRqeXp0aGhlcnhqZmdlcHRyc2picmd0cG53c2t0Ynp3dmRpdm1rcmdidHRwcGtndG5neGxtc2FsaGJpbXh4Ymp0cGZmcXp3cHBpanN4R3hoY3Npamp1ZXJxdnliemZ5UHBraXNhemxRcGhkaHJsaHJ1eWNocWlwa2lsZXdnSHNtaHBoeG9kamJpbmFiaHpxc2Z1b3h1b2htamFqZHhqVHB3Z2lkbmF5ZGxhcWFwaWFtd3BmdHVvcHN6ZnQ=;<!NULL!>
and2bndMYnZmcWxobGFmYnNzb2J5WXV2dm1pd2RnYUxWd2Jzd2FoYnh5dGZ2endhcWVocmtrWG5zdnp0ZnRldnd1ZGpva2dpcndoZmFrY3FsYXh2Zm13d2NlZnlucHFrcmFzc3Jpc3hkd3JlbG5nWnd4aXpUdGNMcHpjeGN3bXZ1aGt6bmNoend2ZGxtbnBjc2Z0eUNvbXJ5c2p1a3F3a3JobGlrc3lkZmFlb3JjZmZhZWF6ZnZkZWZtdnh2amR4aGdjbXZ4YVJhcm93aGNkcXdndHVxaml6eWZidmpnYnFyYm1ncnlqc3JmZ2Z1aXhjamNkZ3dxamZka3F5cVh2bml5ZXFzUGp6dWRybGlmaGxvdWJ4a2p4c2l0c2JpdHB0bHVmU2RoY21CcEV0ZndtcXBkZWJycGlrYXBqTWNzdG53c3NvcXNGVm5lbmRkbHVjb3ZldWtyZHZsb1lpb0xxc3dzYkh3YWl0YmpkaXduc2J3bHdnZmRzdVh1Y3VjZWt0cG9kem9udGVtcWpvYWZnZHF4YW5vanlhWmFzeGZocHhiZ3dEaG1senBscmFzYmxrdW14ZWhtd2lTZ3FlZ2tpbWZucnVuZGtqZ3BjYnFucHFtd3doZHF5dWNleG16enRrcmxoY2NxSHBmYmxibHZ1cHd4eXFjY3ZqbHJyeXpvZXJnYWZrdGRYeUJ4bWlzYW9idGZ4Z2Fyb3h6eWZuZmNvdGdxcXVlamhzZXl4c2RFY2RvbGhxeWR0YWJweHhvd1VuaXBkdHpjanRjZHppeXZ6ZHd1Y2Jnc2dhanN0ZHdzd3d1cXBodHRCd2pyaGd2ZG9scGxpenZkZnF2ZHV6dXdPdnJpaXJmeW1tZGN4a3lxbGxybHNmendzcXJkd3F2ZGJoYktheGRwZmRtbmxidGxobXNpbnd3dmxobHBzbm1uenV4emd3cHRwY2ZnY3Nubmd0ZHpzcnJsbWVrYWFsbml0aGZjZ2hubXZ3eWFDY2R1d3B0ZnhkcHVoZXhncnp3cGxnZmdrZG5vd1lmY2ZicXd5a2xncGlTS3RvcGNudXd1bnZxckhsbmN2Ym91Z21uYnd6d2tycnV4bWVyZmlqam9xeG91dGJuY3FyZGdwenhteXlwYWNuaWVsb2VsZ3lib3h0dm1sdWJkYWt3YWp2bXJjdnRtem92YW9HZmtzeHJsbG9zcmRsZ21kZXNjYmhiZ2ZocXFwdWpyY3VsdXlkYWxyalpWdHdqZGVuemp5Y2F6RGVhdGh0elh0ZXJPa3RpUndyenJwd295dWdPSGdtdWVjamFmdnRweHdrcmR0ZGhreWlyamp0YmxqZGN4dnV4a3NqanVncW12ZmtzZnlyb2xlZHFlRHVhdHlhZnBpdXJybnZyZHdjYWJlZWxqbGJnaXVzdWJ1eWNsdmt2Y3V0bmJmenpzanhvd2lmZ3h5YnVhcmhsdXBscmt1Y3VwQ2VjYmJpd3NnWmd0bHFnRm5ocm9xc3FsdHZhSW9uemNwbGFjYWpieGxydHR0enhoYnJkc2xsZXB1UWliYXlvY2NmYXRxZ2VjYnhzWXpzdXdlYlR3YXZ6Z0JmRnBtZG9jdnFidHRjcnFieXV0cUVlcmdvbm51b3BrYWFvZGF6ZE1keWtKanprenVhZmlhZHdvc2pjZmRuaWxlYXJpR2tyY2JxYXRrcGJiWGJkdXdlbWdlYnpqdnNtZmt1aGxtdmFycXNjb2ltbnlsaWFwa3JiRHp3dGZjYnB0emRyZ3pvZGxlb2N2YmtxcG5tY2Rud3BtZ0x0YWRkcGdqeGx5d2V1YWRiemxRcHVpZHdyZWtxcWZieHJzaHl1ekplcmJ2dWV1cEpwYUJ5aHlqd2tsb21vemd5Z2RtZmhwVW5yYW5kbEVxbHBWZGJlbXdnZ2xsUXFWYmdjeXZ1eHl2aXpxeGNmY25pZ2Vta3V4dnhvcWtkeGt1a2Fza3h2Z3d2cmJpb3h6eWNsbHFidG1vbnplbHFramFodmlyd2Fwa2N3b2Jocm1RZ3p0ZW1qamtvcXZseHpoeWdnbWN1cVVqbmpkaXF3YXRuaWx6V3hjaHNpZmZnZnZ0YnB4Z2hpd0VrelhjaWRiaWpxd2l4em92dnRqbXd3amRncHd0d0hhenRFamxseGlsYWxlZXlnb2ppb3VsY2FkZ3dtcHpqY2dma3FoYmFub0dzYXpwYWFmbXFxcWF4TW5sbWh0enhsY3RqcGZqdGRic3lmaHNld2RrY2RjbW5ldGxnb0ZzdWFqZGxocXB3dWhoRHpmUGlkcXpkZmdsZmdrZmR2aGdqamJvdXRHbWVueWxteGpqbHBibnd3aW5xeGNjaWVkcHV1Zmxxanh5YnBscHFicXZ3dHN5c2Rpd0NvYnpzdklneW5xcWhHYXZjeW5rd2FqS29jbG9hZ3pkZ3B0cWVjbHZpbmVzc2FrcHdncHFkeHhicWxneXZibGJrc2pycXNWbXd0aHd5V3FLeXp4dGhmbW9rZXplbG9td3BxbHhvZHN0a291ZnJtUmF5amhvZmFiZGVrbmp1bmF2bnVpbHJqdnp5bGNwcHhkc0txcWRrbGZ5YmprbEdma3J4TmRocGhzaWxUaW9yaG50bWZpZHd5cnBmc3RqaWFmaHZrcGd6bW10b25maWNwY2pQZ3Njc3pnbG91c3ljZXBiY2xvdGdieGRyc3V2dXdldHl3c3FlcnpibU9oemJ0b3Jwcmp4aXVZdWd4aHZ0cHVzZWFxYmZueGVheHhvZWN3cWJ2b2lnbWRjam5xbXVtb2s=;369492.0
anpzbFpnZndtcGtocGdscmpvYmNtY3dyZGt1bGJuem9wemNkdnpvZ0FweGVreGJlaWVlY2F3bmFpemh3ZXBic2RndWpjeHFwcGN2d1RyYXl4bnFycmRsYmVra2Vzb0J2cWV3ZmltYnpjZXZyeXhranBteW1qcGxwenRkamx3aXZwZ2FyZ3Nhbmp2c2dtcWNlaGxucXFmenppaXJ3Zm55dGZwdmRYb2VzanVxeG5hZWF4dmZkcmZscnBubmRsc211cXNrdGVleGVrcWRrem5tdWlid256bG1na0V1c3pmZmFidmJ1b3pkcGViZmpsYnl0aWhEeWF5b2dYeVJxY3V6eW9kamFtbGt4cWN2bmJvZml6cWJ6YnJ6U2FxaXR3VHhzaHpwbnZsb3FmZ3p4ZHltbmVmaGtoZW54WndqemhmYWdza2Roc2xibG5xcGJ0c0RoemNhdGtqYmVuenpuenhhamVscGxzeGpQaHllaGF2ZXNvbG91YUtqZHpzV250eHhzdXRqb2pjcmd1cWttY2FodHZvd1VzbWVjeXJ1eWh2cGtra2VibmN1a3B4aHh6ZHR5TWRsdXlwZWJiam90Y3J3Q3plYWFqbHd3cWh2TmRpemJhdmlseWJkaHpwdGhkZXFDZXV3bXl4d3libm9uZ2h0Z25hY3V4dmpnY3hjSWRXcmlpcmVuSXVNcnNydHpncXRUenZpZVNlbHNrbHBjbmZkWWtxUWFzeGtocGFncGtoZHFvdWJ2Z2pldERieGNmanJkbXlqcXZma2Zra2Jld1Nnamx3ZXdkc29jb2tjYXp6a2FqZGZuZXZnb2d6cnVlY3ZrdGF6UE5wYmxnaGl6Q2l5YmtqZnd5cWNqYXV3ZGd4bWRraGl0aXJqenJzbXdyaGphZ2psa3N3cnhpcGpjeXJ6b2lQb29UdmdGdGZxd252amx5bkprbnNUbVpzY3hjdXF5eWhlbXdhc3hybXFrcWhjZ0xoeGx6c2h0dWJ2d2Nlbmt4bW95dG51dnNuaGVtc2xtb3Jhc290aHdleGJxc3Joc3hpZXFuamZvdWp5cXdnbmtua2RlYXJWZ2thcXNsc2F6a3Vod29raGlycHRidm5MVGhqZ3lzZWh4cmllcWxtZE15cHRha3VnZnFjbmtlcnV3Ym5rd3d5cWVsemRvcXdqd2N1WGVuUHV6eXV6cWxpaXZwem56dmNmcWF6TUZ6dG53dXJiY29tbWVrcmJ3ZEVhVGZtaGN2ZGdvY29KbndoaXdvbWFhUHZoaHJpa3FpbGhod3FneGF3a2FydG5pYXhyZ2t6eXFrcWl1aGljdGJpcnV3bGxlbnhicWF6dWxucmlvamVuc3RsbWhndm1jeG11ZHdvdmVOcWpic2djeHFzcnZ5eWZ2aGxmZHNpYXltand1dmFqS2hjeXBxaG1ydm55b3J6Zkp1dnZjZ2dxeHp2bXF2bG9ueHRsbnNib3Zub2Jyd3duUEZpZmdubmJiU2VydWNvZ2VyYXZmc2lhaGxtZ2J5cnR5Y3l4aXd4d2xmbGhubkl6ZnF3dXJqYm9lZGdjcHR2RW9oT3Zpd3d4ZWpqYm52Yml6Y2NtaXpwaXFnYVBzc25saWFteWxlenB0aFBteXN1ZXBydXJoZk9wcHN5eWZ3bGFodmVLSGZ0b254bWFibnRrbW9qc2hodWlwZGdhaG9yd3NydWFyd2RVeXVhZ3BxYWtpY3VveWNna2xjZWNwZnphY2ZqZmx5anlpbndjdGF5YnllanpndmhlbXZud2Zsa3lvZHl3bXNYanNwamptZm12cXpsemdxd2lncnZkZ2l5bWpxdXRnd3hra2Vjb2d2ZnZqZ3VoY3hsam9na2VycHRua3hreGllZWR4Ymtxa2ZjYnh0bHphbXV4Ym13aWZubUNpTW9DbWN4dWh5bW1odnpjcHVsdnB0cG50cWN6YnFnbnhvdm1rYnJ4eWRscHp1RmNhZGRueUdnYnJrZGV3anpydGR1aGpib2Z2SWV0cXZhcHN6aGFieG5mZm95em1ncHF6dWpwZmt1dHpubXRpb3J2anVqcWtldGR1ampsenRqanNzcWFtaXpwemJneGJiZ0J1VER0aXZtc3lkeXl1aElxdWJ4cGJ1alVkZWd1dXppeGplT2NxdHNuZGNwY2RjdHdieGplbXlyY0htY3lscmhoWG1ka216eFFlcXZ0ZnV3bmJyaXZBcXdvaWZoeG9xbWN1cWd6aWdhenpvVWdlcXFibW5ubWhvbnBzcWp1bGlDYnp6dmhibmRuc3p6YWR4YnhwY2twdWlzd3p4VG9jcnFpak5nZmppbmVuY2tyd2prZW5kZG5qanBtVkZ0RndzaWxodmN6dnN0dHBqeXB2bWpoUG5ueW13cWlvdHRleHZqa2VsanNla29heml6YXV0aHJodXBwcXlkemtmcHJqVWx2eWVzaHl3Y2x2Z0dxd3hsd3FtbWx0Z2V6ZmZHcHptc21tenl4ZXZqam95YWt0c29pdHp5dXRnbGllcG1jT2ZsanJzZXZlanJhcGFpZ2NkdXZud3Fub21venB5cmNpY2ZVRG5mYWptdHBJanNhaHZ5c3pkUm9ndWJ2ZGxhb216a2pobGxoWkZuZWtrb2R6dXB6bHlWbXh6YmNrY2Z2cWZ3bWJ6Umh6bGZ2dGlpcm9mZ2F1YWdjb3BpYnZlcml3bmdSYXpneGRud0ZmZ1hkZ2Rzamdwc3lwYnNzZHBrdGlqa3N1dGJ5c2ZTa21qc3lnYmR2dmpmcWxzaWp5dHVmZXVqZ3JqcWxmbXVrZGlyY1BqZHl5dmx3ZmF6dmlwaWRkVWpDdnVrdHloc3dqamZrcWtjbWRhb21sam56UG1kc3Vid290YWJiZGNmenJkdXp5cmdZaHprYW95aHFrd2txbmdrYm5wa3BpeHdyc3llcFBjbWhjb3R4bmR5Zm54a1VwcGd6bHJia2x1b29ra2x1d2VzcXRxZ25sZFV1cW9sbWJ5aHVpTm9sdnJDZ2FFbWFlZmFpdg==;<!NULL!>
aXV5YXlpZnlrYXhjcGJoeGliZmVvZ2RRZWpra0tjYWJyaHphek1McWppeHZkaXZsanFlanByYkJ4c2R0Z3Zjbml4Z3BqZWdubnptd2dpcHV2TUJjdHBuWWxic2hzcmh4ZG1qaGNvRGJ2YWZpb2pxeGF3c2ZldE1Qbnd2enpldmxqbm1zd2N5Y1hsandkbGJ0bXJhbGhrYXdud2dreWx4c2t5Y2x3dXJDZWRobHVmam13YWJ0cm9GbHBubXR0dXdpd05yZkF5amZudm5RdWR0bnR6eHdqbXRsd3prdXNpaGNtdWh6ZWZpeHNiaXpxb2xkY2FteEhoY2h4d3BtbHV6ZHF1Znh4ZWJpeGV0cGdoeGtySWlja3Zkdndyb3NjamxyZGdkdGZ4eHd2U0NrbXBmb2twR2d1cGlleWFncWNpYmZueGF6Z2RmenFjb2Jncmh6VHdjaWZ3cGhndW9sY2lyZ2d5eHJpcWNvc2JpYnhja3B3Y2x4cXlxcHdveGlkZGtvZWtzZXNhV3hrbG51YWdpcG11em1meW9uZGV0eWlscmZhYnBnbHR1cWNwZmptcmNnbHRla3h4aXVwaHN5b21panpaZW1yYmVucHR3eWNzYWdwYWtvYnB2Y2pneGtjbXZmZGdkdnhubHlrUWJtdm5IemJ3dmFoY2h2U1RldHNsb2VkZG1uYXF4cHZscGJsdW1wakFzbmxla3ZzZHR0aGVoc3ZjZnd0Znpub3llU2p1bGR3bGpuY3Vua2ZlaWpsZnFv;314610.0
YWd5bnhyclVzcXpyaG15WHpnY2d1cGRhYWNxdWJubWl1Zmd5emZza3N3eXF4Y2d3aHBubHhnaWRJeXl3ZHpweHhsYXJ1ZWRmcnlxeWxEbmhnbGJndWJlZ0djdGJxc2R0a2JnbmJweGt6emtyemFkYnZremF0YWRudG9ocm5yanVlb2R3enpndGRsQmF3bmxheGFhbGZpcWNuaW9vaE5zcExzeU9zY3RkRW1jeW5wcnVr;98591.0
a25pbmdoY3d3enZ0ZGRubnZranllb2V4dnp2bG5kamZuZXlrY29rdGllbnZhaWd6cXFyZHpkdEFkbGp2cFhZZHdlaW9md2t0dXpuaGFncXVkeWhibmhUdWxrY3FYcWVubW9reW5haXVicWRkcWp1Z211YXpyZWF1amVOblNrb21sc2NwbGxxTnlsamhnZmZmZWJid3Z0eXptcnp4aXdjbnJ2ZFBpZWRid3VuYm90cmFjb2ttSHdqc2VtY3VvZVV0dGtmdHRxbWl5cmh6eGRxc3JmRWFlZWlqdm5maHFuYm96a216eXV4WXRjaXR2dHNqa0FxaGx3cmJ6d2ZNbXZraWFpbG91cWhodGRiaWhkanBoY2lvZW5xaWR4amdsbnVyelhrYm9yZXR0Y3NsYmttbXN5cHlyZG9qbXlud2JrenJsaGR4dWNsYWhkVHBhdXd3ZHd3dWRvaGloUGVqcHhld25udmlmd2d6dXVxYnlqdmNuZmV0YnFzemlpbWh6c3VqanVvWGl4ZGpxeWVhcHJycmNuZm9oeGt3c3Jhdm5ob3Zna2t1ZnB2cWd4dWZucXZ1em50dnJ3bG1sbnlqbVNiandkWGRlcG1kd2dzcmxHcHFhdGRzZnV2dGdoY3l6Y3lxdnR6eG5waXJvdGh0enBjcnB0Y3Zub2x1ekJydHZ1dXJzc2J2aXVnY2NkbHdyeWNzRmtkd2x0d3RibWFleHdrcmJveGtpdnh2dmFjcWVhUndmakN2ZnllcHd1eXN6YXNpcW10U3dic3phc3FweGVtc3hpdmVwbG1wa3N5YWZ6b2hoaWdmanZzYnJ0d2dkbG53ZmV5cHFiZmlpZnFnaGR6ZXZoYlhnYmJhaXhLZHFPam9jcFBFeGZxb2h5ZWprY2RIcXFmbHpvcWlqalR5dHFydGJuaHJ6cmt3dW1tbm5VZmpibWRteHBiaGxyd3Jrc3R6dGZ2cXp3a3hxZWZraGpucGRkemhjcmJqYVRoZ3pwR3N4dmlid3pvd3RienN0enN1aWhzdnBCZW5icHN5eml3YWJoeWtia2NzYklpaXlmZmZ6eHBscHJkc3RmYmh6emdyY29hdGZtWmRpZXpucHVybHFmd2pybGFFcGdsaWNmYXN2bHN6a3phdXZ5Ymh5ZWZNdm16aXpicWxsdmVudHJ1dHV3Y3FrY3Jtc2h3amhncWZicXBvTWVzbXJmaGVWa3NteG10dHVmeXBlbnlsenVycm13dFdpcGJzcHp1cHpmWGlmeGp5b3hic2FxaXJkeWZmWW5qamhWb2liZWlzcnpzbHpPcmhkZGJjaWd1bXZvcXR3cHR5aG56Yk5kY3lmZmpwZXlqdXBmeXFSc2xwZmljYWdzb3ZmY2V1Ymt4dGJldWZwanBrT294eW1uenlpand6ZWJscnJTZG5wcGtrYkN3Z3pxYXRvYVhpdGdoamh1ZGFndGxTY2xnaGFzdHJ1anFmZmt4dGNvRm5wZ29rYXV5ZWl0eHdsZkhueWxkaWZ3aWdiZ3Rjcnd0aGZFZmZqdHFtdWZsbGNyb2pwZmxxd3V2Y3lid3N5a2RxdXhsaWphZ2N4Znd6YmNkcGN1b2x2bWVqUnBnSWp1ZEpqZWJ2YXJlbGpkZnZBYWZxeGZpa2lidGtwaWZna2JxZ0dpcGd3c2pzdU9rdGVpY3ZpeWd5cWxkdHJxYnB5aXFvZHlmZ3V4Y3Vsa3p2c3d3bW5mYWFrY1dyc212a2J3d3ZpbXBjdXJ5bmxyYVdqdWt5ZWFqeW9zaXhib3RXZmVlYXRjZGVwd3dpb2p4dXpoYXBpa2d2dGJ6ZWNzZ3dlamdkaGVmbHFXc3pjZnZGcmpLc2RLeG50YWp5eWxuZllsS2NubWpkZHdwYmpzb21pcHlsYnVwa2tkbGluaHJ6cnFtdmNsdHVyeXN6cnN4cGxiY2RlZW1zdnppc2Nwdnh3endnVmVrdm9lbmZibG9iZnlkaHZqZ3ZvaW1xbGRhd3JVcHVjbHhuenRhemxndUpZcGt3a25xZm96aGZha05qcUFyeXFmSHd1eG95cGJKY2lWb2pvdGlvd3RkeEx1ZHBxZHhnZWNncHlyeWZqc2Nxc2xoaXV1TW5oZ3RydGlla3BjYnZ5amx3ZmFya25GZnl5YXdpU3dxaWJpY3picXN5cGx3c2Z3am9obnpxbGprdXBkZ2R3T2t3c3V0cXJvcnRqZWpkdGVzTWRkdHZzaGNsaGZicWNicWh4cXVodm9pZXp0b2JudnRtZHRjemlwYnRheHRrZ3pkanZkaXR6aGpxa3luYWZ1Y3lndW5remx1dHljb2dmSnd5RHJlcm5mb3picm9pcnBhZ3VwdWpkbGZvcmNpenpvaXdQaXlieWxubWdCbmhtcHNndXZic3l4enp3cWNvcnVvWHB4VWVqenNnY3VZckx2b3pwenRxeHRidUxGbnVvWGNtZXJjY0JuY2dyQ3Bvc3dkUmRPdmxoeUN1aGx5ZGR2ZXppZGVpaEh1Y21rZGx4ZnVnZGJ3Y290bHVmWHZtcW53Y3dxbHltbXhxeXlsYXhld21vZ3VlbGxleGx0eGNxdGJsYmtuaGR5aGZxb2ZrdXBOZHlrenRhd3R4Z3B5dGhhcHZ5T2JoZmpocndvcXNiWVpnZ3RpZmd2aERscXJ6bGhqYnN0bGtlZ3d1bHJycnh2b3d5YUFhd3ZhdWdrbWRpcXlzZXlqb2l4ZWZwYmVoa2NuY2N6Z2Z3Y3l0R2RicHdjYWxhYWppaXJzaGVxemJqZnFmU1R6ZXhqaEhuaXlvY3dncWdpZ2Fma3ZmbnBzZmlSbXlyWHlicnl1cXRuaGx1YUdlbWdiUnVrdWdxc3R3YnNmS3FnYWNicHRoenR1eGt4cGd0RW16cm1ldG9vbXNlZnNncGhpdnV5d2txY2VzemRmeWJ2a21GbmpocXRmY3lGT25ibHlvcHBuc2Z6Z2hma21vZXpneFZ1Z3liYnlrZWtyYmVmY2NtaHh3ek9hd3R4YnlwcXlyZGplaHlzdW1ma2FxYmJmYXdpRnlybGtsemlRbWxmeHVjZ3F3Z2pod2JqZG91bHh3dGZyZlFuZ3JxZ2Fmd05jZGRrc2RjY0VicXBqZnpOY3JzZWNjY3lxYXd1eHRzYXJnZGVlcw==;630005.0
ZXBmd2xtZHF4dWpvdWJpYWNObnNicmFpd3lxYnBxbHRxZ3p4bWlmdWNha29IcnF1a1Zpa2xmZG9pYWhucWJxeGdlaWVjeHdibnFrcmliaXNpZnpwcXN0ZHR5YnZlRVNic251dHV4Y2loc3RmZW1rUHB3YXltaXVtdmxmenpoZ2xlcW5LdmNraHhVcXJxaGVzd2VhZXFidGtkZnBvYXVxd0ZqWW51am51aHpiemV2bm5kc3B6amp1bnZiZG1lZ0RscGtwa2J0aWJlZWdtZHNzb3ZmYnN2enBxdnh4eXhscXhnZG15b2FqbW5pb2x0YXN2aWFzUnBqbGRsamJ0bmJxbHpjYXd2YXNqbHJtbXhnUWp5ZXhnZnZndHV2ZWFyZmh1a3JjY3V4cGVsYXFocGxadGp5ZWxsYnd4cmF2bXNnYnJ4ZW5FZ3ZVbWRoYWpsbnRreWF4Zm9pbHp3bGhjZ2F3ZGhha3d4bnhicmF5aWFkbHZwa2F3cGR3bnpxcnV0ZW9vc3ZpaWVxWmtyanRjcHN5aWduYm9jaGhtaGFYd2twZlFpdXB6dHltdEF2S21paWJub2FmaGNlbFF4dWFSemZpcmRhaWNrS2dlcmtma0RmVmpickljcm94Ynpxend3enllbmV4ZHdsaHljd2NoZG5oeWh1eGRqd2tjY0RrcWhGc2JsdWhzdW95cXV4aXVraG1panBvc3hxVU1xZG9xem9pcHNoeXNxb3h2cHR4b3JkZ3FheWpyaGppYWdCbmdlenFtZnhmaGt1dXpwdWlobG9kamJGb2ttbmFmb2dpYmpvc2J5WHVudW1ua2RwcWRzdmZXdmNpYmpqcG1PbWRlaWlyaXhiZ210bmV6cXBabmJoZ3FiaXhubWRpc2tienZzYXFscG9rYWVHbkRjbnZvcGt3bHhmYlpsanR5Z2l2cXBnQ2drYnphY3VhbXRiY3B4Y2hyd3dxbnZrb21nZG1xVWhwcGVibHFpaHZxa2dvZ3hrcnFndnBkdmV6aWtkd2lnY211cmVpdWpyaG1ucklmZGt1alZldGxqalFxbXBlZFplYWVwc3Nrdm1hY3dhZVBsd3FmYnh3cGVmZ3NtaWNla3l0cm1JZmZuY0N3YUV5cWFseWFxeGVpZGthcnJleGV3ZmZnenZ1eml2TXp1T2xhc2dnbHFoZW9rblppYm1sYWRoZW9pY2R1dnZ4emNyd2Jkd2hNanZmeW1veW5hamF1cnZkYmt4dnNzdXBnZmpreHBqb21seXZ4eG54cGFscnlwZGVxamNxYmZjem1vbmZoamd5dHB4cXdma2dvZ3hlampwdWNheFlRcnFsa3Z1eGd3emltaGliam1lb3VZdHBtd0hwZXByZ2xmc3N3dWNqb2FqTWxsaHhwbm1oaHRjZmtmcG5ycmlNamt1ZGl0dHFsenZ3Z3F5bUtrc2NpamZ1cGdqdll5dmRybXNheXhueGVybHF0Z2dVdmJob3FyZm5qY3Jyd2dqc2lxa2NXamdhYWFyZGlocXl2dGJjanJtbmR1cW1kbHppemZhYWp5Y3Z5c3B0cWdvenJhZ2ZrZGNzeG1qYXJ0bXpyYnJrbHFxaWxqbXFrYW1jam1rdXV2RmV2aWNwc3lydXl2endkeWZxdWp2Q3Vwa3NlZ2llZXpkcmZ4dmd3cXVyZG5hbGJwbnVkcmFoenNyamd3emFmRnlrSnBoenJxeXRnaWl2cG9zdXRpeGp1ZWVvbGZsZnpvVmJxZXd1RHVKdmxzcmt6a2lnYmVuakZ1Y3VsdGl0dWRzc3JBZnduZnltbXJmaWFjb2F1bXNsZmh4b2tuYmN1dnF2aXBlYmttZHhnSXNRampuZXJ1d2xyeG1uZXZuemlTeXdvdm5qd0VwcGx5c2hub0dueHZqZnBxaHpkb3VpeGFiaG5ucm5oc3p5bWx3a3Fyd3lndHZweGh6cWZuYmlrdWhsZW52bXl5dVRwcGFkbG5qZXdnbXdFZHN4YXF4anF5eWdzZ25lbg==;590612.0
amNoZ2V1end3d3JzbmdybHZheW5wbWJweGZpaWVuZHd6aGppYnZpcmhjZ2xlZmFsZ3NjbGhzYXdoeWRPd2ducGFwZnBmYXNzaG53bWp1enFsZWFtcGRreXduamVraXRwZnZmZmhzdHplb2F4UHJsYnN2bnBuYXNxeXVmZ3JkcmthbWpiYmVnZWtmamxwc2J2emF4Z2ZpYmNqcXhpeHl1eXdjdWpyaXd6eW9xemZndHFyekZvZHdmam9adGdpcWdtQnVnZ3dlZW9mbmViZmxsdnFnc3BBYm5odHljd3RmYXh3bGJXYmdkdXVrandSenF5RWtvcHdodWxXeWF1eHRsY3JyUmlkenBydG1zbWxnY3NudnZianpjamNyZGVnYnZlYnphcndVbGJhanF6eG1kaWlkY2hoeGhqb2Rld2dqeFRkeGVqbE5ic2ZndmxwZ3VidWJqcHJjeWJ0a2V2cmZMbWRqaWN3Z2tlbHZHZnh2aXJxbXlqemh5aWJ2cnR0d3B5cm1ucGhyVWdhcnJhdG1tYmt2Y2Npb2d5b3VnbG90cW9ldW9ndHVndnJubm1icm15aEVhaHhmd3pxb3RzZ2dmd3h1cWJraGF1bm1sYWduZXpxd3NscmhuZUVlZHZ2eXB4V3ZqYmJlcHpkdVVwaWV2dXZHcw==;438133.0
Ym55eHZtbGdvYmpwZ2t5Rm9ueHhocm9lemZmc3RwdGdpZHB3VmpjY29JanVma3B4anZxeWpiZ3phY2lmbGdlYnpidmhjcmdnYm10dmxsVWNsdm5xaWZ1eGd4a2p1b2N3ZGtkamplYXFhYnlqcXFzeXNzY293YWh0cWlqd3hzeW5iZ2pud25scXRsdnR1YmJ1ZXVqcG5mbGdTeHh6a3hjanBmY3Nod3Nsc0t2Ym5yY3h3Y2l2Z3hhYnR5amZ2bHd6ZmprYWdvZmNibnhma3NoeWNzeWVsZ2VpY2xxa3pkenBweW9JbUlucXlvZGlpZ29uZG5ueWN4aWZqaHhxQ29pam1oamV4dEFqdmpmcWdveHFucHhvcGRzenlhbWF3eXBoaWJMZk1raWFaeHBudWVpdkVyUG94Z2dxTG1pbXd0bHprcGdudmVxZGRzZEZ6Y3pkd2Nsd3FveG10aGZza2trd2xpYWFiVXBkZ2lobm9jcGp0ZWhzc3NndXNiY3hnZHVvdW9kdXlrWGFjaHF4YWtvdmp0c2RteGx4aXNzbGlqaWl0YlN1c2tjY2FyZHVkY3JxbHJhcGNkZW9jZHBmd0h2bXh4emhoZWFjaXRyc25haHlhamZWd2ljZnF5RmxRcGVjcHJ0dG9kdGJjcWVwRnlxdHd3UmdvbnNmcmlsalZDbmlkZnZqanhwdXVpenVwZHFjcUZldHdma2xjdHVxdGRpb2Zqc3Bhd29xcHVoYWd3cmd6bGd3cnlxb2t5c3hud2plYWprem50cmtKbHlVbmlsZG9kYW96bWJ1bmJ3b3V3ZXNrZm1pVnVneWVSaGRpcmFlb2NocnV4Z3hobWx6bnhtb3dqamxpa3J0dm51eHplbWd5a1VoZnRsZXRmbmRlcmRpYXN0eWh0cGdzYnF1bm5jaXJnbHhkdG1mamRvaHFkeW5jbGJrZGV4b2RqeXB2bXVra29vYWNsaGRvb3hjamZqb2lnb3lXZmh4ZWJ3em96Z3Bkak5keHRjbmdkd3RobmF0eGJleWJlaW5lYnFqYWljYnJ2cFRqemhwcmx6ZGlndHNmb29odWZ6T3Zkbm1yaHVTZGFuZ3h4ZGlmcGZ4bXFibGJydm1hd2p2ZWdkZ01tamlkeWF0aGZmdWJlbW56aXhmYWFuanhsemhuYnp0eGZ5YW9zeWtzdmV2YmZwZGluc3V4aHBma2F2Ymh5TnhhcXR4S3JxdW56Sm1nYkx0cGx0dmR4enpta2F1c3Bka2Vtb2preXhsYmlicGNncHRscGRzdHVzYW9mem1sZmZ3aHp6dGRxendsRmVqaGxpemhsYWR1eHZidWp4dW15ZHN4Snl1dHJrZXdneHl6ZmNxdWF0ZGJic3FrbHpjU3VwY211Zmh0UG55cmh6ZGhxR2dhbmloalBpbXVmbm5ncHVrYnVtY3RyeG13eEVvbmd2a3Fkcm9semZLbnF2cXVYZVRmQ2FoZWxjc3V6ZE5idXpuZnNnZWJleHluem9oeW92dHBkZ2ZTaGNmdnd3Zm9rdHV4dGpnYnpncWF2a2VqbHZ0aWxqZHdjZndyeHl6cW91eGdwdm15amxmeW5wZ2ZoaXllcHRoZmZudHRlaHl4ZXdmcm9kanltZlh5dGVvYXp2cXhxc2tMaHBqeXlzQXpvZnpsZXNvbWNoemlxbHZya2l1dmR0d3loZnlubkhtdG11aWZia3VvdHlvd3pxanV4a2ZnbnhIbUF4cXdtaHFqcHBoeGd1dmhkcWt4amd2cHJ6eWFydndzbWdrYWJzY3lvYmFyelJvdW9zemRpeGZra2ZraWxoZnZkcHBiYmZtcGRtYmF1aWtmb2ZmY2R5d29jemlyd29qdHhremtta2xvdnBmZlJlbndjb3ZoZG1pY2djeHp4bWxqaENid2tqbmtjc2ZpZ2VwdndtZ3hqZ3N1eG9qenp2dWVBY2pld3VrZXhabWx0Zm10cG94bXdCbElqYXNxeHp4dmJtendndWtFaHRkdGVmYW5MZWVod214eWRzaXV1YnB5emtreHRhZWVoeHpnbnBmamJmb3R4eGVqb3BranpseFNsY2htYnV6bXd2dHpoZXV6enFuaWx2YXB4emZ4eGZwZW9xaXBQeG1nZ3NLeXNvZmtwYmFld3JtU2tXaWp2Z29XdWd4Y2ZrZXV1dm1WWGthcWhlcWhhdG1ndmZya214eWJycnhmcWdobHBmY2NhbE9jcWhna3ZldmNkaWdBZ2xlZWhuaUdsdGt3eGZ2dHplbXB4d21xaHE=;836989.0
em5Ed3N2amtqeExub2tlYnp6eW93a2hjdHNwRGVnb2x0d2l1Z3Nma3doY3VobHFxcXF2a2twb3FZaW9oY2liZ3VyaXJwbmdKSXJoaGh4VHZnb2hnb2l6dWx1eVB6aXpkdHVBaml0cGd6d2tnd2VwaHVwcnprbXp1b3hHcVdycWptc2xtcmV6ZHBmandpdGF3cm9kbmpuc2xqYmNvcm9idHV4dGpsZm5vd2N3a2xkbXZwYXFzdm9rdWZya2pyckZ4ZWdmYWZ6enludWRid2luYXZjbkFjS2R5Z2hqamNvdHNqdmJwcHNvdnBtZGd3Y2FheGhvY2tsdGd0Z2pxeGlhaXBycHdxanBzbmdzbHlvZm92cWt5ZWlOamxncWFjdWJzc3RoYXh6b3hlZ3dmdWZjYnhuZHh0SHBudWNycXRvYWRMdG53dXFjdXpsc3l2bGlka3B3ZXNpc3h1dWtnenFiQ3lmbGZGdHV6d3JvenZ0b29ucGVkdGRqdEZ1aXB6dmRlYmtjZ3NxYWxvdW1ycWRzZmxyZ2FzcVB1aWpPYWFqdG1tZ2RtdmFnZWFlemRqaGt4T3ZoY3BOYXhkdXZRcmh6YWR3ZlZnY3dNaHZiaXJrQXl4bmpoaHhpcmRycXhkaWtxdWt3dmJ1dG1xYWZwaXltQ3NsendyenB3eXV3bXJkenNubXBjc2FhcnJ3eXNzbGF0YW14Z2dlaGJ6a3J5bnRwcWZ4Y3R1dkt1eGR2a2hneGl2dll6ZHd4dHhqd3pwdndycWRncWFjaHhqZHh0YWtsZnVnZWRvU1Vvam9wZnJ3cG1XbXFsZnFkc3hlanFnb2h6b2RyYm1sa3J3SmRjZ3Bza3BlYmhqcHF5ZWtma3JvdHV6dG5la2N1YW1vdHJjQ3RmcXBnaHZwZWV4bWl1ZWxwY2ZobnJya3hyY3pubGhLbmRUS2J0ZmVmenNweHhhT3NtdXlqcm54d3hpYWRndmxreHlncmJzQ2xoa2pldm1tZ2lrbWJuZ3ljY294Zm1tbWZ2aXljcmFrY2t5emZwcmlxd3llbVJhRnJvd3d6d2xwem5yemRsamxzeXhxZWZ5aG1mc2FidGF6aHB2b3Jpd3dpZmV4emlBeHJuemtkQWlLZGVvRHFuamJrcmx0b2NvY2l4cmpwYnNjd3pyc3RnYm11c3R0d2dwdnlqYnZleXhocWN0Und1dnl3d3p0eHR3a2Nnb3Z5dXdobmR3cHN3a3VqYWF0bnpycnl6RWhpbGphemZwZ3hhcXBEYW5tZnB4Z2duQXZhYmFmdWhqd29zdHhycXZxc3RybFd2ZGRleGhrZXR2YmRtYnZKcWxjZ2xnaWlob2R6YXRqYm5mcm10ZnJiZHh1bG9nY2ljbmlmZHF6c2VyaG9pdHVLd3l3aHNmcXV6ZWZpZWphenluanduV215YW5mY3locHZmeHl6anR2eWJjdndmeWxua2V0a2J3c3lsbnF6Z2t5ZU50c1hteWl1dmN0Z2t1cGRmeXJmaVVicXJ4ZGt4anRydGRxcm1pbHhidnhiRXRuZmN1emtvYkViZXlrd3J2YXFhdXBmcFhuaFJaeWhycGNlbWV5bWRwdm1uemZlek9keXVoc3FqRmd3cWZkd0Nsc2FxanpYbEdRU2hyb3hz;736618.0
ZWRqZnNzemlla25mdklvZXdrZnpYZHJ5cmVsendoYnFramlaZXhmcXVFdGVrc1dhbXFmeWx1Ymt5eXZqeW9vYnltYmtzdWhwV2Jna3dnaG13a2hueHNrclllbmV6aGxvbWhocGZkcWF4d2ZuYXFmd3B6aXNsb3dxaWpvY3FlenZqemZrc1lkeGhtc3l1andud3N2eHZud3BienJtYWhxdGhwcXhvdnZxZHl4bXZybXdoamd6YmdlcHNpbXNuc2l2a29hdnFlb2ViaXVwZXhubHBpaXl2Z21kTnhqYWR5YWthenJid29tcGxremdzWWVtdHFhc2F5b2F2aHJuZXZ4b2ZvanBvc3d0eWdoQXp5endoYmJ6QXVTYWpoYXFldW9wdmd1RnBranZkeHBpdmJpcnRwdmZhYmVzZmlkZ1p3dW92c3dpbHp6Z2N1dmtlVmhxZGlsZHFrYXJ1R3VEd3RmbW5vdXdsbWtoeGNwcmxpb3ZpZGF2emFic3N0bWhzcXF5cGd0Ym5ndHJpbm5qbWZmdnNjcm1hZmxoeW5hanlaemJzeXpScGptdFh5anBqanVHeHZBanRqemVQbXN6eWxybXF2aWh3Ym5ybXJzbmhnY3Rja3VlaGdydllxeGVkcQ==;963835.0
ZHV6emdudGp3a3pxcmx2Y3BuemhjY29pcGhuY3licnlkZGl0dndya3RqbnBzcGJtYWVkcHZkcmpzZ2Fpa3RqaXRzbWFpdnpteWhlaXFjZGhncW5ycXd4eGl3Zmt3bXprZWl2b2Jjc2lycGNlamxrZmF1bWRhampndnJ5Q294aGF0eWRvY3d4eGtpZHBqZGZ1dGNvdnZ2aG9ydmtzZWV3bG1peHltYnBuYXNnY3BZdm5zY2Vvd2d6enhseHhseUtIcXZpenBsYWtzWnR2ZHBhcGhwbnB0YWdycWt5bGFqb2dma3FpdWtnaHBpaGJwb2N1aGthbG9ib2x4TlhlcmFoY0RxamZrenBwb2V1bllkeGxlcnNiam9uZmVDdXRyeG5rcmhscVdoemdDd3FpcXVpdm9heXVIbFp4cmpmZGhzeml2cHptZ3FxbHVxZmREam52bmdkY2t0c2tuZm1pZnJha3F0Ynhkb2RraWh5ZmdJcXVnUXdobXNqaW15cHRjSXB6eW55emRrcHR2eGZ5YUlvdnplemJsam53amJubWlpdnpmY2VzZW53a0lqeXp3aWxiYnZpaXV5a2tjbndram5wb2x2Z2Nja2JwYXJnbnpheXBqc3l1cnlteXNpemhoc2xoZ2RxYmNxaGZ2Zm9lbmt4Ynd3dmtldXF2RWJoZHphRmJoc2loZGNtdHFockFmaG1hcWhjZ2hva3Z0c2ljaXdtdHpodXFrdnRid3p2eGtpaWd1d3pqcGdub2dpb3FPZWNEZm1JY2R2b3RobGxhbHhRZXRmdXJjcXBic2JseG95bmtpbGxmeW9rZHVycXNvdGN5aGJod2V1Z3B4dmtndXhtZXVmdUZHSHlmbWFteWFucmhldW1Bd3Nidmx1eXJ6eGFBQ0xrbndtZHhnYXNwbmNuY256ZmZiamV0b2pnRnhhb3Rpb3B5c291eGZ5enZ5bW9zdXhudHl5c29wVG1wZXZhU2JldHJqYmR3Y29jUmJTZ2RqZXJzZm53emN6Zm1kYmtibHR1anN5eHpyZGVnZm9raXJjc3d5YXdpa0txaXB4dXVwa2Z5bm5iYnBta1doS2Rsa2lsdHh1clVvdGlqdnJvd2ppb2xwY01udWhWZ2Z5YWp5anVxcnhzS2t1ZWdJcGt2Y2R6a3RlSXZQZGF2and3bXhxY2phdWVoaGd5c2xpTmFhc3hpdW1oYUVUdmFkeWxpcnhsbG5sZGRoSnR2em5lYWtibmZzV3pqeWFlemRpemJpdWNqYmVqdW1lbW1xZmNxaG9ianl0b25qcm9mc3l4ZmJDZm1zYW1Eb3NucGRrcWZsYXlydXVwR3BCdnZ1Z3V2cnR6eXJxeWlham1yamJ4ZHRwamlvdnZob3BmY2x4ZnBhamlwZHJ1d3hpbnFtd3ljcWtqeHd5cXdwZGJ2dHRrbHVtZ3NkZG5ha2xPbHBhbXlvamJVbmlkdm1iZXJ4eWlveWx6ZHB0Z3pnbmpqcG9qeGx6bXllZGVxb0ZhcGVwbHlxa3B3cGdvem9ua2F2eGZlZmNjaGF6Z3NyZml1YnFscHhsbXpmY2ljZnh3c2Zrd2xpdGFva29hV2RqdGVlSXRnb2Z1d3l0U2RwcWVqZGxvQ3FpZ2RuY09laGtlamh5am5Qa2J0ZWRleGxvbGJ3c2R4end0YXZxYmNvY2pkcHFjZXRld2pwb3NtbGNqaGxiWnhqbm5ueXB4a3l0ZWt4WWtnamFtamtpeldjZnZ2bmFucWd6b212dm9teXVpbGRranluUGNYeWlkb3Fzanp1d2x6dG5qemVtZ29tem5idnB6ZGRocHlGbnlkb3l4ampvanNra2VhanZob3FkYlBlanZvaXJ5a3pmdG9jb2xna3Byc2dvbXB1SnhraW9ndWhuaXp0dmJnb2ZFRXVyb21ka2NpYXd3amN6bXNveXllYWdnYnlldHdreHNpa3VkbXhpaWtoaWRreGdlbmF0ZnR0TGZ6dHhhdG13ZHF4bnplcG1VZW13cG5meExseW95anBoc2t4ZWN6c2NoZXNiemdmY3J2Ymp3ZnR3d2VHZXB5cXFrTHZ4YnJ3Y29ldmh4UnF6eHpiZ2l3ZXF5cHhhZnBubGlkaXloa2d0cWNvdXJ5bGpzcnFvdXhybndYcXlxdWV1ZmFubXd6ZmF6b29lc3doa0tnZ2ZmVXJ1cXNpaWl2cXp5ZnhtZG13YWptYnNub2xvaHJ2bmN2Zm1ld3Zoa2N0dWJzcXpid3FxTWt0bmN2d3F3dWV1eXhtcW5oYWZia3NoZXRocHZ2YnJmYmNVeWFqZm5nb2psaG9lc3BtbG5tdWFzeXZmWWtieXd4enVrc3JtenN3VG9ydUh0YXpkc2lham1iUEtycWxncnFiYWpjY2dvbXF6YWp0cXB4YnRyWHh2c1lwb3Bqam1oZnFwdmdnYnJzTGZyYmFpZ2RobXR1aG9kTnBGa3BoZHZ2b2t1b2djdWx1Y3hyanJwc3V1Z3lmenhhbGV2ZmxyZXVwa2ZwZnh2Y2JwZ2ZrbEdic2tMcm91eXJ3aWF2bXlwek5yZGVKd2Rham9xZGdueWlaY3dkZXFrdGpmemN5anpsaGdjZGZzaG9oeW1tY2pwZGJ0d3JlenB0bWtpcndxeW5pcXh1eHlvYm5ndXRnbWlYYnJzZHRnb21rZkJ0cGl3dHNob2FqemN1;304608.0
b2tyZmJxaW9venh6cWtnb2dIcEpsZ2dzeGFhcHdqaWZneHZzbXRhd25xb2dhb3loaGNydmtncWxxYXNpbW13bmNsb3R5ZnV0dHlrZmpkcHltRnN4YnFlc2hyZmpucGN3bWZubGFmcWttd25maWN6c3Z4a3docVRzZWtLZXR4Zmx4dmVjeG1qaHVwWWtrYnJnb3JldGxzTHZYbXBLcnFlc3ZueWtxZWhuZWdjYWRkenhrZXJwemd5dmNuaXVhc2d1and5Z2NtZm9haFdicXZ1am5qeHNiamtiUGRoeEdvd253b3did2JpZ210Y2FicXl0dmZmZXJ3cHB5dWtmdGVpb2RIZUd6eXFiZ3Nvb2JEY2xhbnRua2xtYmN6aHV5eXJoZ29sbXhtYXdvZmd4enRtb2h0b2dycnBnUnRhcXdyYWZ3d2V4cHpkaWRkdndqYmJkd0RweHRlYWtqZ2h3cXNidnZ1b0t0cGJmc3B6aWx5b2Zvam56dnV0dGZubWNuc2xrY2t6dXR4ZmFwbW5kbGppbXFhcm5yc2dlb2d0ZmFwdmlndW5pdWxxdG5hbXVyYW1reGlqYmZnQ2dsZ3B2bXJhdmxvaGZlbnhseGpiY2xleXFRbWV6c3B2cGplZ3NzdkFtY2ducXlza3FuSHdjeXVzbmZrdXlmbWNyb3Njd3VodGZ5bHdhZ3FseHN1WnBrZmp2cmdodXhtbnJsYWFleGRhb2xsanJlbGJpbHpjc3JuaHR4anhweG5wb2llaGRaa2ZnaGtmZmpyaEx4ZVFmZ2lkbHlidG14d3JXbnRra2dicHd5cHJvcmpzc2ttc3NqUXZ4cWt2ZGJxZm91ZHRqYm51Y3F3a2F6dkZkdHJwbnNwemdldXF4d21zeHV4Z2Fjb2x0bnJvbndqZ0x0ckF4amF0b3JlcGdvYm1rbXRjaHlhdXFqZGp0cWpldWhhYW1zc2NlcHliYXJrYmdwbGJkeW9kY3R5cGh0ZUV6RWZxcHRyRGloZmd5emxseGdhdm15d3h1c2hrYWRwRHN6a2FhemtyRHJldWZzcnZCcHJ1bUV2emFUamZ3YmZ3YnZ0Y292YWF1c2F3cXB2Y3pubWJ3bm9mcmR4aXRhbmdrbGZqbnFhemZtenhwdnBzanh5cmFrbW9YdGZncGVlbXR4a2RoUGdhanFpenZmd3hocExhdEpoa3ZzamJpdnRudmpnemJkYnBiZXJ6RHJ0Vmt1Y2JoeGlocWxxZWJqdmRjYnByY2dQeW1Zc3ZjZnZzanZjbGtla2x0c2VvdnNibHNxd2FxcWZDb3JnYWdUaHNkemx2dFlFeGlpcmx4YWhhYnNmc2NqSmR3dGJmeWlqYXlkeWNkcW9laHJmeWtobnlrZGF0YW56bGpibmhxYmhuYnhvc2h4ZW5hbGpxcGZJaHFybnBwY3hvbXZnaG51ZW1wZ2pzYWtsa0hnZmR4dXJwamtmcHRvbnRyd2docVlyZHd5eGtjYnNsZml0cGxheWFsb3N4ck1BZmxudWlvbW1ycnRxZnlob25oendjcW14ZmpudGN3cXprdnJ3d2FxY2ZlbmNnc2ViYXJLa3J0YWt6elpidmFxYXFtY21yZ3VqcXJ0cWRka2poYXZhaHpVY3Nza2VrZGNleWZrdHZiZ3hyaG5nZHNyY0RtcGlqZW9GamxraG5Sa2hPaGJ1a2lqc3ppbGdsY25ud2piZnl0dGZ1dWpneWZ0aHl6amZtbW13ZWVmZmRQd2hsbHJxWGxrZXhtdWhDdmNveHVodm14ZmhxbmFoZmVhZHR2amFtb2Vuc2Jua3VyY2dBdWNya29mcVltc2R0cnpzc2tMUmNkZm5qbHplaG9rZmpwZnV1emdlcXZ0Y3pwa2RzcnhzYnF3bEdoZ3B3ZHBhR2NqbGdRYUhlcGFma2VzZGd3dGhtaHF3aWdkc2pxc3R0Z2d4eW9uY2FoYXBla2tPcW5lamVoeWp0Z3B6c3V0d2V6dXVwZGJldnBwV2NqbmJzaXp6dXd1YXhjbXB4cVl2ZGJ4emNob2FTUnhvcHd1andtbGtmaHdyb2x5ZG13bWF3cWdva2tndGx5dnJ5bXVnV3dia2dlcnNwam5ka2dybFJrdG5ldXBtbnFxb3ZLZ3hoWmVjaHNwbG5ybWx1c3N3anhncGxzbHBFZGJ6YmFkaGJ3aXJycGxocGVianNtc2tranZhenF1enZWbHZ2eWJpb2Zlenp3dHVhdmZmcHN2b2hjb29seHhYeWNhZnpmZm5ndXFqenJ0cXhIc3BrZGZtbUh5c2ZpbnhicmJka3NCbHRmZWl0Y2dxa29ndWRvYXhmb2ZwY2ZlenNtY2l1b2FpeVBzcGxrbHlVdWxiZGd6YnNqVlBhcWtzdXd0ZWd6am9seHR3Y2dnamxuR2JnY2JvQWxiYnljdHp3dWl3WmFucFRsY2Z0aW1mbXpkZWd4eXlweWd6aGR2WG5MZGl2QWZzaHlnbG5mbHVkcmtnd3VibGNkdG5rbG1pbW5ta3FVbmRhb2NtanN1Ym9nQXFsYW9hdGpMZmxjbm51cmF5TWF1a3VzdmdubG5qcHF4TnV1c3R5dXV1b21kenNwenFmdHRSZWd2dmFrUFZkcWJqandWdHZxaXJjYXNTeXBvcWpkZ25vbm54c2lqZlp5ZndiZGVneXVmYm1tcndsZmRsYWpmYWNqZmZ5cnlnbW5pQnp0cXByZ3VvZW5ydUNhd3NxcGNjaW5zaXl0bGRpdmthYXJ3Q3dqam91d3B3ZnZqZ2V6S2dldGRrc29ubkxzendveWp0bGR1cHZpd2FqcGNkemZydGhxdG5zcHlPaXpvem14S2RheGxobmlwc2RyZXZweW94em10a2FmcGJhcHl3dGZxcGhFYnB2QWhsYmdjamt2Y2V2cm9PcWl6Z2VlZWVjZGpuY2hienl3amlpeXBld3FtdmhmaHZsZ0R3R0x6eXJubXJldWJ6aG15bXlnYXVuYXF6emx4Yml1ZG12b3ptZWt3Z3l2a2RkaWRmdm5rbXRiYm5renB1dXp5cmVoc2lybXlybHVhbWV3TXp5dGFHb3pobGpkWWpsbm9wZXJ2aUx1ZUFoYnFud3JiakRyZnp3bnhnZGF2YWJhZ2V4ZHF2YmRsUVBVaWF5dHpwcWVVa2Vldm10bW14b3ltanBpdnpRYmpva3d4a2dmZHBna1hyZXJ5ZGdyZmJrcGJIbml0a2FvbHNmaXFpc2xranlveHBrWnRkenN5enh3anNkYWR2eWt6bWZ5ZGpoQ2htZW13WG5rdmNKcHBxbWh4dXBwem9jdnh2ZGFiaXdsZ2pnckh1c2h3aGNrbWh1c3dodWlzR2JuY3NnaENpZXN5YXJ0eGJ0cWp0bmxzbW1reG9Ld3F6emtvdWJ3bWp5Zm9yZnlm;967046.0
Z3dwZGZzQmJteWRwb252aWR1dm5oaW5wZGhiWGN2ZkRzaHRoc2ppc2x6aWxjd2hjeHlxb2dwYWRieXJ4a2R6dmxsdmhvZHRjeGtoZGR5aHRFd2h4anJlcHdYdG16cGtrcmRlaWNlanNoemhyeHB4cnp3Z3pvd2x1cmdtYm9od3pzbnFqemZ5ZHdxd2lnaGtxY2FKZnB1bnd4dEFzbG1xbnBuaHByZmRiZ2hiaWZja05xZ2hzb3lKZGxwbXRnd3RtemNoeHVtYnNmdGRtdWR0ZHhyZHRxbVlzc2NzUGVvd3ZrdGNoYWl3ZXVlcHhxbm1peWR4TWxhcnNrc3hleHNxcGNudmh5a3ByeHhjb21scmxqa2VoYXRicWZqaE9qbmZ6aGJzY3Z5bGdocGN1enpqY2lnaWtoTm5qZG16bm1sTWt3cHV3cnJzc2dqcGtvd2F6Z3dscnRuY2pzdw==;184543.0
dW5hb3Vpemhjcnl6am1kZWF5emRweHpsbnduY3NvYnlnY3R3amh1bGhpbmZhZGppbHpnc29ub2N5eXNhc2JrcGZzZWdoeWd0bXF2eGl6Z3d6enpJbnpob3hEcnZ5aFVnb2Rucnhsdmx3c2NQd2FwbnJ4bXd1aWRxamt5dnNqa0dKeXd5dUJkbHF3aWNkbEh5cW5yamxObHF0cWpsc3Z0ZGRkb1NqYWZjd2dkd3VyYmJ1anJqZWtrcHJ5cnJ6dmtrY25vcHB5bnpscG9oa1hkZ3d6TXN4d2dhemd1c2hkandoQXdhZE9leHduYmhlZGpyYnBya293SWN1ZWRrcGVJUXh0bGJiaW9qU21ra21nc3V6bGJScWJ5YndRYmtoYnNmaWFhZGNybFlQbnpwZnNrbHdIeHB4enhvdHdoc3hyY2tpY2hydmdjcVB2Z2hzck11eGlscXltZHh2YWhodGtobHZibXVsdG1ta3d0Y3hjcXZwYm90cmRlaGxoY2F1dWVoZm9idW9rdHh4bHVuSG5qZHNka2VxY2Ryag==;368871.0
dHl4a29oeXJ5cGx3eW1wcG9mZHF2eHpnbW93aWlkc3J3eGxhYnF4dmRqemlodVJsaGF6b1hvbXdwcnpvaEpjb3NwZHNwYXN6am5ub2RoZGFjemd1YWJleXhqZHdnZmdreW5hSW1jbHJkZmx6dXplcGRxdXJJaWt5b2J2cm9jYmhoS2FkSHRzdWRvZ2h6cnh2ZnRlZ3haQVBzZnFxZXlzbHB0V2NwampsZ3VqYm5JaHlsamtnYmNkY3NneXh6bm96eWloaVRpYm95d3NmeXJ1eGx2d2p3ZHBuaHphdXV0aGdkbWhuZUZvbW5vdHlwaHZocXJzaWdoaXlDbXJkeWNrZmZ1YWJ5ZWxCbGF4YmhreGxtYXZidW5xbHd2bXp5ZHh0Z3h6cnpvd3FnbmRraW5sd3BkbWZCZlBlTnF0ZW96cHBvcmlsYXhrcHF4b2J4ZmJieXN3dG9BZmlxaGt3amplYnF1YXVzbkZiZW93dkx1eXdudElramdjaXpTbFNtZVd0emtldXhyY2R1cnBWbmthcGZjaHRqemp0cXZla2FpZnNodGVpeHRzZmZ5cHVDZ2VpUXpmdnVmQ29kaXpjdWtuWXFKcm10ZWpyZWZzeHhncHhtTWJ6Z1FsYm9wcmZiem93anhmc3N6bHB0eGZzc2dzZm9kc2VnZWh0ZnpoZWZqYndpb3ljbm1hY3htcHppeHd3b2hsZmxydG1sYnpjcXdmaGJ3ZHpwZ3p5ZGF3aXBqc3VwdG9jbmdqamNwdW1qbnZxeGFmam50c211c2dycmdnUnN4aHBmZmJkc3d0cUN6cmt0bW50enh6aWNkYVFVeWdocWxzaWJoZ2tpbGRzbUVvanp1emp4c3V2cnd6bGJ0b3RlZm50a2Jka3J1cnJKY2loYkZkaWpvZXFvQXJjcmt2dnBldHpueWl0ZnZrZ2l1dmd0aWJtc3Fsb2JocXV3Z3hlb3dtbnJ3dnNjaGNxcWFzZG9iZWFqeEV5YXZwbnNsY2J1amJhY3h6eU5xTG53amR0a3hkaUpvdnlxbGRkbnBsc0NnZGJ4dWNsbG91Y21wZGdqYnF0cXlkcG1mZXFEZ3Z2a253eWpDYWtnTHdhcXV4ZWdpekhjb2tlcHV3dVhwZm5wdmNvY2hucHhoa2pndmhjcnN5c3lxdmRzc29neG9ldGFRaGF2d3pzdWpRY2R1YnVua0FyYmVyamNhZnV6Znhnbm54aHNvcWlvdmFVdnVVdGtmbmdiYW9xdXd4aHpyR3FsYWxzcmt6c2Z4eWlscVlxY3hzd3pibmxhdGNraHRxcHZhZ1B5ZWZncmJrTHNvZnBOc25ybmFsZ3N3eWh2Y2RzaGJtcXp1cWphcGRjb3hnZ2dSZHh3bXd1a05wdWplcWZsenJzZHdmcmd0emNMZmpleHBtdkx2ZWJocUFuenpyb2tqeGNtdnJoa2tUY3pyenF0cGt0enB0d1FldmFmTmZ0eHFpeW91d3N2RWd4ZWRnbWx5bGVhaHBib3Bvd2prZW51dHVvdFhxYnN6cWJ6dWNlbXdrbWtpaHlha2Znb2JxVWlsR3djcGNpa2xnc3FxTHppdXp2aXhmcGVmc21reXhscnRjYmVhZGJyamFoYndyZXRnbkNyYmZlcXJVdmNjamt2ZHlib295dHVrcXB1am54dmtpd2F4dWdha3dzdXppcGp1dGl6bmRuc3FYdmlteHdlWHhobXdJZGhnYnNsdWl6dUdheW13b2txZ2lrZXp6ZmpnbFZkanVvcXV1Y25ubmV1YnlnbnN2c2t2Yk9qZmNnb25jZ2plYnJza3V4aXd2eHJseGVsaHdzZmJoYmdoYnJ1cHhhaWN0ZHdncnR5cnF4c29wdnlvY3Znb3dmZnNic3NzdGpramR6dG1qem9la2RpaHJucXN4cWVudHhnTnZpaXpnZ2NjbmVrY2ZNb3h6VW5Dd0R5dGVqc3FqcGV5Z2NyeGRzcGl6dGRtZmhiZ3NqeW96aGF3d2phdWJ4dGVtamNleHd6ellodmJvVXl4bnRmaGdscm5vd2xxaXNyc3FrQXB5c3RyeW5tZGxxc2FlZXJwbGx4eW5tdHhxcnV0cHVwbWFueHJwcnBrZ3F5eEZsZ2tKY255cXB1bXdNamRqbWdyYmZsYWt3dmtiZGhkYnlrd3Z5cHltcmNvY3R1YWF3cHl0eXRybnp6b2l5Ynprd3F5a3l2ZnB3cm1oanJqYnpyd3hycW9qTWxvbHlhdHl3eg==;237767.0
aG9sb2J3d3VmY2J1c21vemppZWN2enRXdkdrc1dwenpnaG5OcXZoemJ1c3FmcGNvd3dxcHNhZHVuYWd6cHRleG5kb3Vma3BrdmdoeWZremJoQmRpZWR1ZHFoYmhhaWNmdnhnc3pjdGdsWnhrbmZ6Z2ljY3R6cGpjc2pscWVncm16dWNzYXl4eHdnZnprbmxteHhvdnl2YXVid2p2d25BcHFqb3hiZU1ncnVkd3FibmZuZ21Xd2RzdnJleGZhVGJrYnFiZG1ycGljd21rbVdhdnNzYm9yZHZicWRnaXNmbmRFb2pjaGFhZXd6SWdmbXliYXF5dXV3aHV5ZGVjaU53cmJweWtqbGVodE1zcW5paGticHR0bWFhenFnaG9mbmJmc25BakZtam5zZnJkaWJ4Z3BnYWpvY2FtYXZxYWZua3ZzaHRoRnF5cllqeWJlZmNraW56THZ1bGp1dXh1eGRucnNlZ3h3eGxjenllaXplZ3Nwa21idnFuZWlSYmZvd1dtaXlRbnF2ZXNzand0emdZa3ZubG9yYmVucmJseGtna3NlZ3l0dXVkeWp4YWVjbHN6dW1oeWphSHhsZlFSYm5oeWVnbmprY3dscld1bHp2d2NrbG9jb3hwR21icnp6bWpmbnp1WmZsdGVlZW5qYWR4bnl6YXdtaHJnZGJlZmdzcW1kcW9xZWNkaHZ6eXp0d293cG5sZHZlenJIcmpjamhqdW5ocXhzeGpobHh3Rnd3T2l0YXh5dXprdVhDbGdwZmhKaXlmZGJwY2x4ZHB0aXByd2NyZGJwbGRwcmhhcHdjdnBjeG52eXhha2xlcmF1eWtzVGF2cGd5cnJnZHB1eGpvZHZvd2J6alBsZnNiaGJ6eW5oaWN1cXBmV3htbmJ2Y3hxc0JvdG10ZWNrZGh0dmh5emZud2Z5S2ZpeHF4aXdyY3Zxa2FjZmltZXd0YmR2bWRraXZsa3dveGpkZHRmYXZ3cXJnYXVpZk5vbGVodW15YWVmd2E=;968208.0
aW1zbGtkd2d2dHhxY2V4dWdwenZob3dnZHlqaWF2dnZhaHFtdnBpd3RqdHVvQ0p1Y3dhdG9seG52Z2d2aG9jcGR2bnd3Q3BobWdtaHJucmp4eGhsZnNmZ3h1dUJvcWtlcnZneXphbHphb2p0b3Z0eGZ3eXJ3b2hxdnJiZHdhckt6Z21mYmRiY3FyWmxxenlqbHZvcWRmbllseHlyc2llcGd6dGxjbG9iZml1a2J2Zm5raW10Y3htY3Jsb2lyZGRlaGNlckhzaGJwbnppeXFkZGhxa1pTaU9JeXRldWN0dXpqY2dndmVyZWt4b3VlZ0d6bWRnRG1sd2x4d3RlcXZhaXBncmVtaGx5bGV2enk=;470836.0
UWl4c1VxeGpsa0tiZ2dqeHFmbXh1ZWtiYnhzY3N0enR6b2Njc3dzcG5tbHZ0b212bHBnc2FtbGt1YWxmcHRkc2JzenRwenBsbnNwZGprc2VsbG9maHZscnVtb2pic2FuZ3NzaWhlZXFtcW91Y2F6aGp2c2p4dHVkcmVjd2NWa3p0c0tmeWlmZnlmeG5kam1qcGhvbHZ4dWx1c2FkY2xiZHl2dHdrem15dXlqYmFwalJrcXd5YWhvcHhtYmt1bXB6ZnJ3Z3lhVW14YWZreWh6aXdnYnBiZHJ0aWtoYVpidHFtc2NyeGhjcGxqenpEamtuYWFkb1FsdXhydWtwa3FoRGRwZHZpb29wd2Nrb0J3cnJyaXlhb25jbm9iY3FobG9hbmduZ3diem9lZXZabGJjdWlpcXhzZ3RpaWxnbmtnb3d1eWp3Z2V1eXhnYXRuZnR2bW5wcmJtcm9sc3pqaW1mcHZkbnFmbWdkdmVzaHJhbm9pcHlybmNhc3doZG13Y2htand5dGpnb21wcnpzcnF2eWNxZmlvdW5vZnpha2R4YnlkbHZxY3FkbHl0am1pZGh6aGFtdXVhaHJyY0VpdW1hYmJ0eXlodWV0ZmZkZm94amduU2luZHhPcHpqcmp5bHJBc3hqbFJZeGVlcHFiYnpzcnN0b3B2a2Fxenh0bGF6b3VxcGFncVNka2tyaXRqY09qemtmd3BYbkVvdXBmbGx1ZGN6Y3hqdGdibWFhZ2NibWdyeHJhd2J2U25yenJrdkhjbWF2aGpyZ2x0enR0cVpvanl1Y2ltdHp4b2lrY21rc2R2YXBwbmp3eW1rcmd0cmJuYWZranhyUXhoc25zaWV2cXhaZWxlamdBbm5pZW1hZ2d0RG5vallzb2NtdHRiY3J6dmxvakd5ZXdld3F3ZGtadXhqbmJyeEh3dmR5Z3d3a3NtZ3ZtamNHaXJvbHJub25tQ255aWJycXF2cHJyc2ZmaWpmcHZsZnpiaWNodXlrZXd6bG13dVFlaEVjdmxyUmNnc2x1Zm5jYWJrem5pc3dzY2lmc2dpZ2pneHp4b2FmZG5QZXN5c3N1ZmZjbW5hbmpzd3p6Z3htdHdid2Fza3llcXBub2x1d21hY2p5Z2h4Z3hidGFkYmR6b2dISG1GZWJ3YUJ3ekJycXVsbHRHenFxeGVybHJta2psd2Jub2d2VWx6dW9tcEZ5cHZob2lkbWJwdWN5em5rcnNkbGZ1bXJwdHl4b3N4bWdnc3FlZXdoZ2h6eXNienpyc29kem9pZmxyaHB3eXh5dGVqYnVlbWVhYnFjdU1oYnVtd2hlc3did21ydGxudHB0YXh6aHFkY3lvcHVxbnFkaERoeGRsc21rZnp0aGxsdGpseHFsVWtrcGhobWVvaGtqd25lamVpbmtzZ2ZobW9ibHNpbGt1bmVsY3F4Z1hzemJxaXpkbXlmd3hiZ3p2YmZudWl4YndKcWRhbWd2aGh3YnRsaG9hdmhnbWNjdHltQmZzcWN3c2F4cXZpZHRybEpqaGVvcnJkdXFydFp5dXd2ZXR6c2t1eWlyc2N6dWNHYmVvaXVvb3FieWNieGpvbnltcnZ4bGNmYWtsZmhqYnN2a3hlcmlpZXVheXlEeWptYWFrZ3RjamVrcG1Ob2p3dHB0a21ucnVieGt1ZmtrYndsZWFzZ2F4cUljYmphdGZtZHp2aHF5Y2traGhvYnZzZmRkUXpweUpvcXl2c2l1cnJjbm9qRnBta3d4S25tYWV4YmJ3dndwb25maXllemtnd3JvZ3BsaWh5d3BmeW5ocHR1ZWNscml2Y1dkaHl0cXdldnNlZ3hibWxvc3h6ZHlpenZwVW1seXZyb3Vncm1xbG90ZW1yaW9pZnVvalF2eGdraGVnZnpyemd4bWpreG9ycWh3d3doZ3FqeGtvcHZmeG9rbWdzYm11d2VidXFjeG1iZWF2ZnFnaWNnb3h6eHFhZXV1aWRzcXdkZWRxbnFneGNsZGV4Y29hYWRpdmNldnRmb2p6cWN1aHlrdXJ0bWZ1QmRlaHV4ZWF2b3Jwa3N3aHJ0d2J3dHJ3UGZ2cnFiemJhcmRjaHhxYXlWVHBrb2N6T3ZUcWpqZm1rbHRTemN5Z2RlbW5xamd5ZGpiZG9pZmtmZ2VocGh4bEFabHZSamxodWlhdnZ5b3NycGl5Ymxhc2ZuY2FhV3JGcHFvcGNpaXN2b2dmcnd6cXNjbGRwZXNlZ3ViY3ZoanRnYnBqanNtZnhkd2l3aXFldHprbHR3cHdqRGpxb3ZwdHhpbGdkbmZibmpwZmlsdlFtcFBrZlJjZXBuZnJwdnNqZWVKeXJwaWd5bEFuSndqdnFhZW9qaXB1dm5yY2xzdWpqcXFjY3lmcWZiZGJmc2xkdWRidm11emNhc2t5Ym1zcm1kdXNva3l3d2ZjTGZtamdpbHF5dm51d214aWxtaG9tam1jbHJreHdqZGdmY1dwZmd2eVdqcWZ2aHFscmZwZEJnaHV0ZG91eXZmd2h3ZWx3UmZ3dVVheGxQa25uaG93YWpmcUdpdHFrbHV5bGZlZmNySW9xcHpvbW1jcW1nbG1uaFVh;453306.0
dnZwZXlyaWF3Q2x0bXV6TmFxd2R4cmlHeHpndGJ0eGJ2dnhreWdocGZscmZ2aWx1bmlqdmtxc2t3b2xzbHJlaWt2bWlwcnpmcmh2Ymp5ZWJ1bWVtZ3FsZ3Zlb2x6ZnN0a2l2aHdnenVkZ3NmcUJlZGVhcHdjYmFnamhrbnpZY3JuYWpEbWx0YW51dWhramh0b2hjZWpobmNmemFxcnVxdXd1dmNTVXh4TnBvYWdnb3FrbHhlZ3BzaXJvb3pjcG90cXVrd2p5dnd4eWJqZXBweHN6bWdhYm50enVta2N1Y2VxZ2xqWnZ1dm9saHJpbFprdXVib3NlbWFlbnhwanNzdG9vbnh1YmlpaW10bGJvd3BzYXdnbmJieW5sZGVwa2xrdmRndm5vb3lqcWFybWJzZXpyaXZhbm53aXltWmlsSnpuZWF2bG9hendjcVljbXVreEl1dmhycmVoTHJpcmJnbmVRc2NxQmpjdGp6dmhoaGN4bXFwZWdUeG9odGFjTUJTa3psemNoZm1ld3Fwc29ienNuc2NseHBpanNremN0ZXZ1bmlrdGphaG9taXJtcXhwYlBwdmZveXlncG1wbXhkam9wamVmZWhvZ3JpZWxsUGVHbm10cndub3Job2l2cXFkVXloZXdpeXV1YnNvbW90cmNra29ncm9iemFjc2F4bXdqcWh0aWt0eHN2eGdpdFd4cHZoamd1cmJvaHFzdHVxbXB1eWNrc2Zwa2NodGdtaGx3b2FjcHJxbmh0Y2Fzb2dkdnlib2lzdWR2Y2pkeXdnaGdiaXdzd212c3hybWhmdWxYZ2hkZ3BsaGRzemtsbnZhaWRsc2p3VmhianB2eW9xZmZnbmZ1Ymlwc2VpcW5pd2Vjc3Z0dXNscXd3aXp2dW1lbmdncHJzbnpvd3V6a3d1YW12d3dzRG1zZHJ0dnVnaGpocGNvbHVxcGdmaWNwbG93aHZobXBraXFpb2ZtZ3FhamNiZnZhbWx6aUZ4bmlzc3R2VG9ic29mYXN3bnB6bmhyd3BjYmh2aEZLc2hjbnZkbWt2amRrZ2pzcGFxZGJuZnFobWVyenRjc3pkcXVxdVFzcXBpaHNvaGRiYWxkeWlodHFyYXlnZHp0bHlpeWp3Y3hiZHdlbGVuYmd0b2Jpb3lyY2loVXdUc2NjbXd4bmFxbm5uaHZsamtna3hheXN5ZXBkZ3B4amxncWhncXB4ZW50d2F2dHlnYXZiZWV1cnZvcGttZ2thZWZsbmJua2hsaHp0cGhkc3NpaGZoYWpweHNwaXZiWHpyekhqZW5maHFzYnVmbWJ3dWFsa2dpZ2Nkamd2eXRrcmJ0eWN6amJwa2xEaXJnb2xzdFRocGl3bWtydHpsamlhbWFwam15eHVubWdsb2pubGZwaXdlZXFxbGNjbGltdE96Zmt1dGVpdmV2SHFxdWRpamVtbWJjbnFuWXZ5YXV5QWJzbHljY3djd2t2aXpwYnZyZWZkdlZmeERhZGRlZ2h2aG5kc3BqV3JsYmZkcGprd2pob3JSanJ0ZGtiY3Fkem5aYWppeG5rTGx5Zm1oeWhsZ2Jqa2JkU2l3dnVoa2t2blplbkl4c2ZLZ211aWlneW9jZHFydG5kdldpbGJjc2xma2hxQ2xua3dzd2RpSnJzb2Ztd2p5c2Fidm5naXFjSmh5eXJjbnhpemtvZGdmZWhzTmFiSnJqaGdvcHBndmxxaGdrdHFYd25qa2RyYm5na2Nxb2h1bHlsbnp0dHBVbmRqa2d1ZnFhZGdycHBsYlZuZXNHYWpsc3RjeWl0eXpqa05lZW5raA==;527787.0
aWt5eW1xYWJrZXdnc2dpdHh3bFV3T3piZnlwV1RmcWpqZmlzZXVtYnJ1c2VtZGhibXpuZnJ5Y2pqeW11dmNiZWV4d3V4eFFia3duZmF2dnl5emZpZmNkd3RoeHFtZGpFdWlyeW5sdUh1enJlbXd5b2x3amt6cXNzaGloaW54ZmtsWm1jbnFvU2Nqc2F2bnVCaGRvd3VzcWt1dXBhaXVsZXp3bFJqbE93Y3BxZ3Z4Z3ZoeEhVcWNyeHpmeXRlZ3RtbHNtWGVxd3F3b3dlaHpqdHZseW1tanl1YWdvaGF0RGdvd2VuemZrcGhXcXNId3R0c3pnbW1jamtlanVpYWJxZ29laXJzcHh2dWNnc2R2Z2tzYnBhdHVheWtzbW9xemh2ZE52anFlaWV5eHNyb3p5YWVqRnpydVRScG9heHZVZm9hamlzemlnY3JzeG15eHZnd3FSdWdrbXdncXdud25sa3hwcHdobmxpbHlpcHp1YXptbG9ld2l0cmxxeWt5cnh4aHdpcW9xYXF6dmNndGtpYXN2SWJrcWVzdmZ1bHVsVWtLeWdjZndmdGptZWxQZVhyemR0cWZlcGVwa2t5aGlnZ25pcXpjZnN3Yndtd2lqTmZ3Y21oZmhwYW1lcXZuYXh6dWpzblJ2d3BlY3VpUmtkU2dXeERmcmdlY3VvenhmZGZ0bm15Z3htYWR5aWFpd2FzZ3ZxaHJwckZpdWRubnpuaXBsYWRodGl3bnZobWRrZXl0bGtqY1NKZHdzaHd6cWZiZ2xhcnFxaGxvZHBpcXpsdW5ya29seHZiY1dmb2tqenJkc29ndmlqcGpiZ3l2YnFwc2tla2hlZXV2YmR4ZnRna2hxemdiaWJ5eWNzaGVjcnloY3pob3doYWJyZ3N2VXdybGpldm5jc21vanl0dXl6cXpwY2lnY3VzcWN3cmx0c2hicXprcXN1ZmZjeHZxc09ua2R4Y2VyeXpqemtwanBna2x3Z2VlZFpxcWtkdWpxaXh1bnV4cm10ZnFtZXllY1N1Y3N2cWh5cmhqY05kc292d2tpYXlwd3NoZ2llaXVyZHZwcW9mbHhjc2JidWNyY3hucHhzeHF2eXBtcXRqbG94Z3ZmeHplbG9ocXBmanF0YWhVcGZnbnR4SGpxb2pxc2pqbmVldGhoeG9JZHpxYWp4d2puYmJoZWlqbGpwZWh2cGx1b2hmZXVlb3BmaGptZWF6cGFtdWNqZ2hqa2tsZGRkc3RxZHNyeXZxd2RhdWRmZWRzaHFNcGR2dEN1dXF0Ym9idmx6c2FoVXp2ZHN1Ym5xd2Z5bGtydnNoa2N1bWVmeXJqeWpqZ2xkZXZoZmFjYm9qemN0eXJldW5kamVsd3V5cXBwaXB3enJ3ZW51aHBycnNocGpyYnJuY251enFseXJpbWlqZWRqZ0lya2Rtc2VlZWVuakdwZ3lrbHB2dGJvcmxiZmZodmthZ2doYmhiZXZpZHN6bkZ1ZUx6YWdqU3BjanhyZWN4bnhjc2R4c2J5dmF0bHJhdVF6c2J1aXRudnZ6d2Z3ZXF2dGVieHV3ZWN1ZWZvdHJua251aGFHYWFoam1sZXdmcnhnbGp2em1wdmtocmRiaXpLZmpzbHpsZHZxcHJvanNocWtnZHJ4ZWlvdWpQcGhLaHdMcmtrZnVweXRlZWFvdnJ2cG5sYnBtaXNkc2ZlZW5waHBrd2F1YW9jZXVzZ3dGb2l2cG5Dend2Y3dneW1jbWlqc2R2eWxzaHZpb3hnc3pmdnl5YmlUZ0V5d2dheXNoc3Bhc29pR2lDeXd5YmF1dXFnZ3pieGFHa3l2cGRhYmV0YWF5YmJscXN3ZHl4emF2UXdlcWp0aW5jekFyeGplYnljaXZwenJtenV1cm50YmNieGhjeHllZ0RHamJ3cmRwem9udWtkc3hkbmF0eGl1R3lmbWNSemllYWRjYXdwelpxaWxvanlzZ2Jmd3plcnBzdW9oZFd2cFRkdHVTbXNxeXF0ZmxicHZxd2hraXJqZmZneGRkc3diaGt0YW5rd2J0Z2xkbGJhZGp6cm5zY3BneWlpeXV5;<!NULL!>
Y3JuY21wR3VoeHFIZ3hVb21lb21obnFla3FMdHJva2FsZG9zaHl1YnFlZmtmaG9xcXZsZXhxa3BmcGF4d2JuaGZKcmZxYnRmaHRraXBnc1lpcXpvYVlsd2RqaGF4ZnlwZmFqeG5waWt0aXhqQWFkbXBuaHZ2aXRrT3JRb2Z6ZGZ6anBLdXRsaExld3JwUXFyenpuenZZcWp3Y1RmbGRtdXZpa3dqbHhvZWlhbmVleXRoc3plbG9lZmhha3ZpeG1meHJwcHVnenN0aXRleXl5SGdlYXhCamFjb3VpcmR2bmd4cGNudmNhZ3FkY3NsbG5wYXlqd3RxYXRqamdibWRoaml1bXd6bmpjaXh4ZFJja3VweWRpcmRhcHhxZmFlZGxjYXNmcmRlYWR4bXRnenR1ZGp6dGVkcWFwcWpRZmNiem5wZGtuYWhvam5ia3NyYmlwbW5ubXh3b2t3cGp6bmZpeGZ3dnp5dWJienJtZmFrTWJoamxqVmVxa2htZ3Jkd2piaFdxcGxodWhxb3VqaW5tZW92TXRhbGdiR2Zya2ZpblF4aHRqb2l0cVF2YlN2b3NhR2Fndk5meWlMcHR1ZklodHRpbnN1dWZtemlnZ2l2c3prcGVqY2pidHVkcGZNbmRyeWxmcGJpem9iZFFwcENkeXB5dXR6cnhoaGtpYXNmdHZ3cm9xdndiemdHbnduUWJscXlkTXFqeGladGJ0bmd4d3NqdnZ0bm9nZ3Rpcm1ya2J0dm5ta2p0aVlyTnNtY3ZqeHZydW94cW1xbW5sdHpodnh6YnZyd2l4c3Rod2dudnVnd3RnY2Z3bWpsd3dna2ZhYmpNYXNyemxlbHJncHpiYWZibU9zdmpraWFyeHpzZHBocmVzemZlYXNsb2hvdmRmYnpicW15ZmV4dnprbm9meHd6dXNtaHdhbXZ0cWZ0c29manJheXd2dlZzbnJub3p3bnpvbHlqYnR1cnhzcndldm1IZHV6d3djb2ZkZ0tySlRxYWFneXlxb3RoanJscm9BcmdqbHVvdXJtZHhodnVzc2x4cWJzbmh2anJvZGphZXJjenV2endxaml5Q2doa3NwbXd3YlVudHFrYmN2eXZwaW5mc2JnY2F3aXdxdGV5cm1rY3dmb3l4anlkYXZ6Z3B6dGZ2a3N3bWxheXFkTGdpZGR4c3hkbWpkZmxhbmdwQnZweWVjb3Z2dWpzbWllb3dzeGFtanR3bXprZGl3dGVscWV6ZHRVa2Vzd2ZxamF1d3JjaHZqZnZVSGlveGNwemV4Y3FybWN4cW9oZGR5cWpndnVibmdyamNqZ2tzb3dlaXJ5endvenRkZXpveGJ2eHZ4b2VxZm1waHlhUHFEb3VpYXJ3cnJMYnNmeHFoY3VlZmFkdEJtaXVleG1nanljcXBoYnN1Y2ljZHZkbXVpWmJodGp3emlScmxwdGp4ZHprcG5uYnlhYXBkdWhxZ3FiZGNqcGdibHV6SmJoZmdyZnVzaHhKcGpzYmh2d2RobXJmZXVkcnBxcGVpdWNmbGVieWN2Z29pbnhmZnhoYWprWmh6Y254aWF1bnJrcGpkaGtlbnVjZnJuc3pnc2xjeWdhcGh5Y3B1cGJxaWRtemZoc3h3d29kdXR2anVteHRhUnJqeGhlZ2hla2hudWRxcWFydHp3b3pzdWxnZXh6ZmtkbHRkbGRmd3h6cGxscmZxeWxhcGxWcmtyZmFLZ0JxaGtrdWJjcm1md2t1cGVrY3Z5YmJzeXpvendtd2FuZW11THJtc2llcGl3Z3pvem95eHBjcnFxdXB0dGtpc3NlYmhpeG5mZHd5dmNjcWpsb2tra2d5ZXlwZGRlcGhraWx0dmV3c2p5ZG9rbXZZTGtvaG90enplaUF4YWZubG12ZWpsdW9pY29maWt3bHN5Z2JmbmRhdmZodHdya3B1dnVwZHlMSWpqeXZlbWdqaWt3bHhra2xyamRvaGlrYnBmc2hjZ3plcWdkZWVxaGpRYXV5aWJzUXB6anl0dnN5YXhhcXp0YWFubG91c3Bibmp2aHVwcmx3cGV5d3psZE9panJkeXRqYmhvYmJ4dG54dGxqd3lxbmpldGNlY3djdW5ic2pnd3NnbGdxZHNreGl1b2NoZ2Zqb2htZnp5Y2Njbnlld2N2bm96aHRpbWFzamZWZHBIZ3ZsZ2Zya3Bzemt4Y2VsbmRteHVtZ3huanVldW5hdmZDcnl3aWtzc2NnemJ4b3FtemRjcnFtdVROeWt6c3JVWGZkeHppem11ZHRlcmR2dHh6bGR3cGFhdXl6enJxeWplYW93c3ZwcGpjZXdxZXdmaWlzYXFvcGhxc2JoaG52elBldmxka2lvYWJwZ3RxZXZkdGFrZ3BYZWJxZExjcndldnF2Y3ZielB6ZGJBZnVwdWx5Z25iaHB2alpvaWVhYW1rdmhyenVjZm1tZmx2aWVubGpnaWNxdHRyTGpncnZ6eHF3anFrbHBmbWhxY2hxbWtlaHlqdGhkemZxdHJpT3pxdXBydG5sZmt3eHJ2YXdrZHVocGtvaXloV3B2dnFi;792481.0
dmp5Ymt1emdhcG9oa2JwcnRoc2N1bG94dHFxbGp5cnZqcGZmb3RkdWFiTGJ3a3B6dWNyd3Rrd3JwZk5Rb3Vvdm93emtleGt4dHdmdGV5a2toZ2R5cWFkZ2VwdHF0aUxmZ2JvYnlwYmZjaEhib29vWGJt;583831.0
YmhGc2xxempqb2dleG5kZG5hdGd1Y3lkbnhrQ251aGl1bmhwdHZWYW5mcUxnd2ZwbnJncHFrc3FuQ3Rzamh6d2FzcHZYaXdhVnpWeGZqa2prd3dwZ2FuZ3RheXlmYmx3eGFuZXFqcXJwb3FnY21Ub21kZmxzYXFsd2l1ZW1qZGx6emhhS2RiYmNpd1ZlZmVkaWhncHVzY3ltdHpnem5hVWxlbmFjaGxzUmRxeHJ4dGNpaGZ6YW1PZHBoUWx5VmloY21jemJtbXhycnJmeGNETXRidnFyZWlhbnVvbmZrVnFtanBrcXFLYml6ZnB6c3VkanRybmt0eWl0ZHZlcmp4dGZieGN6YnZhdHdjanlrY0lncHNoaGF0eWh2bXVocW1jcHh2Z2h2cnJzd3lkT2tscXNsaXV2d3V5Y3lwZWlvenVmdW5BcndicHh4cGVvcG1pemdyYmxhc2h6am9kc3FzcXl6SWdwcGpndnNpd3pwaHB3cWN0dmVqb2VvZWxzY2hkd2hseG92cHRmdHNqcnN5amlyYnZ1b3docGptd21ybGJvdWJpaWJramJ2eWRpdmRsYW9qcW5ycWRkdm9haXp6Rm5weGFkb3ZqbmZ1YnhnbHpndWZkamdleXV2YWlhb2FxdWxtYmthd210emhaZ2pxbnhhd3J5cHdqcGdpZHVuaWd1dHlqdGRxcXZzeWhwdHViYXlvcHpMQndkaGR3YXB6RmZIeWJvamN3ZmtubXBibmFsYW9JdXZmcmRqdnZjaHRteHd3bXVwdkh3eWd3c05jbXBBbGRvdmVOZmRqYWVidkxjdGhtZ250YnFnaGlscW9vc3R4RHZ0bXp6cGFjdWV5aXBsdmVUYnJxd2V1bXlob3B1Qnh1bGR0cWh4eHh4eGhjenN0Y3JwamhlbmNrcnlxdG92d3lxdGh5aWtsZGZrZ3JhbWdqcXVza2ZyeGx5bmV4eGl2c3NhcXZidnJyemJja3pncUN4dnlkdGJ4eWF5SW5raW1qdWdkbWpwZHVTY3l2cmlibnhtdWpOb3R2Z2lrYmtseXB6a3RndXp0dnN0b2dmZWRkd2dhY3F4anhvcGZiZ2lvdVdndWl0cXpmeGdiZWVveHJEcnd5d2Vud3Zmb2dOcXp4dnJvcGd6aWlobHV0c3NzcWx1amx4ZWtocXJkbU54dXZnY212a3Fsb2Jhb3hrdWJ4aHFiaGhseXdxanZYZmR1anF6bFZ1Ynd3Y3VseGZ2ZHFleWNyaXpwcnBrdXVkYW5iYnlwZ2pxcHNqY2Z5bHF2c3FldWttZ3ppbmh0UW12d2JweWlpemRudG5tY29uZnV3cnNibHZzbnVwemVqaXdqWnZ5aWJ5eHZwZnRBc2RxcGpqcXR6dXRrbHJueXRmeGxib2FheWtjcWJ5UnNtZ3dpeG51VWdvb2NveWNybm56Y25nbmVqaG5tZ2N3ZmFscGd0d2Rma2NoaHFlcGZ0amlncGlncXhmbGNtem90bHdtbXdrY2hicXNraXdqeGpyd3FwZ25reGtscmJ2ZmZ4cndlc25kZHhoZG53eWRta3JhaWd5anF4bHVxZmV3ZWtkendsZWdxZ3pwbnplcXNneWptenliYW5sYnFvZmNtcWdmZHFwVm9naW9sZXB3Um1iZ2V1em9remZ0ZmR4ZXh1aWZsbHR6a3djY2VpaXhmZmNzb2x3eHptbnljbnlrbnFueXd6ampuc3F6eXZpeHd1TWFyZWZud3R4enBoY3Zkdm96YWd6c3N5cnREdm1sZ2xhcWpseGNscWpjcXZremNtdXF5Y01laXFld2JlZ2xhaHZFZnVibmFtcmp4c2dma3dvdHBnYXpxZ212YnZheWdJb1pyZ3Bibm9lZnN1Ymhod3ZobGRyamljbW5pcGNobWFlamRvZGxqeWtwaUJ1bG5nY3dUdHNxcXZtdXZsaXZsWWh5cXBobW1sZXBmbnZveHVMYnBSaGlhbWJORHFQdHlxcGxhdXdrbmRzZGd3amN0d29jYWF3bXJ2eHBxY3RjZGl1em15b2plUnF2b214eWV5d2RnYW9SdnFscnFiYXJ4aXVhbmVua2V1cGFyeWVkd3BhY2NXaGt6c3Z6d3Jrd250bVdjdXl1ZWtvbGlwUm9ya3NveFRwY2pkenJpZmh4d3JnalptY3VxbmZpaWx4ZnNsa2pmb3FwdGdhZW5tYnpwd0l2bWpRaWNmZWFhRW9ibHJqZGd1cWFjRWZqcXllanp5dWRtd2JseWZ5eXNoanN3eG1uYXVqZHdhdHZjcXJzamt2bmNibWRlZ2Jpc250ZWh4cG1wdWNidWd6YmxsaG94WmNheGZuaXBtc25xd2FlYXBkYmZxaHV2amt0d2Z3dFd2eEFsamJzcWJpcnhmaHRvdGF0dndldXZodmtoZGZqdHlqdXB5eFJ1b2RtZm9ocWp4emlieHNxenhiV3lramRhdGlxZmltemhrdWpsZ2xyZ3lkbGh6cWZrcGNya3V5anl1ZEZyemNzdXhoZGR0ZGR0dW5kamlpdGZnYm5ZendubG1zbmRvYWpvZnJ4Y2pndmRoV21ueWNrbmt4ZGRqZmxyamF3ZGFnS2dkcWpnY2RhVmV6ZHlzaXVpcHpld2diZHZsZ3V2bGF3cXVlTWFhbWZMeXF2ZXJyemRtcVFscW9iYnp0cnF0bm1wZWVhYWJ1amRZeXlpYXdjdWdlQ2JtbXFlc2d0Z2Jqb3dleG54YmVldGZob2R1eW94aXhoYWRVaGJucXNhYW9ubnRrendicWZuYnhmc2lwdnlvaHB5dmJ1cGZtaXhreGdpc2p4a2hid2V6cnB6UW9hdmhkbnZpdXdrbndjcmJWeGh4Y3BmYmZycXJjam9iaEN5bWN4aWZwUmNCc2hnTHZ3Z21vZGhVY3dybWpwcnJ5bW9pYWtjZmN5d2pkZHFJcHRpcGJpd3h1VHV5aXhvbHhCd3ZweGt4c29nYXJ5ZmlsYm51TEd2eHBveG10dmxybEZ3aWdyZ2VwcG1tandoY2NpYWh3aXp0cGVqeWJ2aHp5ZXFlcHJuaXZ3aHBkZG1kcHF6d2lsZGpubmRkcXdsYWlzY2ZnbWJteXViZnZkbnpnY3Ftdm1xcW13YWxhYXdkemNoenF3ZWpyY3dpcHZnaXpobHhqeHVpeWZtamFzYnFvdmVqS3drcGt6c2h6Z21lYnlvdWFpdXVveWd5a3lIZ296cGhrc2pheWNqam14c3lvemdicm9ucnFFZ2t5c2Fod2hwRnp3TWp0cnd6ZHBqbnJmaHBubnJjbnRmWm5kYWF4c3Fta3B2eHRpZ3RoZnpQdXd2cGFnaWZtdXBxdHdyaXR2amJ4ZWVucWRyc2N4cm5PZHpsZHlVeHpybkRybmh4dWpxcXU=;152131.0
