id;region_id;fio;phone
20981.0;Z3lucGl1c0RtZmhlZ3VsdHZ1d2djbHpkZW5uZ0t3bWtaaXRjbXhLYmZ5aWxid2xvdHJkdnlsaE1jbHZ0d3ducnl5YW1ob3dKdXJnanBqbXl4YXN0eGt3b29ib3ZtZ2pmcERweHRvZndrdmJteHZ5Y3NveWRwc3RhZ2F6Y3BReGZid3ltZHV3amlpdGlqYnpzaWpoYnRPbWtvZHFrY2piaXZJY21kdWpvb3J3eGh6dmllZmxhaHJjeW1kaXllYWp3amp4bnBlYmd3b3pqa2Fid2FrcGVocGZ1c3ZpeWZvbHJkdmxHZXdqZXduVWx3bHJpaXhseHdyamZ0YW1ob2JmWmtjbGVleGJybnJ1YXBDcm13cmt5V2ZlaGRGYWp4dXdNZXZncWZjanFGYnp0eVJ4aW1za2xuc21oZWR0Z2t3aW5yb3RrZHZubEtxZW5maHhxdmF5cmdnd2ZtZXRyc3htZXpqdWZrc3BodWV2and2Zml4cnl0cmd4cWh5c21Lb2tib2N6d2tlaHp2YWhzcHp5eGNzdXFnWnl2cGZxZ2dqbGJidm1ocGtka2xvZG16d2dudWt1Y2RiemVqalhobmdqeG9rcGVodnNhdXdQY2xzaG5TYmRMcm5xeHlvZmZycWlndnV6aGhtY2hmaUxqeXdtcXdzdGRoaHBxY2lqeHliZWtqdmNhZ2Rs;<!NULL!>;KDQ3NikgMDA4LTA1Nzg=
18437.0;a3dhbGp2eHllcFJxenZ2cG1xcFNmY2Flc3lqcHR3YmppdmdleHBjcW13d3B3ZWphbXVlYnplc2Via3NvbmxzZ3Zya3drcndZaWd5b21yd3NwbHZQa3pvYW50dHBkbWl1eHZkaHJ5Y3lpeGJla3hoYnF6dnJxbW90emJnRXpscnlhdGNpeWt5cnphc215ZWlpeG1PeWZ2cnJnZnNzcHNqZGJrcm5taHhqcHZ3UGZreW5xdmh4aGp1c3RoaWJlcGt4bGN3am1qbXl3a3l5ZWxocnBoYm9pbG13YWN2SnJjYXZ0c3ROaWplcXJ1Z2Nhcmt4Ym54anBCY2dzaHZlbW9rb293bWV5a3RmaGNjZWRKZnN6cHJwbGdkYnVvc3RsaXpjYWhsYWZlcHllanF2dnh0amRoZWVhZ2F3bnh5a3F1bHVvZ2JtaXlhU3VocnNnY2ptbG1kaXd6cmxjRW53YXhpaGR4YWZ6dHFveWlWeGt0dnVpc3ZyYXJlbHRud0p0TXNscHpicm9hc2x4dHhyZHlkbWhiY3V6cWhqcXZ4cGVza3Rrbm9pYXpjYWliemd2cG93cHJlcm52aXhmend0b0N0bnRjamdtZGltcGFTaWNzZXZobnRmanNnY3h0Y2Nwa21scGJqc3F0dFdyaXZqbGtncWJ0eXJ5YWt0bmFsd2JvZWNmbHV5cHhud2JmdnRndG5mdXZncWhndXBodHV2bXlmcmFyb3dxYmZmU3VkbGJTd2twcWhxVnlvb2FtcnljbGhubXd0b3p3c2x5ZGRmZ3NuZ2dtUmR6Y3duc21yemx4dHZnZE1qcG9sa3ZndFJxYXlscXBodHducm9ucHRUYWtWYXBnbHlwem9tdXV5eWF6bnFkYmpQYmNvaWhpc3hzYXNqd3FtZWRtYXd5bXNicW90aXRla2NmZmF3anJkc2xrZWhkemVob2tudGlubGNteWpoYUJzbXJtbGdiaHVkWnNxY3pwdEpidWNueHp3ZXZmY3ZhZmZ1ZWJpUWRo;TnllcWZtaHR3dE5Gc3VrWm1tYXlsemxoZ21iaGxDbW5oaGx2bHlseXRwbWlvbGp2d3RqZnp0aXJlZnptemhuWmpBb2VlaW5rc2hyaWNua3duYWtlaE5qZ3lreWFqeXNqRW1yZWd3dnNwd2FmZ2V6eGJzeGVoemFsZWt3Ym96eVJic2F6a3lOd2xkUmZoZnhnZnVoamZnY3llbHBvcnVzamRvb3JIY2preXR4em13d3BmaGlvZXRjd2FxZm9xbURhcGdNZGdoa3NwYWtxa2NmcXpvb25jdWtscnljdmV2c3hLb2R3VWRxcXdudWlramxrdmRrWXluZFd1YWtkYm5xbXBKdXp1ZGh6b3Vjb3Nwdm11emhrZGhzY3pmdWJqbGV1bE1jb0RyaXR4YWdlbkp2UGlldWJ3dmlrZ2tlZ3Rwb2ZkZXJ0cHdiZnp6Y3B3ZnZxcnV3bXh1b2ZscGlhZmRodXNtTHp1cHFxdHZ6cmtwYXF1ZmVhcmV0dmllZ1picnV6emtxd3hjdm94a2NqZ2hlcHZoaW9kQ3Jnc2FjdHBzbXF3UHNiZXdlYWRpZXNja295b3pndGZqY29jdWF5dW1uam54ZHlhbGlka1R2cGZkWXVhanF6ZGFsZGh5Y2htcW55bmt5Z2p3ZHV2eWlmeVBiaWJ2YXFmemZidnp0dnFGendjanRveWJhYmtFRWZyZkRhcmZpYXVYa2d4b2NpcHlhaXB6aHFzbGJKQnllZm1tZG5uYnhuZWd0eWFpanVpaGV2d3J3bXRrbnFmYWppdkJ0YVFzdXNqbHBTcHNuanRvYXFicHpnem9jdXJjdm14Y2Z5bXVqcWJ1aXBmZW9ocWtkeWhzdGZjdkprdmRRd2xkckNjZmNlaHVtbGtUeHVvcmhoeHR6dXl3bHhwcWVramthbHZ2cXpoYnZndXBydkV3b1pxZ2pldkp2aHp2bmtscWxuYXVwenNoc2x4Y2x0ZGZraXdidmZKamlwemdIdXdxTnRqd3JxZ292YXl4bGt2a0p1d1JxeXBuTGZyY255YXVxY2tnaGxqcnNmY2xtZ2p4ZWFleEJ1a2p2YWFobXBtd3Jtd3h4enloeWRhc3NiY3JiaWhuZ2Zoa2Fhb2NlYWJ0c0VtbWh5Z2Jma2lhZ2JocGF4a2xOeGZndnpnd3BvdnRuenhrdmFmZHFhZ3dtYnhVYWFneHl1emFjcWZieG90YnNtZGNpZmVrZ0xpdmZteGJmcnByYmhvbXpiaGFrQmRsYWx6emF4bWRjdWxld2VxQ3dhb2RiaHZ0ZXh5Zmp2bHVobWJvdEdtbmVueGlqenprWXFjcWFiT3pnZWZ3cWtSd2ZxYndrbnVGa2Vqc293ZnJic2ZKeWFpWmtqa3ZpZHVoYmVUeXdtZnF2Y3BnZGNoeHR5bHh2bldweHpsdXNub21ydkdQZ2R3eXVmZ25vaGxyZWVxdmx3ZHlrcmVxaW51aHh3Y2x4amVhaG55bW5odW54bHB4dXJtZnVjclN5ZHJhZHBhb3lsZGJzZXJzdnRxZnN5WHZqclNld2J6aWdzendoa2J3d3d4YXF0a2l6ZnF5dWFzcmFmYktpUG1ta2pianpiZXJ4ZHNqbWxod2lscm9valBtZm10bGFibXltb3ZhYXVrYW52bmdxa2dmY2JuamNjbWxmb2JSam93eWdqZWJmY2JrdGZ1cmVkbXZqdnV1eHF5VHZmZGNycHp6cnhpY3BrV3N1YXFvZG1xeWxoTWt1dG16c21ickROcGxqd292Z2J1bnZub2txcHpocUJ0a3pMZnBodmx3Y256ZGtnQnZ5YnhvZ2FpZXpsbWZrc2lmZHBHcnF2ZUFtdHppaHd3b2V3Y3RheXJzZGxuZGtteW9lZ25pYWthc3NhZm1od2Zud3RrcmRvUnVwSHpwaXdkaGhlZ2piY2REbnR6Rm5RenR3enNlZHRqd2R3eWxidWhza3FtZ295ZGRkaG5scWVtb3hxZ2JndGZsZ3ptaXJjakR0cGl5dGpvZWRkbG1sQXVyYW94bmNxYXh3a3N6cGhqdHhrbGtrbHJuaGV2eWZrYnFpd3N1aHZySmR5anZnc2Zwd29tdW5xYXV0Zml3c2Vkb3p5b2x2bXVweG9qcnFpdGF4Y2h2d2N6bG5vb3l6eWp0Y2dlSHp3YXRib2FtZnVienJyZGlxYk1haHhuaHp0cmh4c3hhZmFweW5qanh5ZHl3aWFsaHV5dHhheXFidnZtaGNhcEVvWXV2aXR1ZXh6ZGN4VEd0a3hwbGZjc3FkcXJiZmFqcGJsYnF0dmZnc2JpYnRwbHJ5cml3dkt1YWV6bHJrZW1pb2h4cXltbnVianFtY3d2SW1hc3JlZmRneG9oa2J3dm96ZWZoYWFlZG9haWVoZGR1RWNtcW5ubnR2bnp4a2tnaWF2cmpsTndyamNobWFja3dxZHJieWtjc2JneWd5dmt4eXFjYXptcnF0cnF2bUJwbHdsdmFheXZkQ2ljanVtZGZvZnJvdnlmamhtb0Nxa2Z2WHp5YXJmc3RveGt0cHluUHlRaW10Y0VreWJpbnBjYVdhbWV3cXd1ZWJ4dmtidXBzdndidXhVeHRVaG5vZ3FhYWF5eXd2anR0aHVsaWVhdGx6Z2tya2dubW5hQmN0anpvdnZteGxsaGpsd3JheXZycG9ycnVwZmducGhtdndvYnZybmFjdmNvZ2J3ZWp6b2RybHd5bWZzdnJvb3BtYnhWcnZ0dGRJWHFzdGluenFyd25lY2djb2pmeXdkZXptZ3Nma21yemNkdmVtY2t4cW90ZGJ4dWFvaGpmaHBaY2Vjc2ZmeWhlc3VxbFN4Zmh6TWxmcXhtaGZmdHNoV2tkckVzYnhqZGNrd2x2bXd0dGNhYWVyY3hkYmpjcGFuc2NpdG1tbkduYnZqb3VhdWNzeGdkZWVrWnlVa256a2ZxYXduYW9hdWd4eGtxYmF5dmJ6Y0pjZHlycWpncm9yZ2Vmd2NzaXR0eHRuZ2FSbGpjaG9JeGt2Y2hrYXJYbWZtbG9uaEdkanNreHFtaWZ4anltd2ZudmN3em5zdmF4aWxwZmJSbXd6UWx5cm90cXlqY2ptdmJyeWN3dFh6YmRlRHB3Q2pmaXBobGR1cnVrcWR2ZmVhbXV0YmJobmFqeHZhcnJmSXZkUndrZmZpb2l5ZHRRbG9ucXhycmtrc3ljeW9qa2Zscmpyc2N5b3B2dmZmaWVraGVjd3lqd2JjcGhrbVd4Rm9naHBydlZwa0RjbXpieW90ZGpnZGFzdnhkd2N6Z2VscHJ1Ympvb3RrbHZwamFvbmJ5c3V6a3hUdGlvc3psb3dzbmdod0x5eXJiaW1xeGZhc3FyeWV5ZWhnZGhlanVmYnZUbXFkZGVpb2x1U21uc21oeGN2d2l1eG50cWZ5emd5ZmVvenFzYXd2bW9ucWRqaW5icHBpenp1YXp1anlrYXFkemhvdnVwcmpscGhlYmxibml5WHJ3b3Zxb3FnZnVxaGJ4cGlmZHNndnRzaFhpeHNwY2hlb2RyamRvaGt1cnJieGJtd2dqdGN6YW9tdkdhbG9naWNRcmp4VWlsYXNzZXBnemxzem5qcG93Z3ZsaWFvamtpcmp5dHhqZHlhc2pvb2dhY3Zienduand5aW10dmxjY3ljc2txYnlFd2l0ZXJ6bVlpeWtjbHlleEVxcGhmbXV4Y2Jna2xhbHhnYWdvY2NieXFrZWZybHJtYWpsZ3ZuaHF4bnRyZXFkYWZkZG1kaWZvem5zcUxvc3J4dWNldXJ4cmdpbWZ0c2h1dXlmbWp1ZXhvanF3bWpidXZyZWhubW14cHdudGF6enp5dnhRaHluaGlzeXpva3VweHlpbGZuZ3VrZmV3a25TYWdlYWRwZXpocWhzcnBqeGR3YmxteGpiakVldm9sY2Jta09senVnc2VleXphY3pmd3lsbWtkR2drZXB6ZXFhb3hveHl3bndrYWpnbnV6ZWVqUHdrdnByd2Zxenh2c3ZreHl2eGduemxjanprQWJ1cGRycVpqY2tiemRic2Zsd2JxbWd4Z2Z3anF2bG9sYWJlZGZwcmtmbmNIbnFqb1drZkdiZmF2eGZjYmdscm95eG16ZHVpbWhpZWRwd215cmthZW5wcW96ZnR3bHdwZWZhampmb2h6eWZua2pycWJuaGp0Y2ZubmxjYnR2b2FicW1lSmVucW9vcGdvYXJoeXlseWxocmtudmFuYmJ6eXducUxvc3pwbWZweHpnbWZyY1N3ZW95Ynp2Z3p5cm1pZGl6dGF1U212dWJqcWlvbGNNaW5rd1JjZGJ6eHhmeXliZWxjZm1wcWpldnplbnVybHFqamFrZHdpZGF6ZWl1d3J6Z2F6ZXVoZmV5YWZ4ZnRoa2NudWtlYmZnbHdiZGhjZ3FxbWptc2pxdGxsZGhtcHVqZWxjeGdoaXVtY3h0dnhrbHFUa2RscmZmanVta3RxdmRxc3hHbmlweGFrdXltZXJudnNlc2V3cmt3aHJkcXlpYmNrcGNqZ2JtaHh5Zm1qakNicXNqbkFvYWhuamp5YW93ZWh1Y2x5a3NtZW93dW9xeGR5bW1zZWt4dm5hZ292ZHJybW52bm5kc3R5eWR3b25pd2x5d2lnZGZ5bXNsdGJocnVsbXF4cEhxc2pmc2NmaGh1Ynpnd3Zma3ltZG1pdGd4Zm55dXZvb2VzYmVxYWpndm1lZ3d0ZXZoYXd6ZXlzeW1hWWJmbWVna3Jyc3BsaWJvemN6V3NlZnljbG94cnlheHRrd25QYnRWZ25sdmNnanB0c3pta2Vnd3RjbWZ1bGppZ3RNcGtiZUh6eFVvSWlkemtpbXhlanREaXlrZnVqcW1zdlVlYXl1dWNwYUN4d2hqbmVrZWJ3Z25nZWZ4eVpnenNCcnB1ZHl1b3puZGlDYXN4bXdrZHVlaHhxdXNvaHhhbHBrR3hsaGRnZ2NubnpwdmJpZHdremRvbXJsdW5yYmN6ZnJndnV4cmx0bHNGY2lmcXZqb1dtanl5bWVsbGFubWVhb2xmc3lhc3JoYXZ1Y2RjcXFvbnhFc3B2YWZ5ZnpLbnlrdnRvcHd0cXZ0Yw==;KDU1NykgNjM1LTM1ODM=
9010.0;eHVyYnJpYW9nZXpscXFydW9mZml2eGV6d3ZjeGFjWXh0eXJBZmxjdHNzeGpyaWJ3TUhubXJhc25xZGZzY2hmbWxqcXd3d3JkV3JjaGdqeHZZaHh3aVllenZza2VhaHVBamN6bXZvcXdwanFudmd6dGF1c2thaXpiaG1rb3NyaG1yaG14Z2Z2bXV1cW1zYXF5Vmprc3VxeHJieWtRZXRsV01vb3d6alNlY2ZvbG9lanFrZ3hkcXp3c2JuaXJ2dGxsdmlkdGxmd3ZpZmFjd29veWFzd2d6enVxd2hlb2t1cmlzZmZpeWRyaHp6emlrYmhmcW90ZHp1ZHZxcW9mbG5xZGl2enhkbnhxZ2hnZWxwdHNPc3pta2t3VnBnd3FvYWdjbUxkbXd5bHRjdm5wT3BxcnFjZGpxaGJ6b2Jid3h5dmJ0bWJsZ3dwYnZqVmxFV2JueHZvdXhtc2hjcmNmZmVYZkFiUXhjYWl5Z290eWJ4d2t5bXh0bWhqaHlrcGh6TnpucmxwYmdodmJGcGV0SnB5cGprcEdyZHFncWh1elRKdXBqaXVyaHBpdXF6c2NybGpreHRzZ2ZsaWlkamRud3RyTGZkaHVrbHZid2Vra3JmYmZnYm9zbnFkcWlxbnNGZHRwbXBoeXptYmZybWpvZGFxa3JzaWd4c2x5aWhzb0tlYm1HdWl6eHF3aHFreXBlc3l2eHRtbnR6bnVlZFpsaW5md3BjYWhtZ2JuaXV6Z3BnbnNodGRmeGVucm5neWpnYnpzaG9uZ3R3bGF5a3B3cm9paGtib2Vya3prbVNnb2xnanVqYXRxbmVqcWJ5YXNxcnJnanRjbWhhdmNrcnptYnB5VXVFaXJ0bmdtenVWYmNvcWJqYmprbWltdHZnaGVvZ2FkdXpBZmh0bmVpUXVyenZ6aXRseHFScmplcm14bXhtZ2R6bWNianhSdWc=;dnNrYnZrYnRodHprZm90d2JtdHF0dm1raG9VdGFkcGFjZmxiemFnc0hBa3B4a3B5bWdpSWVnYlFmbmlvanlvY2hnYWhlaWhyYWd5eXRtcGRhcGptcm1wc3VhZnJoeHBtY3NtZGN0dXp2b2dtVmpocnpqeWJ1a2pjcWN0d3V4bHlndnFqenVrem5VemtiYnJ0ZXFrbHduc3ZuZW5tZ2hxcGN5dnRvcHd6bml3cHBtZWhGa3BreG5lbXBoY3lqZnZmb3JUbWFjdmV3dWxxdmdocGl3cUZvdXR5THh3Wnl1bnZjdXZvd2NrY3hmUHVueWxhcm5wYnJkZnZiaGdtRVp2ZXBtenV1bWtxYlZ6bHZlcW5tc29saWVucGdxcXd6ZGZ6cUtpdHlldmFuamdid2dtYmpjdmdzeHVmamJvYg==;KDEzNCkgMjMzLTMwODg=
19933.0;eHVyYnJpYW9nZXpscXFydW9mZml2eGV6d3ZjeGFjWXh0eXJBZmxjdHNzeGpyaWJ3TUhubXJhc25xZGZzY2hmbWxqcXd3d3JkV3JjaGdqeHZZaHh3aVllenZza2VhaHVBamN6bXZvcXdwanFudmd6dGF1c2thaXpiaG1rb3NyaG1yaG14Z2Z2bXV1cW1zYXF5Vmprc3VxeHJieWtRZXRsV01vb3d6alNlY2ZvbG9lanFrZ3hkcXp3c2JuaXJ2dGxsdmlkdGxmd3ZpZmFjd29veWFzd2d6enVxd2hlb2t1cmlzZmZpeWRyaHp6emlrYmhmcW90ZHp1ZHZxcW9mbG5xZGl2enhkbnhxZ2hnZWxwdHNPc3pta2t3VnBnd3FvYWdjbUxkbXd5bHRjdm5wT3BxcnFjZGpxaGJ6b2Jid3h5dmJ0bWJsZ3dwYnZqVmxFV2JueHZvdXhtc2hjcmNmZmVYZkFiUXhjYWl5Z290eWJ4d2t5bXh0bWhqaHlrcGh6TnpucmxwYmdodmJGcGV0SnB5cGprcEdyZHFncWh1elRKdXBqaXVyaHBpdXF6c2NybGpreHRzZ2ZsaWlkamRud3RyTGZkaHVrbHZid2Vra3JmYmZnYm9zbnFkcWlxbnNGZHRwbXBoeXptYmZybWpvZGFxa3JzaWd4c2x5aWhzb0tlYm1HdWl6eHF3aHFreXBlc3l2eHRtbnR6bnVlZFpsaW5md3BjYWhtZ2JuaXV6Z3BnbnNodGRmeGVucm5neWpnYnpzaG9uZ3R3bGF5a3B3cm9paGtib2Vya3prbVNnb2xnanVqYXRxbmVqcWJ5YXNxcnJnanRjbWhhdmNrcnptYnB5VXVFaXJ0bmdtenVWYmNvcWJqYmprbWltdHZnaGVvZ2FkdXpBZmh0bmVpUXVyenZ6aXRseHFScmplcm14bXhtZ2R6bWNianhSdWc=;am1xd3pjb3FkdXhxV2ptQXlsbXl1ZXNzZ3lpZ3pvdXdlcmR2Z2ZEeE5lZG5tbGJ1cG53emt0Y3BHbG95cnFnZm9xa2VGY2hoZW5vbnJvamlxQ2dteWpscWhkdGpwZWJ3enRzZXdpdnNkY3p6dnRkcGJjcXR3aHh1dnhweHpidGlsa2ZZc3FzZ2VmaWV0YmV1eHhoZmphbWhzeWVtZXhvdHpkRlp5bGltb2FpaXJ1cmhmaXRhd3hvam5rd2F4Y3BubXllcWdnaWxzbG5ydm5oa2tkZmFzbWV0Zmx0YmNjTW15cHdqdHVvdXBmdGJ5cUZxaGl0c2VlaW5jdmRsbHhJYnVUcmF3aWd0b3h4Qm1sYmpiV3BvaWx6Z2dlZnZiQmdxenZkanlvdmxha3ZjaWhwY2lhR2JucHdyaXJtbXB1d2NYbHJwdWxkc2t1YWttc1J0ZmdOZ2Fmd3ZoeXR3aXVxbWFudXZlam9id2lnbW9wcXd1Zm9odGd5anV3eWJqYmhwd1hrQmtqZnBlb2h4emhiYmlGaHZtbHJncm1tdmJ1d1ZzaWlwcGlvdmFpdHdjcWVrbHhuYWxhZnNjZG9qdnNpaWNpbGx1eWVlZWdyY2FtbWZRY2xkZGpxd2tiaWZ2eWh3dXBuamN4b1ZudGV3Y2ZPeWtmZ3h2aXJtaXVtamh6c3VUYXJxdmlwdWRmaWxwU2xtd2xkdW1kdm9mYnJsbml5eWNzc3ZkZHVnemJrY2R3YmZod3lnYmtkZ2ZpdXR0cHFvaHprdnZ5ZmNqemphV3RCeHpqdGNsenp0ZHNnYXZlZnZ0am95Z2RqYmtkZ2RoeXVqaFJ1Y2Z1Ym91c3Nhc3Rmc1Zqd2FtbXV3aWZtcmZ6aW9ycGtGcGdic3R1dm10clVheW5qc2ZvZGZydHd0eWZuanRnampNYmRqcWhsZ21Xc2JtamJ5dXNiY2V6cXh5d29pZHhkamtyb29kQmZqaElhZnh2a2x4bnlLbWdmaGlmZ3llZnJjc2p0d0xxc3dlZGNjcGhhYnJhemhqYmppZUNhZmt4YndvbHF6eXpnb2liYndudmVqcm5neWJpb3lpbXNkaGp1dGZkd2p2YWNpa01sem9yb2J1eHBtem14bWdvcmdmb1FmY2lkcE9scXZiaEVwcGdib3lqdWJuY2ZucHRicHl6aHpObm13emF0WGh1anVkeWxUbG1kdXdkcmd3bGxoamtvTWZicXV2bWdzeWpzc2J3b1JzbWhtcWRqeUdyZW9obGZ2dWF1ZHVwbm93Y014bmVsZ2R6b2tyVWZkcXVhYWlsbHhkaXZqYXZrbHl4eGl6cGJraXp2Y3Vtc3F1ZWF5bXNseHJmZ3RzZXRoZHNuT2ZmdEh5bXVmbnV1cHJ5d29iY3l4dmhpaXVxenlhVXNyYnN2eWh3cnF2TXJocnVzZXFOTXBqZWxsbWVoaVB1ZGJpemZ2aFRpanJ1YkVyYm12YWF6eWtrbGdsc3lzZGpncm1vampiZ2lrb3lzeWx0d3R4c1lVc3d2aXVIYm9hY3htcXl1dHRnandseHZxa0JsdXlscG5yem5PbXFxZXBtc2tqdW5Qc3FxcHFiaWR3Y3BuaHd5eHR5dnphZXZldWRna3BpdXd4RHh3c2pjemhwU2ZiSnZvamxyZHJpdnZ0dmNKc2x4UHpWd21nYW5tSGxicGlkcGlueERvbGF1dGp4Z2tua2xzZkFpdmxkb3VwemxvZG9qZHl0Z3lsY3p0ZmV0aGNlY2Jmd2NuSHFiamRhcm92amtqcWd1Z25kU1Jna0Zrc0NyYnlkcnVpcXdhdGJjamFqdWp6c3N0ZGV0anF4dXd2aXdtWnhwaUpSZmhiZXhkZ2tkdGd5bHhxa3RpaW9OeG1lbWprZXdjZG5oZWl0cXBkcGpud2tkcXNuZ25hYm9hb2JtcGt3Y2Z3amNuYWpleVpmZWt3ZWljeHpwcmd4d2dmZXN0Z3RuY2RnYnVtbXF0a29xaGtwbWFxYW9qbGRpZnlXdWJYbXFmaml2bXJuYWR2cXVjc2dyZmpsdG9lcXl1cnd0aXB3aGNzZXFlaER1YXNnaWhrZXR2bWloc29nd3ZsYWthZ3JmYWR1T2drZmRqV2R1UGh6aHJTenhkY2J3ZHB5eW5uZVZibWZsc0xyd3l4WnV3aGplZ2hkZXVuYVV1ZHR4a2lucmFjc0dweHF0Y2dienVqQmd3cFh2dGd6YmVza0ZsaXNudWR0cnlhaXNlZHNHZGFjZ25rbEphYXh1ZmJrdXVwbWVyendkZnJham5pZnZtdHJ5aGtycENvY2tieGJyb3p5emtvZnRydEVaYnp6dWNjZEhSZHRvY1JpaXBxY2lmd3B0ZGltdnZvand4ZHVqcmxvcXN2WnlySWlzdGVpbVBwbHZjcnRsaWNhbHR6bXBteHRKbGZzdGVhc3p5ZmFhbnZmeHhkaHNtaXVhb3lreHhweWNiZGZwcGZyb2JxYWpyYnB2bWZld215VWtYZGVuUXpyY2ViaGRwdXB6bW9ib21sdGNmdGJzcG1icW5pd2Fld3h4cGhodGpmYmx6em1hdWR0c3JhYnhocm1jZWZudWVrenV4bWdrYXRqTm10cGlyZWNqbHl1aG13cVdnZmFlYWFzcmF4c3liQnNleWlnbmVMZGZqdmxkYWF0dnh1aGh0aGF1amNyaXhha3N3eGlwc3JsaHV1YWp4amF5b3Z6Z2J1em56a2tydG93bGdvZXJ6cnp4Zm94ZmlhbHJsYnFwYmRqYnZkbWlzcW9kdWRwdHBqaWdQcGVWdm96em5uZXN4YXF4dnhpYmtia3RBcHV6b3lrcnpmcmVzamxkY0pvbm91bHNndXZodXZ5aWV3bGVvamVqenNqc2RtYWZwYVpnVXZpZmp0dHNma3hwZ3hpdlNyZGprcGlkdHNXcWJlcmtuaGpsY2Ryb2V2b3Z4cmpyRnNxamNkSWp5cGpnY21sanh6b2NtcmJjZWFuYW11eXdpeW9Oa0V6bmRodXh4Y3dlcHp5d3F4aWFlRWtxemZteWJoa2pldG5wb2V5cWhmcXR4aG92c2VwZ2FpZHJ1bXZjbW9uaGN5RXVFaHVueWFqY21paHdsamlidW5kYnlyVGRqdGVsbUxVamhsbGlNdWlxcWx1Z3dkdWtlYnc=;KDczNykgMjgyLTUxNjE=
1791.0;dGJhYmxhdmx5enBhc2JwY3pib3RlZXR4U3hib2hiamlsYWpha3lWcVZnY2Z6dmJhcmNkY2t3cnFwdmhxZXVuaGZpemNvZXlzd2FwZGdqcnNuQmRhcHFhY3h2emlub21iY2p6Ynd5anRyaW1zeXRrenFtdmV3aWdiem1md3Z4S25WZHJmbndvaXN2enBtZWRUeHJranRueHRpY29xbnljcml0YXVQSWVzbndvZWd3cGtvd3ZuaHVsdm5hcGZic3ljZ2ZwZW5raWZvdmpkb2V3c3VjY3pDdUpyeWZteGNxZHdubHRqdHhxb2h0d3NyaXBiYmJnc25xc2N0dGNma2VtenJzaGVzemh3aXNxcHl1Z29ha3ZwaHduaXZlYmZuZGVxY2R1ZWVmYWpwanV2YXFaT2x5eGlmY2NzY3hrc2ZNeHdubGlva2pnbnh3eXF6enBmaml1YXpqZ2l0ZnJsaW14YXJreGpia25kaW9jYWxyY3R0cXZhcHdudW1wbnhmem54ZXdicnlwcmF2bGxlZWZlZ3h4aW14cnhxYWR4cHVpcXZXbXhuZ2phYXp0aGVFZnNtYmJ6Z3J1Y2Fsdmpma29sYXp5dGJvdHRycXFrd2JzaWZubXV0V2dheWhsdUJkaGVqY3FzRGdzZXBic2hnbGV5cG9tY2VsbnV1d29pcHlhc3V4eHFrcVBqZnlhcWx0ZXhwb212enFrYWJ5amdqYmdzbXdpd3p3ZHFjYXltZ2Nud2xhaG15cmlodmNxdkt1b2lld2FtbnVtY2hteWJ1eXdzdmxyeXpwYXlva2hhZmJxd2pra3hnbmtheW55YnF1RWd4amR2ZndyZ2dxZnl0bm14cXl0ZXNzcW1xZFBGa20=;Z3B5anRmbHRwYXBzZmN4eGlic014bXN0ZmlmeXRmZHJ5aG5rRm9jcWJveWVmbGtvbG5odW12anlrYnJja3pncGNnd2RqY21mY2NlaGFzenNzY2ZrdW9id3hreXp1YWVBZXF1Znl4dmlzY3lnanZoY2RpYWVy;KDU3MCkgMjI5LTkxMjg=
20738.0;bnltb2ptdGlzcnBuc3R0Y2J6b2xtcW1vbWZuaHFnanF1eWlvb3hydWtudGN5eXN1ZXJ1dm95ZHVoZmV6RmxCZnZsemdtanJwZ3NhYW55c2NlaGJ1a3ZCbnZscmJyc2ZweGR1aXh2ZGhoenlKYXN6aWZmcmZkZHpibHJodG1taG5sdWx5dnVUZ3h0ZGplc2Fvd2VlemRnZmt4bXBkbmx0bHdtbXJza3ltZkZpYWl0dmVwdWZidXV4cmVrY21scFlvcW9La2Z2Z3B3emZjdWJ5aHl0dmhqcFZrd09xU2ZuZWdwanJncXpncmV5cW5jY0tvcXFzdnFlYWp5dXF2ZGRuendtbnhnQ3VtZGRwcW1wc2dwcHhZZm5vdG5pdmxnbGJ5a3hxY3l5ZWFlcnd2eXp3dWRua3ZheGtncmxjZHhwY3RzWWFsbmN5ZmZzeGd1ZnNiamdkc2J5anlpZWhuYndod3RFeGVwYmx5ZW1mdW52ZXdwZXVweGV6a3NmZGZneWdsY2V4dW54aWFnbGlqZmJhbWR2Y2d2a3poZ3NodnNsYmhodWp1YXFheHptaEZEZXRkYm93a2dmaXJncWJ3R29haGxhZnN6eWp1c2lsdXNubld0ZnV6aWJaYnJ4enZoRHp1YnF0bWh3dmlybnN0b3d3aGNmbnNkY3Z3dXdxdmJCeHpkc3F3aW1oQnd4a3J3bXp5cGF2aHR3eWJ1eXNzdmVhcmNpc3dsemt6cHJva2NnaWFPaG9wZ3V5d3psY2xoeHBpd3pubm1kbWtodmVuY3pkc2F5am5oaXJFZ2psc3V6dXJta3VseW9lb2Z5cW9wYXVybHNlZHFzamRueW9uaG91aGZzeGVhc2R6UWV3Z3dudnl3b3VscVBpaXF0cWt4eWd1dWNhVGVjZHJOY2pqeXR1bW94ZXJ0ZG5zbEJ1dGZwYWh3emtzbWlhYmppc3lrdW90YWduZGNlVm1lQnRjZ3NsdHRvbg==;<!NULL!>;KDE2NCkgMTk3LTk4MzU=
27019.0;<!NULL!>;bWh3Z3N4ZXNlcExveHdrdW51ZGxuQXp0Y2JyZHFta21kV2Rkcm5sdmZxS3lnaXN0ZnZ4dWN1aG5xc2Vhc2hjaXhudmRxa2huaXFueHVDak1tam9wZ3BvY3NicGluemhqdXFwb2pkbmlmcm5xdnJ5a214dWNocXVra3FsZG5hZWZmZ3h1c2NkWHdudWppcWNtamllZWpjZXFvc2d2cmZ0YWlyZHZpa3B5Zm9oZ2pyb25ueWt0b2Fscm9vZmJwZHZ0Z3ZlcGRxbGNveHFscmZ6Z2NkaEt5eGdnemZ2cmhvdmJjdnh3cHl0cGlsa25meWt1d2VxYWxmcXVrcndpdWlpdnRjZkJ1aXB2c2VmdHdxYmVxcW5jcWt6d25heHJqaERocG1tbmNqbmVubHdnYnd5cG10aGZwSGl4Y2ZiYXBicmNrcWtnb3h3dGF3aWRpZGJRV2xteHlrYXFCYg==;KDQxNykgOTc3LTA1MTg=
9712.0;eG1xcFd2cnhzbnN5aXNvdHh6Y2Vnd2NoZXVwcGV4c2JndmFzdW5xZmV1cmpnZmdmY3B4dG94YnZkbGhjaHF6YnlvaGd5eWx1ZGJzbHJtaWZqbXhlZm5wYnh0ZGZ6bWJQbHNjbGVnelFhbGRxWnpzc3l6ZmlpcFpYcHlya214dmhkQ2FsbWVib2dnaHNjdmpzdWVhZ2tkRXV1YmNhYWFoV3N2bmx0WmdxTWpoY2lyZWV1dWh3cnpyd2ZsZnBEcHh1b2dyanhyeWttb3V6eG55eHJpemF5Y3Bxd2ZibEdzam14cXNscXpya2l6d2RhenpyYW5oa3JiaGJkZGhkdnd0Ymp3aHFvd2tzblFycmRIcWZjZnhqbGN2Z3BobGF6Y2F4bHl6YWh3YW5mbHdpdGRhZnFobGdpanhQemhyb3l3ZXRtbnh3c2FqSmdvbnNscUd4Z2l6dG9hZ2JnYWx5eG9nc3NEb3hvbXJ2WHFxbnh6aGducWhpcm9mbFpzeG5zWWhxaWJld2RpeU1saW1ocWtqbm1zY3d5bWhtZnh4c2R3bGRuZ3NreGllaXh4ZGd0bHRrYnluZmhhamN6dWF5ZGN6enRjcG1md3pudWpqbWZnZm5ranR6enJ0aHRhY3Bqc3htaHdiaWV5YWJzYXpocXRyand3cHJ3cWdicHpsYm5jZmN5cXdLcG5tamxzY2F5dGpiaHR1amZjc2p4dGxieHFEZ2h2Z2Zja2FrcGVyZmpXZGF6eHZlamN1dmRsdWxza3dlbWpvd2Nxd2RtY2l3emZxdnl5bmlidHJqZnliSGNzVWp0ZGhobW5ycmx6S3B0Um9paGJpeWlobXpsbWtwcW1pb2d0dWdqcVNob2d1cmdobG1Ic215dXNsamp6eQ==;Q3J0b2l0SnV5blFsS2JtcGJ0cm5sb3VtZm1sdHl2bnB6YW5yY2ZsdHFwaG1ycWFpbVBhbWhtcGRheGlqZ3NsTWx0aG91eXJ6Q3lybHlmaG1nZGFhaXVlenBqc2R6a2lmenFlbnJ5dmJ6anphaEZwbHh0YnNTZ2RmdXVlaW55dHVkeml1bG1WdmpwanFkY3d5dnRieG9ocGh0d3BjbGZicmx4aWNaZGV4eGI=;KDQzMykgMDMzLTc1NzY=
4254.0;<!NULL!>;cGF3QnFlbnFseHNvWnR3b2t6c25yamx2R3VldnVmemhtaXVDdXp5ZGVmbXp0emxudGR3ZmJnZXNzdGZ6bGFrbW55Y3BQbHVvc2NjbnN3ZGF6ZXh4a2VPbmZmZmdrenNrZ3hsc3BmcHFtcmpybXBqd3hza2J0b3d4cmxkbmN1cmNmdnFpc3Vwc2Z4a2luV3h2eGFiYmRwYmplaGp0dHRrcWRmemRXenJtYnJyUHJucnN2Z3pzZmVqendlbnptd3BicXB1YXFua2Vlb2tvdW9qZnJkeHhzeWZremdveHFndG5yaHh1dXl5cHRwd2p2ZmJqcW1ud2VOcnB4aW9seHZla3RzbWpjb3RkWmJ5dGFna295YXBldWR0bm52c3VyYnVlbXhsbWZyamdoQ2JrbmJ6aHlnc2lta3N3bnNxcHhmanZ4bmNrZGplcWhhbWVqbHhrZ3d4emFycmhUZ3Zza2V2Y21yeWRocmZseGxudWhia3h1c3NrZHdxa2F6bnFseXZvbUZxc3lieHZ3bmFmbmhnY2Npa1pBaHl0ZXBuc2xqZHZtY21SZHhzd2RvYnZnaHRzaWV2amltaGhnYmRubnppd2dqb3pocm1yeXRzZWZwdkpzanZ2YWdieXNweGtzZGhrZXhnaW9jeWZxYmdvbnF5aXlybWF5aHVucG13c2h2Znplc3JRa2xmaVVoeWFxdWJ1anZvekxkZmdPbWtzYWZvemtmbmF6d2htS2hrdnlrbnpsaWlldXpkbG9iaXhmeG9rZmFHb2xwdW9wanVnd2Vwbnd6am9oU3FueXlvZXlsaWV1aHVucXFrb0VvZWF3eGp3bmJvc2V3c2p4dWp0cGFNYWVydnh0Yml6aHN1YnZzenBzY3h2enBiekp5bXdtb2lkZWJ4emh4b3l0cnh0ZWxvcm9xY213b3BrenBzcGNha2xudmZodXBrQW5nRHdjcWlwcXl5UWVsZ3JmYXNhd3lzbnljdEp5dnNobGR0c3J6a2x5a3lzemxwcXVqdm9lY2lsaGJ2b25hcE5jbWZxeWpibmp3Z214ZGtieGJlc2h5dXdsZmZrbmJncnBleXFxbm13eHZ5Z3pqdW5sdnphYnNkamZ4dXZ6dHV5UVhPa2Zvbnd1bG9nZXFua3R4dWd3ZHBpb3dxcUxsRnVqZmFpd3lhbHhyanBqdXVsb21iamNxaWJra3pFZnl2bW1raHp3bWlicHF0d2hncWtsbGxmc2Fyem5pZGFpeW1nb2l3dGJZbHFld25jYWZ5eGp0cGRmZXZ4YXBzZGtodW5ocHZhandndWdtdWp0aGpuc3N1YWdzb2FkaHllanhzdnB5Z2pycWhyeWhicmpobGZwaGJqY2V4bkRCamxybHZ3cEVubHB2Y3FmaXl1bGJrZ3R4bXNvd255YWNreXFmcGx2cmVrT2l2eXpscGlyeXB3WGd6aWtpYWxobG1qS2p5aW9oY2dwamd1c25mc2xCbGl3dHVveUxrdmZldWtub21teUlnaHJyaHRpc3JiYnRkc2pnYnJxeXZnZ2t2dWpqdmt2aHl2cnFkcnlmb3lzZ2VncWNtc25hbWNmcHpLaXNpdnJicnVla3BtYWl2dG10Y3Rwcml3ZnlxbHBhemhmb2RweHpmeEhZd25iY3dubXRybnZsdHd2aHhTc3l4eHJ6bGhHcmtxZnhmZHNkbGxuZ292SHFyZ3Vib2Vxa3BlaHZyaE15b2poc3poeGJkcG55a3N3Z29ta2FscW1nY3pvcHhiamR4YWFjeHFpdHpsbHdqY2hidGVMcnlyd3RveXpwamJvbXBnbmx6cmRiWG90ZWlqcm16em94a1prcHB0bGZuYnhicnVxd2p6enVlZGRrcWhoZnZnekJrbld4d3Vpc3R0a1Vtc3djZnd3endFa29waWNtcWhpZ2h1dXBwaVFna2FiY3draHZHYm11ZXhvdmNlc2tya3RncHFlc3drWGFkcHdheXBjdGNiYXNqb2x6cm90bmVvZXRoZWNucWNqcHp2bnR6dm1jemZ4YWd0Q3ptcHF2Y2NrbWRrZWl5RHpxZWJsYnBscXFtaFpqcHN0WWh2cGVvc2FmY3R1Y0F1YnFybWhuaXF4bmllbmRpZWRlTkx1ZWdNYWd3dG1DZXh4a1F0ZHFnZmhiZXhtaHZ4eXRleHJncG1FUndsdnhmb3p0bnFtc3dubG15c3Z6em9uZGFwcmFkc3ZxemF4aWZ3eGplYXZ2eWZ1bGF0cnZ6cnNVeXF5cWF1amJ1aW13aWJ6Y3VhZ2dhZnh5TmhyZnZ2YnNjd1N4dGR4bGdzeGFsbmZsb2d4YlBnamlpbGxzeXFvcHhqYmxvd3Vwc3R0aG5pc0VhZG5UaHVpeGVsb25qY2Vmd2VrZ3dicnB4anhsWlNycndtQXFjc0x6b2ZVbmRpenpsa2NBY2Nrd3ZwZWh3QXR2ZHhldHFidWlxc3J5enNjckd2cmd0andlcWRicnBWYm5mcXJjeWdvZVRxZFpna252cGdnd3praXFyZWx1eG5uZ2dRd2Vvc2p1bWhrYml6cnRyc29zZ2xoaWhlZkRlbGRkcFlicXJjcXJ6YmdRcHFuZHR6d2pjcGNyd2FxZW9xcHF3cGR6cXd5enZhaXZvZXdpZmx3aGd6ZXNzbG91Z3Zwa2J1ZHVieWNhYm5keWZ4ZXNsbHloZG13Z2JqcmlnZm1tZmR2bWx3dXljZ2NmcG15c2NubGdrbXZwZmR6Y2Vybm95bm54TWxpaHNpdXNua0R1aWl1dWZzeWtkbndxbGJwenZIeWRtcXV1dmZib3VwcUdtbHVzcm5rZ2RjaXdkWXZ0a3VzcHl2em93enhjbnFuaUVOYXdoQWR4ZHlqemRaaXpkbWNodm1teHhsbnRlemRnZWh3bHNmaFVpemFTY29lcmp2emN1a3lobHNhZERRakh3ZUVha3V0bnhvbWZqdldzYnZqeWZ2dGNwbHdsd3p4bmh2eUZ1eGJ0c3NrcmVobGRkdnl1YWdiZXBwaHRWcHBhQWJkdXhqZVVwR2Jxc3BxbWRjZ296cXJxdWxyaXdrcHlidWV4bnltZmlySWd1dGlma2FndnZEYnFJa3FoYndxQXh1bmFxdHBvcG5jbHV4bmxyTXZlZnJhbWRwZHV4ZGNzYXpxdXBpZ2JmcGJ3dmlhYWt2YnJwY0FreHhSbmZ1c2phU2lqYXpldnlyc0dhbm1pbm9vd2F3cXNndHRrUWRqYXFrb3VndXdyanN0eGtzdHV5aml6allnd3lleWp3aHBvZnRibW50dnZkc3VucWptc3JKY3pncHNuZGp2Z294cm15Y29kamdoeGxteER0bXV5b29tZmp2cWdkcnJtb21TZWxqaWV0cWNkZ2N5bnVjbWlidXpkbm5tbXFkbWZra3Bqb3hnd3pmeXNoZGZsamlrdlVocWpsanJqem5mY2dleGR0eGt4ZGxuYXpYbXNOdXVxaGZtZ3NmcWNhZXFybHp1b3V3bHBhY3ZwZnh1YWlsaWRvZm1maHBocnN6dWd2eWh3Z3Vx;KDEzOSkgNzc2LTkyODQ=
1530.0;bnFreXV5bmVoYnlmbGxrZ3ZZc3plYm1pa0JvZ3pxbGxla2ZkaXlxZHZkZ2Jsc2NnZWtvcWpvc2xjaWNnbmt5aWtzY3BoemNyc3h6cGxzcWJ2Z21temVjdGN3bGlqdmRsYXd0ZWd0d2RnaG9oaGJsWHFNd2d2Z3h5Y21ucmZnb21jbHV1bG5jZ2docGFmdWdyc2F3b3VqYm9kaXh1dnd0c3J3dHpiemJrd2h2dGl1dGpja290a2xuam9RSnh0cWxydHRzZWJqY3plYmdpc3RhcmVScWttenptbmNmY2hnY2hzZ212YmZ2Y3JweGpvanhtZHpocGNkb1BydG5jdW9kb215Zm1vZmVmd2tneWZqaWttZWFybXJnZ2RjcGNseWJIdmV4b3BqaFVhcWVvYmRra3djZmduc2d5Zm5zaHNzZnBtaWR0c3Zwb2h2cnZzYmRBcWVpdHZXZ2hKbW92ZXFtdnJobVRrbWdreXN2Tm1HeHZVdWRnY2NOeWpsand3ZXdsenFlZXVtYXhsdXNsY2hzdWR4ZHZtcGllYWRubWNsd2lwb2d1dnpNbGh3bWR3aXVBYWFscXRhbWZkcWdlV2t3ZW9kaGhmVWppcm9velZkZ2huZXhhbHdtbGthbmV5clZ5VXZwdWNsbmNreHdtb3lsaXVlZGN0ellobE5ld3pvaW94a3pxZnZzR2NmZGJ2emZhb3FsanNrZWVPcXFnemppeGh2c3h3Ym9lZGtpd3JibHNzeXB1aWxqbHhkcW5hZXdLbGx5ZHZieWViZGR4aGlrZWxmWmFtdW1qaHFSdWx3ZnZ3bnhub3FkbmZqeVVrZ3N2b2ttaHRjcWtxdGN6anFsd3ZpcGJsb3FvcmN6Z3pna2x4bnl2enJ4anVsd2Z5eXB0cGNjV2x4dWZkbG1xaHdkcnlkTGRtdHJodU1xZ2Zud29kaWJSeHV4aHl6cGhxcVBsd25ta2x2dHFiYnlwcnN4ZnA=;cEFUamFsZGVwa2d6bnZhZG56cXdhZHNzeHhWbGlyekx3a2R1emJmdG91eHhjemNvam5lenp6d2ZvdHpsQ2hoUmR4RmhudXN3emljYXJ6S2p6bGljampnYmJwaHNKbm1qZHRpcmVpQ1NkaHFuaVZreWhzZ3Vxb3Vqd29tYWdpeXhlYnhheXd6emNibHF1dWNsdmdhdXF6bG91d3pkeWtud2FtbW1zZXhKaXZscnJ6bW5sbG9kbmxiYmRiZm9zdm1hb29tZ3B5aG5yeXlxenJ1anhqcG56WmxodGprb3lyd3F6cGxlcGhpZXl3Y3ZmYmN5cmp3cndFcmZqb29vZmx3ZmlmbHJwc0Rma2l5ZVV3QnZxbXRiY1Brd3lzeGZqblpoeXhncHppcG9hcnBrcXBhZXNrdmlmcXlocmRieGRrbWxzaWNhZnhtamNuZHRiemVxZ2Z6ZWhscGtka2tsZnJrYmVwYm9vZlBpdmllZWNsaXF6cGlvZGlqa2tvaGV1ZWR3YW1wb3Rocnp3cmp3aWlkZ2xjbHdpaHpodHJrcnp2eW5qYWttdmxyd3ZuY2NrZ2xwbnpld3NqcUN4cHFwUHVXY2N3Y3BwZG1McW9scXlvdkpleW1yeWx5ZG1mcWljZmRrbmN6eGV4dndoc2JrdnFhQXBicG56eW11anN4bmJhdXV6ZnhjYUtwc3Rpa21pY3BmbWtuamtuYWRhZHZSaUViZGt0d2xBSGhvaWtueHpxaHJhcmlyZ3VkYnJtb3F6anFlaHh3c1hra3BvbWN2bm5uenRVc2VqZ2dvbHRsZGR0Zndlcmh3cHdoeW5xcHpqaEllbXFvbGJiZGR2cmJuYm5nY0VqeW11cmpveWtoaG1pdHZwcXdqbHhRbmd0dHVvZXlpd2x1Ym13cWdiZmd5R1J3ZWRxa25ycGN6YmxtcWF6Z3RMdg==;KDcyMykgMDY5LTQ1MzU=
27160.0;YkZweWVqd3B0cGd5dXVnZnRkekFjcWx3bmNIZXpieWpoeGNmd3BveXBmb1FuZmJmd3Nud2Nzd2VwY3pkanJvbEpob2ZzYnlsdHFua3BhemJkc2x3enVmbHlicUVnY3hsZWxsdmRwbnd2aWZ4ZXNtbmh1bnh3dWljeXZtYWRyZXFrc2FwYmdlcHV1eWtqbXpzd2R2d21uemhkZGRydnRlcHpqbm9zdWh3d3ZodHltanBmaWFyVGx0aW9ydm5udGx0ZG9sbGRxd2x2cHFsa2JzYW16aHN3RWhvcmlxeWx1a2FyYXByYnB4ZG1QdnlWdW56bFlnYm5ucmRpb3dnam1ub3Noa2NraG5ldXF3bnprcWNnemxiaHh3b3hlcmx1cWdicGlybmh1b3R5cWRuZHpveHNwZ2F2bnRkY3p5c3VrY2dqQVdoY2t1YWdxcmlwdHBmdXpyZG90ZWZ2aXR1c3hpYnBzY2dhZHF5ZG53d3ZmcXdkcGNwcXdudHpyeGZrbnZBZGFqZmhhcXB2emdlbWN3dW5TaGdtaHdDdmFhdXRpZnZodXB1cGdhZXZkZ2liaHFjaWR1YmlsY3hpZXJicGdtZ3puQ3BxcnJmSHF1emZ4c2V1eXRFdmhkY2x3eXR4bnhnYm5yenFieG5uY3R1eGhpc2lnWHdpSGd0cGtuYmxGemdtcnRzeW9keHJhbmZxV3hraHpqbGdybHJtY2x4a2x3amppZnVvY3lxdGZlYWVzbXRlblFxYWVrdWJjcHVGbHhidHd0YmJ1d2xqa3hwb3RhYXR4cHpyZnRia2NEdXlxZ3dreWxidw==;Y21haGJ0aG1wbHVocWxyb2Ryc2V1VW96ZHR4Z3d6dGdpQW5yY0FIY3JyeWd1a2Frd2FscXV4YXpuYWRobnV0c2twbm1qdGhiYXZkbmxocGN1YnNNWWFuYnNtdlhncG1kcmVvbnh6eXZxcWFxbmdoenRuZU12Y3hyeXV4WmdGdWN5d2N3dGJyamxnanJzZmpzcHV6ZG96YnBueHhybHFvY29KbndydnhLbW5mZ3J2Y3Nta3Jra2trcGN3aG96cHN3cGhTbGxhdnVydW13bmRRZGhma2JxZWxnZnJra21ubmFJYnhqemJ5cmF5aGN0ZWlramdsZmRmc3V2cXJ6Z25ob2hid2J5ZGR1ZnR1dnNoR3R0bmdHZndyenVpcGx1dm9tYW1yd2pxcnZ0eWtoemJ0a3ZxY2R3T3Ztb2ZubGRjYUtkYWVwbWZ2am9mdW1ycXFla2FhZnZpY2h3c3J3enh3c2NudnhoZHB0eGRhaHVhZXF6ZmZranhiZnRucHNsaGVlc2VxZmZxZGFmdWxpbHN4cmF4dHhmeWRhc3RxYXBjaUJhdnNMcHhwamhqaWthUEx1eHZ3RnVrekF4bXlyaXlkb2Jzc2lrbHhHbGR1bG15YnN4cGFocXdtemllaHRmbWVwbGFqZmZiZmZmZGVud3l3cm91em9kamVpYnh1aGx5YXl3RWRoa3VubG9ubW96aWlnaW90dW54aG94eGZ0d3VjcWNiY2lhTWZxeXdrenV5aWp4aWJjaXhMZnlicHRIbmNmcmRqQ2pzY2pydHBxa2lndHNtd2l6cXVmZ1hzbm9DaGZrRmVjcHJ4YXRucHhzYXpOWWRveW51ZGV3Z1d4cXRjdGh1cXd2c2lybXF1Y3Z1dXd4aWhlZWR2Z2R4enNzeWJsc2FzeG1yc2NkS3RzZGRhdHl4enl3cmdyZ3Z5QW1oaXFlcmd5dHFqdmdab2h1dnN0cm14YWFubmZueGx3ZmxkenN3ZmJ0eXphSXJlbWpudGFteGFmdW1uZHNrdHZpbndocmpyZWZucXFtb2VpZm5xb2dsbmVpd3NwanN6V3loeXpmSHFpeXZ1Y3N4cGt5cHN5Y3NrY0xrYmJyemV2cnVqbnlld3F2alZndmNpdlBtanVod3htbGVpZndwbXpldm9mZmd3dXJ3bmVudWtzbGRoYXNteXR5amRmd3RjYWpicmF6V3R4Znp0Y25iSFp6c2hheWJoeWVhY21uZGR3ZHZjc2p3bmNFZm1jY21rY3NibGZWZ3N3bHNieHFodGFrbGhtYnJ5dmx6aHVzanNhZXFsbGN6bWhhaGtvYmx5bWd6aEtieHh4b1lsd3VheGJ6Y2hsbkx2cWJzZ3dhbXRoeXFybHFoaG5mbWl6aWd2eHJidmFocml1bHpxY3NvdnVxbGx3dHpxdm9rdWtjZHZ3ZWh4d2pJbWtqeGRybW9ucGdxYWpiZmV2eGhzZXlzb3d3UGlxcHNGZXlyYXh0a2NtbWtob2pzbml4RmJ6Ym9veWNocHBhenpxdW1zZWhZdVN1d2RrcGtjcGVib2JhZmNqbHBoc2d4Znhqcndra2Nwanl0cHJlYW96a3djeGp0bnB4aGxkdWJ6emNheWV3dnl5dXRlcnFhbXNkcW5rZ2J4bHptdGR0bkl2ZXNmb3R5ZFpoZWhvd3F6dGt3cXNOSnh1SHRrcnV1a3NnZWZvZW1peWZ0aGhxdHhmdWZ3cGF1bm1rdHVudWVtamxka3ZrZmZ1Y0VhbW95ZmF1amFVdHBqeXFtbGVrcXR5Z3lpbnVmdGprYXFoYmFzUG9lYm1ncXNoYXp6dnVVYmNhcWFjeWdkZXhoZGhqZXl1cGlrTWZpcGJ1Z3lhcW9uQ0t2dHBtdm5tcXdqbWpqb2ppcWhiV2l2eHZ5emF0T2drZXFzaXZud3hlZGRwd250ZG5nZmtvdHZueVBja2F2ZHN1aGJuaHR0endrcGJla29scGZ2Ynhnallycmd2d3BiYWpoaVZ5dGRvZnFra211emV1bHJvY3pybGVjdmF4Ymh1c3VjY2ZzdnRkY3ZnZWp5cGhlcHV0a2pkZnFhS2FRcmZycmRwdm5wcXppenlqdnFuYXB4eW9qZ2l4eGJ2amt2eGlmbnBmbHdwY25raXNqZXhmdWt0dHFkdnR2dm93Z3R1emF4Z3R6TGVndGFwbHFuZmNjanJqaGtqdmVveGZ1bWJ3dWx4Y0d0cXlueGxyY3V4ZXlkZmtxZnJ4dnhua3BmRG96eXFodkN5YmJpem5tbGN5a3dobXhicXVsemd2dmZoelBsZ2JsdXRjaG1vcG92aWdsYm5qaWdmanN4YmtzeHBldndha2lxZHl2d2FxY3F3cWZza2hod2ZtYm5kenN2cG5teHFYemt6cnhzdnpvcXFlb2pqcWFqclZqeXhycGpNZ2tjd2NjbGdweHZsZWp4eHp4dHpwcnpjV2hsbGltaHZ1aGFpY2tpYWxkZ3J1bHNsbWpLYmtzcXJYYU1jZXd6YmR3cmxpd2l4cGF0dmxkTnR1Y2RqaW5mbGRldmdhc3F4ZmhwYXdFZHVWdmdscHpmeXJMbGRxdmtaa1Z2aWRucnVyeWlhdnVWcnF1ZHJ5Y3Zhb1lnZHB2eWl3aG53YXJ2TXl3bWhuc2x6ZXhoZXlwanF2cEZua3hwa3B3bmJDZ053Y3h2cHRtamFtenhhaHZkZXd3dXVuZWF6ZW1iZmdubWdoZnRxbHVmbXdOTkZ4cWl6Ym5vYWNvZkNlZG91b3Jrc2x4dGR0b1RkYmNyY2tta3p2SGRodWppcXFyb3lrcnBtc3RscWx0eWtpenV3dGJ4YXByb3ZpYXJUcmZodG52dnpzeGtpcWxiZWVnbXNkd2RmYXNtZG5rbGF4Ynlpcmp5bXVpY2hraWp1d3dEZXJ6Z2F5YWpIaHNGYWZhZ3VwYWduek5HYXRrQ3RraHdtbmVtaGFpcXNmc3F1bWdnZGVxbWZraWRsY3pvY2pmbGN2ZnBwZGxobHBraHR2YWptanBoZndxY2hhdXRkcmNpdmFhbHR0ZG1mbGl5Y25zYnJwcWJ5TGZ5eXB1a2NlbHZqbWFxamx3aW9xaHhwYml4dGVnaWVrcWRxaWllamF1dW9raHN0cm5pa29hdmlhcnh3YndtbWZ4eXZuZHZkcWJoeGhpdWNsdml2eGpmbnhwZnB1dW9YZHBxeXJnem9ybmRzZGdjdmVwbWxlcWlydXZkb2RmcGtva3N4am9ucWxnaXhybGpieHFpaW13dm1hb3ZkcHNkVHdtdnJxeXpweXdzbHJoekxkY2VzaWpyY2JtdGVUZmdmeW15Z2Jxa2dqbnJraHVzcnJod2prY1FlbWFoeHNidnJxbmpiY2Fzb2dicnZxdGRuZXF1bmp6dmx0ZlRoeXNwcWRqb3BrY3FlanZjcnVFcGFtb3ludWl3bFppRHd3ZHBwcm1UbXhibGhkZm9ibERvdGllZmZjdHprZmxvdGNlU2F0Y2l5cGxzeXdoZmxseXRyd25xbGF0cW90eHJpdWd2dnFqemlpb3lyaXl6dWlxaVFxa2pqcnN6cWZubGtianVkdnVlcWdma3Rk;KDk4NikgMjc0LTU0MjM=
11576.0;bm5hd2hrbGdhbWxkZW9hanhyd2lkdGltdmhpYm5wb25qc2VpdHBpZXFmdmhzbGlqam51dXZ0d2JkcmZibXN5Y2FvcnhucmtyYXB6YXB1bWZuZHlwemN4Q2ZnbWxvZmpkaWV0aGhqYWdiYXpleWh6dnlqeGpmdWZvdWt6cnp4dHpsa2Zremp1ZHVnbnRNalplZ2lzb3JjY3lnc1VpenppbndlZ25ma2FydmNnZ3l4dXdEY2didG1Pb3lzenJxbnRwZ2xld2RocWtpYWJkaXFmcHVod29CY2twZ2plaW9ocmtjcW12Z2d1akdwcGhtaG9mcXRqZmh0aHF6cGdzSnljQm54b21hdXNuVW5ycXd5bG53aWVteHlMYm5uQXVibWplc3dyb3V2cUxubWxyaGJxb2l1a2V1aW1uZXVrY3lzdXlpemduYnJ0bm5qY3RxemFoeWVsenlpenlvcnVjb2hlZHVmYnJsSnZhZnlqa2J1cGF5aWVod2RuZGViZ2hzY2tqb2pxc3ViYll0ZmRmRW9mSHd0aFVya3d4bndyd2RkbXBmaHh1a3pnYmd3cU5jZGtlcWJncFFkenpjbmNqeXpxYnVocWNDa2d0d3ZmeGhrbHBpZ3p2bXFvRXdrd21yZXdjZGJjaW9ld3Fsa3BwaXBoZnNjaGhxcmRqaWNnSGhuc3RMZmxBaWZob3V2aWpydHp3cGd6ZXZtdGJlZG50b2dqeG1ndWJuZkRmbGNhZnV5dXp5aWJaZWlpeGp3dmtpdWh2bExtdXpncHNwaXlzcnB5dmN3bW50b0R0aWRKb3hscmpkc3FjaW51amxqZnliaGRjb2V0cXZoYVNualhubHBrZ3BidnVjb2lseW1qbm1zd2N2cnFzam56cmNtdmprd2drdnhpYXV6d3p2dnVodGJkdGJodXluY2dlZ3l6d1dwaGVzY3pyenRycHl5aWx3b3piaVhwc2Zocnd3eGFnd29ieWJ1eHNhY0NuZWhidW1hY3pxdWJtcHRyb2J3cnpmZWNyUWVrbWtmaWxlZXZidnJrb2h5b3hleGRlcG10bnJqTlJwbmZ0cGVVWHN4ZHB2dnR3dW96aGJ1dnV2dmt6bnhzdHhuZW5lbXBtbmt1d3JjYm1oZnRqcG9ieGhkdE5hc0V1eml3a216ZHFtc3F0c2NsY3h6dXNveWZ2Z3RkdWdydWhlanVkanhlendla2JucHlubWxyZXl5Ym5jbGJjZQ==;cXNtdGFnd2Vid3FubWpreG5SanhzaHhpdXltd2pjbnFjZmF1YnB2cnJtdmhtYndya3Nud2hidm9wcGd0dmlheHZnaHF4cWt5YnZxdFNyYXhEeGdpemRldXV5YnNweHZ3eWhjdmhyY3d0aXVyaGhhU3N2YWRucnl5aXlyZWZjaXF6bnNyenRwamttdGhiZ3hqdnF1bGxrZU9oeW94bXRuYWljb2NpeXRiandmdmFzekJHbmZ4bGlvdWR2b3J6cHZxdXh5dXBreWlwYWV3eWRxa3FkYUl5RXNhY3R2cmhCeHFscnZkZ3NtaGdvbm9ua3ZoZmt4emhzcVpvd2JiZ3dwbW95Ymp3dnh1eWx3TmRkd3VJb3Fua2RldmdkZnlpcW9ja3VsdHFrcGF1ZW9wcWdnZm5wYWdrYXh3em9zcGZsd21kcHRreWZmb3dydWVienJkdnRkcHJsY3ppbEJ1bG94em5zYW5uYXd4aWlxenJqdHF6Z2lrem5taGhveGhsbW9wam1tZ29jcGRlZXN0cHVpYmpndmRlcWNncGZ4ZHdrSmJ3endndGF6c2ZwdHR0eGl6dWV6a3Z2dWR0d2lnY2Jpc25qZHdwaUlwcGlqc1lqbW1pbWJ0a2h1eGx2dnd3eW54YnhudG14Z3ZwZ3F4bXVqcmNlbWZiaHNvam1jZWltcGlraGl4cWJubmVid0dvcmhkY3V2emxleXB3dnZka2xnYm5pcndXZHdlZG5pYUNoY2hMeGxmamh6RHViWnZiem9zeGZFQXBjbXppcHR0b2dvc2Z6Z29yamZ5dGloUXBrZ2loYWRjZW1zYXN4b212ZGJ5anNobmhvbGl0ZWR5cGZiSGdidHdsamtic3VnYmZ2eGt0Z2ZtcG5ta3BqbmV6dWNrbmx6bmJqdG9vemttaGh2dnBleWZjZGd4dm5qcG9qbXRkd2F6bG5iYnJmcHlneXB6YWRuZHVlaXp5aWhqeXZ0ZXZvZGtjcGZkb2tqbHd6cGN6cWVmbGZmbHpnenBweWFvdHFjYmp4a3ppampmbGRsaG9lemJqb3llYnVya3R6cnhsYnlmb3poamlrcmxibWFadWtydGp5dFBrYmNpSGNxRHVkdmdzdWhsdmhmZHFoaGZyemN2Z21xdm1sZmZzdmRjYnVvdXhEdGhVdXBrc2tvY3dxeHdreXRob3Bhb3hwbGtmVm5vZmZ0Y3ZlanV1aGpianpvd3V5aWdnZmJwYW1mdWt1eHRkYW9tbGJvaGxqRmZuanFvc2lkcGN1dHd3ZXhwZ2JybWxjaHlycnJqY2N4dXJieWxneHBheGVxdmhrY3dWbHNrdmJtaWRmanB2eW1iYm16c21uemx4cmN4a29ibXZrZGZ6eGxjZHhtY3JpdGNqamVzWm1rYXF5aER1eGdreHR1eXdubmNxc3FpaWltZW1tdnpuU3B4bmR4c2VjYmtma2xyd2dsYlRrb3ZsR3B4dWh3b2p3YWZxb3hzcWJpb2trbGNxRW5jemV0eWlzd25rY2ZOdnRTaHFvZHJvcHpqZHF0c0Nocmhlbm13bXpId2F3Z2x0dWR2Ymlja2x1aXNIbm9yZHZwdnRjQmpuRHR0dE56ZXRvempibnB3cGF5YmRMdnhybE95Y2doaXB1d21uZHBkc3hvZXJtYWdkemdodmh1dmljZHB0YndmenV6dGdtaHloSmJucm5BbXFvTmpzaHlwY01rdWNyeGZlY3lwalljZnFwdm1lb2V3dGV2bHNrdWVoZHJkYXpRbnpycUJrcmh1d2ttZ2t3cGdrb3BuZFRzdm90Z2xqd3JudGFub2NwaGtvenZ0ZHZ0dm5ycXBveUh1bml1anpiYnJyYXdnc25ncXZ1aGZUdEZhY2JlZ2F3dHBodmpocGxreGZxb2ZhbG10bnBxcHVweHBsZkpyS2xwY3Fzc3p1YXNqc2F0eHZ3cWJpbXV5cGJwbmFranR1cWpxb255b2hldHlrcnFzemN3bGdyZWZzcnlmd2ZiYVF2d2VpaHNoc3VyemRRaEJyaHdpa3ZnZXZ0c3Vwb2J1d2tidmplenJzeHFsd3Vpdm53WHBubWRqZXVxd2tzenNxcnl3aWx0eGpuaHd0cmJhcW1qcmRxZXhxb0ZqdXBmY2t4Z01sZXlhcWhpeW1lenBFenNuZmpuY2RianJneG96amJuaW11bGNzdnp0YWx6Z3FwbWx6dWxtYnVtaXlid2ZOZHN2YnZkdm5jaG10aGJ4ZXdBdnpzTXd0b3RlcHNocHR3enRqdWhicWJzZGlsdXNtZHduZmV0ZmR0d3R3cWZlb2xncXRyZGRuYnJydWd4aWFTZWVuenpsdXl5cXpyYWNsandxa3lnemJmZ3RpbnllY29kenBnb2h4eXZsaGhlZnZpSmV2ZXlub3FOZmlwbmFyd3RlYmpteWJ3amJjbHNtenRhbGpuT3FiYmFxdXNlaWJlYWN6bXJkZ2txYnpwenBwc2h5Z3RsdGN2T2NlcWF3bnNwYXZza21yYnpUbGFwa2d2bHBqcHltem15emRpb3Vidmxra3pwekdoaGpkdHV2b2NyRmVtYUx0enh0dWR1Y2NjZ3hteWlzb2R6YWhpaGt6YWp0aWlrenBzeHVjdWF1cG9nanhudmhxZ2F2dmV4c3hTZnp4YWRsaXRnQWJuYWJsZnFwa3FpZGVqY2JvdXl0Zm5pcmJhaXJiY3FzeGd5a2ZyY2F6Z2lhbGRvb1pmcWxreHBwcmd5b3BkZXB0ZXJpbHRlanVqbG16RWZ5eW5waWRvYXlwemJyb3BxbGJoRG9lS3plWGdzbmVnYmd4dWZibmh2cXNzdm9wZXVuaWhxZWlvenduYWV0a2FscHdudG9rZ3d0bGJneml0YXREanNldG5maHB0a3NpYm1yb3hrZXZ5SHhxa3FWeGd1cG1lbHhycWFncW1lY3Fpa3duT0RlYXJjeWZpbXVuZWJzdWlVYWdqRWNxbWRmbG9sbmRnRGJ3dXJxZ25zdXlsamNjbWZscnJtWmJzWXphc3h3eHBsb2VycW93cmtnZmFxdG56ZW1odW12dHdtenpycGF1eHZ2aHV0bnZrdmlpbGh2bmRudmx0b3Rmam1veXJlWWdOaGlsY2Zybml6bXNqeWF3c3Z2aHV2b2xxZGt0ZGx6b2xvbmh4d3JidGtrbkJpYWRqc2xPa3B5Y3FoRW1uaHllbkFnZnZqcW9EZHB2dGx5eHR2bHlieWdxZXR6ZGhkakpsZGp1bWRianVzZWJib2Z5ZnBheGluY2RtZW1ocm1yYXdtb2Rzb3JteGN0Y2xzWGR5eEdyYmJoUnRncmFocGpvZWpyY2t4c3Z5amdHdWVxc2RuaHlzamVzcXJ3cnh0cWpva2ljcGx2d21oeXNreXR0YlhqenV5b2ZtY3N2eG9sdnVya2NwYXJ3aGt4dGJ1d2pzcnB5eXBkdUV6ZnFibmdpdWx1ZXZsc25yZmFlbmZtdnRwZG16cWtqanpmd2xwamZtc3V0cnd5ZWxkenB2Zmxka3NrbWx4eGVhc3dzbHRwbWFhbWlldVhzZHZ1a3Noc3NhYmxlZmlzZ25pcGlhRWRmdGt2aHRjdGVlR2NlYmF0Y2dqZ2lqcGZrYXZ4ZWFkYWZ1bE1oYm5ibG1aZ2xka2pxcGZ3cnhxc3JodHVtdnZkYm9laHZ3cmRtdnRxd3BqcGFsa3l4cHh2cmdkaGpxbWlweGNteGFsZnR0Z2dsbmdpdGlpdXBzVXlRc29kdnFheWxiY2F0dWhjZG1keXNkbmh2ZHBhb2lubnloenRqdFF0b2N3ZWV4d3dua2tkeWR5eEV2eWVzZXdJZWJwc2hsb21oaGFuaGt1amJ1cFBoYWpZdW1QdWplaGJoeG96a2FhZWhlbnB5a3lwb0lwcWNheXdxaGNmdWR5eGp1dHhyeWJmamVhaGdnc216Y3Fzdm11ZnBtamdweWpydnR3;KDg2MSkgMDY3LTQ5MzE=
6427.0;RG1xeHdzZ2picm1teHVuZGdyYkhvcVJZb1dubmp3emhib3RyeWpjY3piempseWxmYWJCaWhma3N2emlQY2lneGFlYWpoVkRWY2FKb3FndHJ3dXpmbXRkd2djamV0aWZvYmNGd3NheGtyeXpseG53ZHdmYXl2aXZnbHVwZXZhd2RSZWhxbHh5dGtybHdObXNjdHRxeHpqYm12bGZibGtjdmtqWndlaUtienpwenJma3Vhanhvempnb3B6cHlyanZwcmNoenpvYXNOa3N4YXVram1mb2ZkZHhib2NzZWl0dGJmanR4a09pcmZxeG1tZmRsdWNTaXl3VXhjYXRhd2Rmb3poa2ZCYW1neHZzaXB0ZmV6eHVhUWRqcWx3c2V0cmRqcW50cXloempwZHpycGJpbE9jeWdjRWN4bHVzbnhtZ3RUd2dlbXFwYnNzY3JmZXZkaWh3dnB1cnJi;<!NULL!>;KDk4NCkgODAzLTYzOTc=
4185.0;bnFreXV5bmVoYnlmbGxrZ3ZZc3plYm1pa0JvZ3pxbGxla2ZkaXlxZHZkZ2Jsc2NnZWtvcWpvc2xjaWNnbmt5aWtzY3BoemNyc3h6cGxzcWJ2Z21temVjdGN3bGlqdmRsYXd0ZWd0d2RnaG9oaGJsWHFNd2d2Z3h5Y21ucmZnb21jbHV1bG5jZ2docGFmdWdyc2F3b3VqYm9kaXh1dnd0c3J3dHpiemJrd2h2dGl1dGpja290a2xuam9RSnh0cWxydHRzZWJqY3plYmdpc3RhcmVScWttenptbmNmY2hnY2hzZ212YmZ2Y3JweGpvanhtZHpocGNkb1BydG5jdW9kb215Zm1vZmVmd2tneWZqaWttZWFybXJnZ2RjcGNseWJIdmV4b3BqaFVhcWVvYmRra3djZmduc2d5Zm5zaHNzZnBtaWR0c3Zwb2h2cnZzYmRBcWVpdHZXZ2hKbW92ZXFtdnJobVRrbWdreXN2Tm1HeHZVdWRnY2NOeWpsand3ZXdsenFlZXVtYXhsdXNsY2hzdWR4ZHZtcGllYWRubWNsd2lwb2d1dnpNbGh3bWR3aXVBYWFscXRhbWZkcWdlV2t3ZW9kaGhmVWppcm9velZkZ2huZXhhbHdtbGthbmV5clZ5VXZwdWNsbmNreHdtb3lsaXVlZGN0ellobE5ld3pvaW94a3pxZnZzR2NmZGJ2emZhb3FsanNrZWVPcXFnemppeGh2c3h3Ym9lZGtpd3JibHNzeXB1aWxqbHhkcW5hZXdLbGx5ZHZieWViZGR4aGlrZWxmWmFtdW1qaHFSdWx3ZnZ3bnhub3FkbmZqeVVrZ3N2b2ttaHRjcWtxdGN6anFsd3ZpcGJsb3FvcmN6Z3pna2x4bnl2enJ4anVsd2Z5eXB0cGNjV2x4dWZkbG1xaHdkcnlkTGRtdHJodU1xZ2Zud29kaWJSeHV4aHl6cGhxcVBsd25ta2x2dHFiYnlwcnN4ZnA=;YW5pdnp5a3hodnZtenFtcnpwc3NkZGdxZGpld2V4bUlnbXFuc3BnbHhpbXN4eHRyd3FxbW5wbEFmRGduYUtuc2Jkc3liYXRsb2hwZ2VjZWZocmhpbHN5bGZ0eXFxaW5wZGRlYm1naHFUR3JmZWhqYWp6bGlpaXllb3FrcGpheGRlb3B1cmtmeHFpR2lyeWN5T2liV3hiZnRmc2F2aHdlcEZiY2JhcXl4b2N5cElmd3Vyb3hxaWNtZUJuVXF1eHlOYnpVY2FvbmNrcnZvenB2YXZrYmhmYXFianlieXRpcHltcWNjcGRmd2hvd3l2bXNvcmF3eXhhb3R5ZXptZXNjd1VrQ2dldnFienZqdll4VmJoY2lob3RheW55YmR2d2ZkemVqa3J0d2FoZHBxeHhnY2J3b2hyQm5heWVocGNwc3N4cnpscnh6b2JncnVlaXl2ZXlraHJ1YXdma3drcm94cmtybm9yYkV1ZG1wdG95Y3FrTWtJRWtueGZuZmV6a3RucFpjZG56b2tjcG5ycm5icWFlaWF0dXNmb2p5WWtxaHVEbWVpaHlwaWZqaW50bG5odlJib2FjYXFpcXRqbnJ5bmpsZWJyaXl4dGpobmd2aVBuaHlwaXJ0YWtrbmpjdGd1ZWhwc2xzZnRkcXNiZEp6bnNzd25oalpxYXVhbWhkd2Fzb2dEbmV5d3Z1dGVsbXV5d2NtcGhkc3pYeXdscHdxaFVxYmpscXNvbGFrcWpieXVsY2pzbWN3b3ZqWG1qYm9wc05lZWh1eHVtcnBnUmhBbWZqbmdjdml2Y2N1ZWhpb29zcnBhaGxnY3RpWXRyc2hvanduZXV5aW1pdWRpc21ibmVrZG1paWlla2dhZ3FweHBseHdDc3pyeHhzd3JtamdrenZsb2V2ZXdzdmF1RnVjaXNycGZ3bGZlbGRtVnlqaGRia29icmpyZ3F2ZWplaXNvZWdic2Zsa2R1cmJ5YXdhYXV3b3ByYnp2b3l4Z2plaXFzcWZjaGNmZWV3enhzYmxmZG5pemFwemtab3V5aXdxdXpqbWptcWRpZnBpcmFybHF0Y3hncGZ0QXdXdG92Zmp0Y2N4YW1menN2am5pZnB3Znh1aXpsaHp1am9OcHBvaXJmb3NqeG9ub2ZhemdpY2tiemxwcWdyZXNnamJkbnVrbGRudWhjc3lrc2xzZWZ4bFVqcnFic21nVnN2eWFhYXp1dXNlb2drcmRpbnRxcll2cGZjd2lyYW5nbGRuamx3dllmbnpnc2x0bGRjbHpub3hnaWNkbXV3dWxteHBzaG94bmR3Z2l5eWR4ZW95RXZ6eWhud2x1dWdmcXRzbnRzZWdoYmNyV3ZyTW1qb2hxam91amx5b2hzd2tvbGdiZXNidUNrcm9mbW1xdWl0Y2NWZGp0YXJ2bXJsZ3h2aGpWY2VHdnF0a2x4andocnB4ZGZkSHBpZnlhdHl3c3l2ZXZ6em9xc2ZlcHhlaWdwZXB1S2JndGZFeWliZ3JwcnBxZG1mYWNlcWx5b2xzc3Fkd2prdFV5ZnV6aXFvY3dmYmFvc2F3dHR4ZG90Z2h0Y2tqa25wZW1jaXh2bmpvYmdnY3hVdEZoeGFnd2FjaXptdGhsZnFxYmt4ZXNhaGx4eUZ6eFpiY21xbWRySXdlRnJyZ3R5cXBsa090dWFpcW53dmd6b29wYmxjZ25yemVhbnJndW9ub29oanF2cWx1ZXpwbm5xbW5vaXlYZnp1amVtYnZkZ3B4TWxYa3N1cHB5bWhqbXhseXloeXB1enNnd3NLZXFra2J6bHVwcGZhZ1FtcGdqZG92anJyaHl4eG5VS2ZQb3Z3dmhjc2R4c21lcmR2aGtPeGJobndlaXp2dXV6em5qZmFhcHZpcWNxZnV5WmdkcW1ma3NjY3ppbXR6c1pjZ25rcnRlY3l0a2R6bWhtb2x0aHBxdnpobWlwdGFtdnVpbXRuaG51c2l6anVib3JnRnhiaW95dEhpd3Z0cm1mdnhmamdqZ3VtZnBnaWtjbVNib2Nxd3p3ZmxscnpuZWFlaGx5cHZ2bmF5THBxcGNzbW5jdGRrZGJ1ZWl5eWttWHVtaWNkaHFocmJ6bW1wdWh2dndpc2tsaU1iZ3RkWUlvdnhjdmxxYmRlbmZvYnlpdXB1b2pwaXVrZGJ4ZWlrdXpxclFQeWN4Z3Z4Z25md2hidWt5cm96dGF6d3Zwb2lmYmx5YXl4SnR1dGhzYk5RZWZvb3NoZnB5ZHF1ZHF6ZHdsdHNmdm1zaG1hQnRlcmxmenhxY3Z5ZW1hcG5qendncnJ5Y1JPb3l3UWdpcHpidmp4YXl3dHh2bHdwbnV2Y3RoeWN5eGhveHppZ3V4Y0NrZ1pqZ21nYXBsbHh6YXhqYmZzZXR6amNjcW11bHFxZnl6ZWZkY2hmcWZyc2FrdWlhdGN1bml5eWh0c2lweWt2Y3pUcmZ2ck9zZHRxRWZmaGVxZ3ZjeHlqYm9ja3B6Ymtvd3doeWhndWp0anplaWp5eHpyZmNtYllxY2Jtbm51a25veWJ6a2tyYmppeXl5d3Rwa2NsbG11ZWFoYW11dXF1ZHpuaXZremZ6Z2picmFjY3RvZWF6Zmxld3R4Zm5zeGlpZHdubnhrYXZxc3hBcFRmQmltc2lmZnd2cmFhTmtqbmtsbm1xdWN4ZHJkbGpobW54eXNmZmZhbm1sbXR1bG5CY3lqc3lmc2twYnZzYWppampraWN2aHdKSmJxaXlyeWdtamhlZm93Z3BmeGNzanNwcHJOQ3JpZ3ljYW9sdnVkdHdCZGppbHp5clFnbHl6dWZ5bG5zeWl1cmthYWxtZ3h0eHZhdWlzZm95YXdmY3R4VHJnbG5yb3dGb2Fqc05uZHllaXRxYmxqeHlpc2RtaGhlenRkbGZFbnVxVnVWaWZtaWJvd3lyc3FpcXNpZXpzbGF1Z3h1enBrcWRsdXRibXZkZHBsZm1tbXV1dHlpYnpiY3J1eW9leXF0ZHlvbUlqZW1qd3JnZmd6ZHJjZmFxaW1tc3VkaGFua3Z2eWJ1ZFljYmNueXpyY29tcGZheW9ic0RmaGN3b2xsd2N3YnR0eWZ4d2R6d2NiZWtqemZzU1p6dWpxZW5uZmxrcGRmcmxmbGVna3NmdmlhZHl3bHNGZXF6cnNtYnZ1bGhmdHZvYmJhb3diVWlydmZub21qclFjeGx5Z21wenJiYXZiWGxyaWtpbmdjaGVib3FyZm9iZWZzeHJsbGtmbHRta2FXaHluZWxnaGJwb2x3em1ybWxzbHZ0aWNobnhGYXJldlZhdnpocWxtanV5aXlsbWZKam5mcWthZmRoa3ZxYmxvaXp3d3dwYmV3anNxcXZneWd5a3RmYmtibWFham15eWtCWXRoc2Rpdm91YWt3anBjeXJ0TWVmeHFzd2ZkdHlmd3JsanV3dmdxekRyZWR4anB2eGh3eXdreHZ1Zmt1aXR2ZG9ycHRVbXFxcWF1aHZubGd1bmNmdmFiYWpjcHhnZXR6aG9sbWNyeGttaGlkdnNsZWl3eGR6ZnJ2Y2ljbmRtdWt4ZWlkd2p1Y3RlbmZmcGNjZnByZHVqaGJidWR1eG9qcGlqd25ieW55c2tzbGNleWZ1ZHpkb3Bhb3BpYWRxanhlaWpiY3dldWRkcXVla2RsdkpqZHhtd2JnbnJjamtpdmhpbnJhaW9xend2eHltaHFmUGZwY3l2aFp6c2FodHBlemVhdG93Y2JmcGt6aGhuaHlnaUVkb29hcGpoeW9memd1b2Z6eUlsenJzaGRqYXl1c3c=;KDUxMSkgMTcwLTkzMzM=
19983.0;WHNmZ2FsZHFVaHZ5dWRyeHd4cHNqZHBqcXNua2N2b25La2x6ZWFucGFtb2ZheHpzdWtnZnJ4VnN0ZnR0dmZPbW11aXZhZWFoeG5xaHZkZGZkeXl3dWhqZWN6d2ZoUmdMeGducG5tY2lka3lkZm5vZWRwZHZ3bnVodWR3eG9qcmlmc3R6bGxtZGRmTWVhemF5Z3Bwc3lnZW1xYWxnb2xxemxwaXJ5Y2hqY21xc2NubW16YnZkeHNtRnlobWNscnByYXJwdGR4eG9scnNteG1hZ2J2b2ptcXdtaW9KYm1ocmRncWt1a3J0YmxobnpvZ3ZzYlR1d3dxc2pyZnV3dmp5eGx4ZmJ3cWp6YmVkdnd0bm1tb3Nmc3RndmJyT3Fvd3ZlZWV4dndscG51Z3Rxcmd4bnNYendndWhmaGVudG96dGV0YWhlbGFkbnVoZnhxc3ZkZUJidXV3Zmpia2t1Z3BrYmh3dHl3b2xvdnJwWXZudmFuSmpneGxVbGJkZXBrbmJpYWpnR3R1bndmb3VhZ2hucGVuaXlmVnVmcm52akxpb3B6bmx5Z3lzdFNmbWt4YmF2ZmVmcWJkdmZ0cWpueGRmc21Hem1zbW1wbWRqbXBkdnRocXZ4enRqdWVibnVtcnV2cGZ0bm9neXBkdHRhbWtsbmJ5dXRzWWVlZ2tzZGdyZmtia21hbXhZeWJyanZzcGVhemZvYXJqZWtreGZuc2N5Znh3b3F6aXN0aHNscmJ4dnRicWl4Ym9xSHlqd3hqa3RmYmFlbW9lQXR6VGhsenR0aHdwZWRieW1qSnlQcnpneW9tYmdtaXFlZ3FrZW9ud25hdHd6cGR0eWxza3lzZ2dtbmZkbGZtaGRkbG9mbmNvaG9zYWlqaGpoemplb2RwZGhhWGx6Z2lyd2Vvb3JnZmljZmtrZ3Vmd2VjdnN4c2Zod2twaGZodm55aGdiZHJwbHh4Ym1lc2V1ZnJrcWdvdnNuYWdlY3NsUGJiZEJaY3hveG9oaGx5cGN0eGNmeHVmZWR0YWp4YWZjdmlzaHlsc0dsc21nb3Rwb2hkaG1wb3FoaGx0d2d4YXJkY3RyanJvdmRja3BvcHBxbWVTaGprem1jd01ndmZnZmZtYWJvcXRjcmFqdHhjcXNxa2Fod2NzZXR2ZWVqZnN2dXhuY21nd3VlbGJwd29hTWNibGtFem1xZnVwanh1Y2ZneGZvYmJwbGR4aml6emtmUHNwbWN5cXV1cHlscHBmdmR1YmFobmlzaGNmeW1mcnRqYw==;aHdvdGZieXdtZHllbmVpcnN6amlwcWtraXhjeHl0ZHB2aGd0Z3J1aHdtc3d6bWRwcndxemJ5bGt0aG5nbHlnWWRydGZhbXJzbHp1cGl4c2JjYXFsd2VqeGx3bW93UGtqdmNkdWtlaGFzYm95T3Vna3B3cnp1YXVzbWRuaW9wdnJiY2xyZm12c2t6ZXJ4Ym1kUWVweWNueWhscm16dW1ld3ZPYWd6dGFwdU1lbWp4YmdqZXNjYmFqbHJpdXZvZU1rd2hzdG1pdW5heFRwYW9oZ3BnZ3VnaGNodnhoZHR6ZmljaXh5bmJ1dnFmcWZtdXJ4Y3loZ290ZWZrYXZmdGx3d3Vqa3VjaWx1bFJrc2xpcmZZcHJxaHN0ZXVrZWx5aG5obmhvcHhnZXhkanFmbXpIamhjdnpwdnl5eXJ0Z2l5dWhyYmFmdXhxdGdqZXZ3a2h2eGdpaG9xeXFnZHBodmt4dGpkYkdueWxmcmlkYmNucXNmdXd4bGNmdHhsaHBwcm5meEd5c1pnZXdhbGxmeXF5bmpnamF6d2xvUGFib2hmdnBpZHhwaXBlaWV4c3lyb3BzeXp4eHJxYnVnZHVjZUhmbGtseWpldHZ3eGJic3dzZ3dEd2hyYmlwcG9jb2x5aG9oYnBsc2FpaXBmZ3h4dHB4eXh5c3RPdG93dGRwaWJmeHdoeHl4ZHB4YXNobnhyc2NNYXVQeHNjY2lvZHNBbW55ZmtvaXljd3R2d3h5bndhd2x5dWhkdHpwamV3b3dhdWl1dHJqdnpoeWVyUXh5d3lnZWJ5Y21uaXp4YnpwbE5xenJ6b2Vlc2NvZHVzdGZoc3RiaXdqbGV5aHVweWJneW5lZ2V3YmVpeGdkb2VwYXJkeG50YXpja2lmdGx3bGpqbGd3eUtyY2VZY3Jsam1hYW9nVW9teGR5b2JyZ2FlbHFra2Jkcm9vY2F4bmtsaXF4YmV1Z2J6ZmR2bGp5a3pJc2xidWR6ZmJpeEV5empmbXZtTWJxanJkZG5reGxnempBamtIdndzdnFzZXBzcWd0Z3RzdGtpa3psbWpocWh2cWpqcFRmY2Rtcm9za2J6cWJzeG9xbnRjdkNidmpyZmZ6c21raXdxaXB3Z3NvcnJmam9xVGhyZ0J3ZmZrb2hobG11dXp5bXFmZm10bWFkYWRjaWp6ZmFhZndyVG1uaHdhdnRueGxmdXlHcmNwdmtqZnVhb21rZmxvbmZjYXZ0ZXVocGVteG90Z1pqcGdwSXpiZWN2cnZqcnlIbmxxZ3NCd21jdmxzY2l4cWh4dU1samp2Y0xnemR5Y2ltdHpqa3h4bnp4aW1zdEt2cW5sbVlpcWpmbmRydWNwaXlpY2RvaWNqdm15cW1jcWtpYmdodXB1cHJ4b2Nwc3dEaWNlemJ2cWx2eWRhUHJid2V0QmZpZHRtZmxmZnZ5ZXRjbWNucHlvaHVsaGZobHVvanV0cWp3ZmtpdnlxdnFkVGZjcGZ3aXl0bVZ4YUFsYmprempkcWZqYm9qYWx5ZmxraXZ6aWJNbG9yYmtuaXV3YVBrYmZ2eWNyZ2hrdnpndHhacXd6d2NhaGZyYm1uaHN1ZUZaaW1lbndvcXFmbGhwcndoZkFtdHJIR2NweGh0d1l3eUJ5c3JnZXZjSHJtb21zZ3ZzenhsY3p5dHV1c2Z0YXZhdW9hd2RUdmF3cGV0a2tlZHZuc2FtcWZzYWhiaGxlbWl0a2hQamV1bWZyZXRlc2ppeHlhYXFpdmF6d2F4SnJkanJuZnZqZG9XeHppa2VobWdkc210YmJ0bWdvbnZqZHdyamd0dHRrcGt5d29pcmpya3R6eWloanJsem5kZHh0cHJudXh0aGxoc0J4d3Bsa3JocmZkYWV1eHN5Y2ZjZ254b3JzdHNncG1leWl2dHB4c3hxdGd6ZmtJZXF1Z2ZxYmdLemltYXJ6a3FqeHFsZmt2a2tueHR2enFsdWNhcGhpcWxjb1ZjdVFkZ2V1amV0Z2t4aQ==;KDQyOSkgMTAyLTgxMDQ=
13387.0;dGJhYmxhdmx5enBhc2JwY3pib3RlZXR4U3hib2hiamlsYWpha3lWcVZnY2Z6dmJhcmNkY2t3cnFwdmhxZXVuaGZpemNvZXlzd2FwZGdqcnNuQmRhcHFhY3h2emlub21iY2p6Ynd5anRyaW1zeXRrenFtdmV3aWdiem1md3Z4S25WZHJmbndvaXN2enBtZWRUeHJranRueHRpY29xbnljcml0YXVQSWVzbndvZWd3cGtvd3ZuaHVsdm5hcGZic3ljZ2ZwZW5raWZvdmpkb2V3c3VjY3pDdUpyeWZteGNxZHdubHRqdHhxb2h0d3NyaXBiYmJnc25xc2N0dGNma2VtenJzaGVzemh3aXNxcHl1Z29ha3ZwaHduaXZlYmZuZGVxY2R1ZWVmYWpwanV2YXFaT2x5eGlmY2NzY3hrc2ZNeHdubGlva2pnbnh3eXF6enBmaml1YXpqZ2l0ZnJsaW14YXJreGpia25kaW9jYWxyY3R0cXZhcHdudW1wbnhmem54ZXdicnlwcmF2bGxlZWZlZ3h4aW14cnhxYWR4cHVpcXZXbXhuZ2phYXp0aGVFZnNtYmJ6Z3J1Y2Fsdmpma29sYXp5dGJvdHRycXFrd2JzaWZubXV0V2dheWhsdUJkaGVqY3FzRGdzZXBic2hnbGV5cG9tY2VsbnV1d29pcHlhc3V4eHFrcVBqZnlhcWx0ZXhwb212enFrYWJ5amdqYmdzbXdpd3p3ZHFjYXltZ2Nud2xhaG15cmlodmNxdkt1b2lld2FtbnVtY2hteWJ1eXdzdmxyeXpwYXlva2hhZmJxd2pra3hnbmtheW55YnF1RWd4amR2ZndyZ2dxZnl0bm14cXl0ZXNzcW1xZFBGa20=;cm1laXlxbXRpZnhwZ2F6Y0dtd2ZiaG9wdmtscm5tYXZubXRzeXBpYml0emNhaHV6bm1nZXFteWdkZmNnZmJ0Z3dwdHFiamxubnFta2NCZ2ZyZmZ3d3l0ZVpxdHp5Z2psZnVtbWhkYXlqcXJqdGxuZWx4cXRzZm1rcmlpbGV6Z2hrYWx0c3J6dm9LUWFqZGtuanZhb3BzcWN3bmp6eG5neHFzb1J6bnp6RmN4cmJFY3VlYXNsUmNxZWFwdmJ2eXJxdXB6c255dmh0cmZmeHN5bGt3ZHp2aG16aHphT2dieWpvbWNrcHp2dHFjYWd0c3lnZ3FlbHh1b2ZscWJrYWdMdmNlaWJoTGxmdW5udWlhc293Y2pOd3h2ZHRlZ3Z2Z3BxamRmdnZzd3ptbFl0dXhoeHBvbHRoa2Z0d3BxVGN0eW5wd1Zld3psZ3JhZXJlZ2Zpb3V6ZmNhTGRtZHNnaWJ1ZmJ1cHl4cHRra3hubGx5b2Nrb3ZidnFpdG5wcWxweG5vb2t5cHZkbmxzbUZxZ3ZrY3ZoanpXd3RqeWpnYnNjcGtpWnVhaGVndFZudHZhbGt0YmFiemJsbWdxdnJnamtpalhud3JxcXRvaWNyd2V1ZXdvdXF4emRraHhQY3lra2JobHFZdW12Y2Jta3JocGNsdm1ibHN5YWNvcHFzeWVkZWN3ZnBzdHZ2dW1tcXVoaWRjZG1na3dkYnVhcXlobWl5Y29udm9odXd0cWZpaEpzY2hhaGFrdGplYWd5cWVqb3Zwcm5ucWtjbW9hYkRianNheWhzbnVjcm1lcm91am9lYXlucmRqaGJ4YmR2cGhsbnljdnhqcXFydHJvaXR1YU9maXJ5aG5xenRkc2NpVnBwaWp5cXh2aGpiaXh1Z2d6c3JiZmNuYnB0ZHp4bXZmc3dpTnR0Z2NpbGR4dGF0alNuZG1uYWZscXJiY2ZuampvbWJpanpyZGhpYWplanp3aHBzYnJnbGxqZ2h0ZGF4b2FsY2h1c3NlZnJ0cW1YaXZrYmhkaWF2cHVVZ2RnYWltcXZicmJod3F0eXNjenN4TGZaeGZhWGN4YnZuZHZtbHBwbHdzYW10dXhzb3NlcW1ldmVkaXJvdXZrZnFzcWp5enlIZHpTeWRsZHpoeXp5YmFxeXpOdnRicWd1a21zeGhyc3lTcmphcU9yYnltYm9ndXl3dnptZW92cnlteHdxZmxreXZ5YWpqRWx4bkpjU3ZKdmp5UG54eW5rbGduemhFd2Vpend5ZnBjdm9uaXFtZUdqZ3N4cXB6bmh3dW1icmJrdXVqYmFyV2RqeXJibWZzbXVkY2F0bnlYYmFvZ3FjbXJKbXdyd2JhYmd1dGpTenJrc2ZadGZnZHhuYmp1Zm1keGJzbGpsZ3ByQ2d2dG5ja3VzWmdDd3JkbXBvYXdqdWFzenpsdWNwc3Zndnp3anJubWd5c3FqWWZpYm9vZm5uYWJhSWlpYmVqbXFlcHpsd3Z5ZGx0aXd2a21ialRkcHFka2RqbGZ5emJpZGt2eXVmbnRrZnFxZ3Zibml3YmxneXl6cnprdXJobHpzbXlpZ2lvenFud3FucWpweXBoemlka2ltdWxneG1hVHhpZ3d6YXVlZWphdGFwdXpjbnVscWJza3ltdHFnZmlwaWZPakV6c2xqZE5xbnhtZ3FhZWJtYnlqa25zbGJyY2h6ZHJ1emlua3hnd3Z5dW1rYXNqeXpxb2V5d21lZGhzY1dyamlrc0VuZWt6YnNiYWRucmFyZ21uZmdodndwYnlSZ2tmbnp5cWhpZWhvd210em9ucnF5d2dlZWpwcW1hbmprdXBNdm5mbnZ1endzY3RhYnN2cW1xbXpBbHlsYnpjZmVqYnJwZ3hjcWxscWt4eXl4eWZia3plbGZneGF6ZnhFeXlpZmZzb3hoanRFYXJvaGZ1aGVvcm5qeXF4a3pzenljelBnaXJieGFqaXd1b2NueUZub2xPZWpqa3RjbURxaGFscGZtb29tc2FreXZxcnBmdG5jc3NvdWRxdXJBY0hseWVqYk5yYnRta3h6a3VleHRwekVjaHV0dnlvZmtwc2FxZWd0ZWx0cXFjYnBwam9yVmxiemV3WnFncnpuZmt4c2Nlc1BzaXFuc2lUYnN5ZW1nb0lteVh4bm5ld210dHBkcmRnTWFhQnFxeGNmZ3dyeW50YW5jdnFmdWpqaXR1b29ja0RwbXN0YmVxd291bGt5cHJtb2Vtb2Frd21nVnl2cG9jeGRqd3hkbUhsY2hFa21yaENxeGxib2lneXBjamtra21pdGZnamRlZXlncXRiYnFuZnJrdnJ4cHVlaXpqaENwam9iaWphcW52bHhnZHBzb1NpbnV4Z2x6d2x6eGR5a2xkeWFldk94ZGtncWFieGhqcmlhYW56aml4QmluaHN1YmppcGVnV2ljYnpoYWJ6aWJuY3J3UGF5ZGlva2R0b2NtY3J1dmJ5bXFmZHlnYmVyanh6Z3ZlYmFyU2tmbXdlYnBlb2V4dWRwSXl0dGFremVwRGhxcnlxT296cENleWhkaFZtdHN1bW1jcnp1emJkd0lhZHdodXdrV2NqYW9lZHpzanBlZWF4eWh1b2pUZnZ2cGlKeHFyeW5kemFyb2N2dW1mcWphdEtwbURhdm9waHN6YWdhbWJ2ZGRhcHV0b2lzbWFmYW9sY2xjbm90Z2Zlb2lsY3B0eXJ3Ym54eWJ3aVJvdndjeHJsbmFhaU10VHhqcWJ0bWR1ZGd2d2xyY2tiemFidkRnemh3a2pyVGtidG9pdnZkaHBmbmJUanlleUxzbml3YmN6bnN2eXhjbWd5YWVjbm13emlwY3Z3bHJsY0lsZXlnYmFHcXVzZHZpbHRhY3ludWR5eG52cWdndnJjcHZhY21XbHl6eWZVbHhCaHF5Zm9tcG9sbENkb2lWb2R6Yml6c2V1eWJraHlzZnRmZnhtb21jbmV2dXh1ZmlvYmZ6bm12a3FvYXJlemZia21ic2lRZXl5ZHZqeHJQZHdrbmhkenJ0aWFrcm5ubm1tYm54Z2ZtY01wZmFKbXpoZmp1dmtrZGh2dWlxZ2d0dXl2bHd0aWxiam5za2lwb3pUbHlleXJwd2h3eGprTG9ubnl2eW9rZ2tiZmp0b3dvYWtsdkp0clp0aG1wb2trZWlxbWJ4cWtlZ3J2a25kYm9xcGhtZGxmcnBpY3h4dmt3bXlhaGx5bmNtaHVxeXhicm9sYXp5d2hWbXFwc3hzeXVBd2JzZmF3VWJjeXhzY3Jxb3V2bGhzenN5eXRqYmF0dXljc25uc2VhanZyb2p6andla3VoYnZuYWJ3bXZjY3Bsd3ZuY3l1RnVwbWl6Zmlta2Fxd2lyenR6dW9hZWlvYUNiY3l6eUpsaHh0enp6ZW10Y3FkdWF1d2N0enNOa2J6ZW15d3lhd2N4Z2h1bmZ3bWp5dHBtbGZpaWVxbHlrZWpiVG5jYWlsaWRiWHZ5enF1YWJwemtoeFNicnF6Zmdrb2RueGtzZmhxdHNsc3hrcXV2dHh6d0VjZFB1b2NhdG5xcXRyZ1ZmZnBnZG1iaHJ1cGNjYWhyb3FoZHV6a2RqUnJsdEJyc3lkd2Rnc2hscHdxcWJxZWdkbmprZG1wdmppZmR3ZmttdWxiZ3N6anhsbmJxYXNodGtwaGl6QW11a0l6Z3JqbGp1dGFqZGdvb3FhbmNzc3ZxY2R0amJlaWJhb3Z0eHp0VnduSXZvZWh5ZHFScXRsT253eGlxbWFmeHNqcHVtZGFlbm9CaWZ4UGZnYnRnemZvYmdrYWVxY3VqcW54SXZhbXBpdHBwbmtmaGNtZVlrcnVPamJmcXlzcGJicnJ2b3NxeGhuaWZ2Y2t5a3ppcXZnZmtnamVhZ2hna3dscGlGVnFyZHZoZGNlbXZibWRwdmR4enFzdHZlRm1zRmpmcWFsYnFmd2Z0a2t2ZXA=;KDExOSkgNzk4LTUwMzQ=
249.0;bnFreXV5bmVoYnlmbGxrZ3ZZc3plYm1pa0JvZ3pxbGxla2ZkaXlxZHZkZ2Jsc2NnZWtvcWpvc2xjaWNnbmt5aWtzY3BoemNyc3h6cGxzcWJ2Z21temVjdGN3bGlqdmRsYXd0ZWd0d2RnaG9oaGJsWHFNd2d2Z3h5Y21ucmZnb21jbHV1bG5jZ2docGFmdWdyc2F3b3VqYm9kaXh1dnd0c3J3dHpiemJrd2h2dGl1dGpja290a2xuam9RSnh0cWxydHRzZWJqY3plYmdpc3RhcmVScWttenptbmNmY2hnY2hzZ212YmZ2Y3JweGpvanhtZHpocGNkb1BydG5jdW9kb215Zm1vZmVmd2tneWZqaWttZWFybXJnZ2RjcGNseWJIdmV4b3BqaFVhcWVvYmRra3djZmduc2d5Zm5zaHNzZnBtaWR0c3Zwb2h2cnZzYmRBcWVpdHZXZ2hKbW92ZXFtdnJobVRrbWdreXN2Tm1HeHZVdWRnY2NOeWpsand3ZXdsenFlZXVtYXhsdXNsY2hzdWR4ZHZtcGllYWRubWNsd2lwb2d1dnpNbGh3bWR3aXVBYWFscXRhbWZkcWdlV2t3ZW9kaGhmVWppcm9velZkZ2huZXhhbHdtbGthbmV5clZ5VXZwdWNsbmNreHdtb3lsaXVlZGN0ellobE5ld3pvaW94a3pxZnZzR2NmZGJ2emZhb3FsanNrZWVPcXFnemppeGh2c3h3Ym9lZGtpd3JibHNzeXB1aWxqbHhkcW5hZXdLbGx5ZHZieWViZGR4aGlrZWxmWmFtdW1qaHFSdWx3ZnZ3bnhub3FkbmZqeVVrZ3N2b2ttaHRjcWtxdGN6anFsd3ZpcGJsb3FvcmN6Z3pna2x4bnl2enJ4anVsd2Z5eXB0cGNjV2x4dWZkbG1xaHdkcnlkTGRtdHJodU1xZ2Zud29kaWJSeHV4aHl6cGhxcVBsd25ta2x2dHFiYnlwcnN4ZnA=;eW5zdndpaUdpQWdnYXhzYnJ5em92eGdpanhqcG9meWVpd3R6c2N4enl5bHpscHl6bWpzcnh1eXNiaHZuZWlmcGl1b3ZxbXBzcnJ5ZXNoeHhlRW1GcGtlZnh4b255dmZqbnd3ZWxxcXRodHFnanVyb2F6R2t0YXZxZ2V4YmFrYWl4YXpuZ2Z2c3ZjeGZuaGFJcXNwb2JuaGRuZnVocWFhemhtaXN3Z3FienhraGJEaXB2aGRtYXVkYW12ZXh1dGprekttbXJibGVwcWJieHVtdHR3bllpd3ppdXd3cHRTaW11Z29hbXd2ZGxodHB3Ykpqd21hamNhcVp5dnhuTGNudnN1YmVhaFNYanh5dnRlR29seWx0bmZ4ZWluYWh0cXBweWNjdm1sanFmQ2tvcmxwa2ZxemtiSnZhdWNNb2lra3ZWbnNqeHhhc3lmcHZkeHhqbmhnZ2pxcHN4bnZkZWhtaW9tYU1vaXd5aXZ5VGhydW92T1J5aXp4dGFpb2F0cHZOcmF6Y2lVYXp4YXBnYm14ZWNpZHR2eHRvb216c29uZXd5c2lobXdveG90aVlqdWdheGhvbmxyb3NsY2plaHh3Ynlpa2F5amFjZ2tQeGdzamlqa3B4Zm10d2NManFmdnNzaXNRbXZzcXZmYmR2cmVrd3h4b3VuZXF6cXBhcmFtcWlha29VYmlsY2ZqbHRvenJrbm5xaHBtZGJmb3JucXJ0amhybGlkamt0ZWNqbHBkelh0YXl6YXFmZGRjQXZsamd3dHRMemFudHFjaW1BbXFnWHdpdXF4Z3F2c3NsY2lrcnpubXh4emx2eXRsem9iZnJ0YWFieG5mZ3pOcHRrTnZscHZldHJod3N5ZmJqZmtnenhhYWVoenZkTWpkY2JqcXZha3dla3pmb1lleUNsbXRhWXBvc2Njb2JyQWljdXd6aHpQcVNsdWN6ZWNwdGhpZWVmbG1sZ292eXB1Q3RycGpkeEp1aHVma3RCbHlnbW10cGtKeWpsb3lzZWlwbVpiZ2phY2lmYmRnZ29pYWx0bHdxdGJmZnlqWXJ4eXBpZG1lbm9xemlqc25iamJyeHhkZGdlc21ld296cHNnaGxneGRmaHR3Y2tqbHlyZm5udXVUeGFkV2tod2F2aWR6amJuaHphYXN5eG1Dbm5sdGtxdGZmUnhlamRjaXF2aW1tcGFkbWtMc3NtYmRxcnRyeHl6Q3hsbmN4b3BkVXdscXlzU2t5dG5hZmd3Y2xpbWxpb2t4am5pcHNmZGRyb29vdmJkZXBmVUl2cm9uaWt2bW14aW1tZ3NweEt4dml0cWRkb1RqaHl4enFoZGt0bHNjbXVoZ2dtdGpxb3hkYXdndnNBbWRjdmF0ZWtkcGl3dGpsdHZyamhpaXVhY2lrdWlhcXJtbmxkQmp2YXZreWZ1Y2FMaWh3ektveGp5cXFpenVGYWFjemthandJcnp2dm96ZmZ5em90cmNkbG90em51bmRvYnB4eHRmZ3ZncG9ybWlYZnFieWtiem1xaHpwY2tramFhdGNlbWd1Z2xvdGVzdWlpcHJ3eGVwcXJ5eG9jZ2VkcW1VendoYmpucHdvY3B0bHdCa250cXBwaWhoYnp2d2RxaGpzc3N4ZGZPZHhhemlkYW5tdXFxb2R1VmhidHlleG5nd3dmbnB5ZXZoYm5weUpzaGtmdGZwZ2JzYm93cWJ2bGx0b2JpRGV5bGFqTWRtTXBobGRpbGtiem9lc3N6enR3bG94amd1ZWR1amJwd2xqa2JsbHppU3lsb3NoaGlra3Z6ZHhUZmd1Y3B1dXN0ZG9vYnF6Ymhmc3JWc3BpcWJ1dHlmcGp6dFFoaHpxZ3lueGF4YnVleGNUcVRmb2RndG1ueHJ0eXd2dmJnc2hlaGpuQXdwY3ZoRXR2dWtybVRoZ25rZWtqZ3F1YmpzcXppa3dwbnp5c3N1dEhzY3ZiTHhwc294eXB5bWRjcmx6a3VqeG9qaGVscHFueGJhcmxxY2F0dm5xYXlydmppcWRmb213bG9zVnJxbm9jSHVyc3F5ZmtzdWt1dXdzaXVWeHdrcWdvbXJ2d3Z5alFhcG1hdVBnZGtrZGJxSnNlWmp6cmxNamR0aGl5dm9hdW9iYmtqUW9raHFlZGd5ZHp1eGtnZWF5Y3Ryc3JrcnVwa3RkdmRwbndjcmNzdG9xak54bnBpZGRlYnZvbmFqeWJnb3pnRGJvaGV0cmNpZWl2a3hhZENUc2V4b3NrcmVxa2lhYm9jbWR1S2xsRXJoanJmenZxTmxuenpXaG5PbHNwc3FjZ3J6YXNyZmpxdnRpeHJlcWl3ZWNjaWd0cGR3YW14cmx6d3ZneW9kV3pyWXJwdHpkZ2ZxcW9xcW1jdnNmb3N4cnRjY29odHN1c2R4ZWpwb2ltaG9kbWdreHVocWd2ZVpuY3l1aUxHcWVnYmlremltam9lbmx3b3F3QWxlc2tsa2pqaWx0eGVucWNpZ3J3d21sd21nb2ZzcWppenV2bEJSc3R2dHdiYXlpbmRvcnd4aWNua2xhU2l4ampWamJlYmFMeGhidGF4Z3h6dmlrbW1nYnFxcXNtT2tvc3Jrb2RleWloeGF2UnV5b3p4dWt3cHNvemxtbHBmdGhscGttcGxoZmRXaWVWdmh0dnNkZ2p1a3l6eXBhcWhqb3JmcnR4TXF1Y2Z0Z2J1eWpqbXpsY2xheG9manJjZXJ4dGl3bnFwanN3YmNrYXNuY3NsemljcVpiRnpmYnprcHNzYnhya21ydmp0Y3hvcnZxeHZvcGNTdHlhZmN4dGtodHZsZ21ic2tjdk1ydHlrcE5odll5eG1mZWZ3aWF1cGJjeGl6eGpuZnZ5b3dqcWVraHlhb2Frb21mS0ppa2xkb3pidnVweGtlZGFuZXp2anFodGNwdG91YXlma2t2Z21oU3VicXhqeHRqb2Rxb29tcHN6emR0cGtwQnllbHB6S2NzeWpvZHdqa3FhbWtvZWRscG1jaXZ1c2tjaG1jcGJzZnF0ZWllemNsbGZiZnBoZWFsZXlxdG5zS3VsZHV2dnRIbmR4cWJxdHJhcGVzTHNDeXlvbmtrZ2dWcnNqdXp4eGRrZm5pZ0VyZWhwc3Jtek53aGtnQWpwcW9oem1uaW9qcmdzamdydWljd2drYm14dGtoZmd4dWt4dWN4cGJvem5wbXpvZmZoaXV0ZG92Y2Jtbmh4ZXVzZmd4aWpvdHdsWmZ4dm9weWtiYXhmdWR0YW9mY2ZjZ3dtcW96bGFlZGFsd2Z4cXpkcWdjcHFzbXh3S2pvZGVuaXRudGlkdnhtaGN2Z3NhZGJucWh3c2xhZmF5dnBrTXJqdWt0cmdhbmtvYnNobG5pa3FlZXNMeFh0cXFlYnlhcVNw;KDgyNikgMTQ2LTA4ODE=
25399.0;c3RuZWN0bWx2eWdlYW1wa2dIY3ZucHR1cGxmT2V5aHRmUGhoc2pmYmJjaGdpcm5qb2lhd2V1ZHVjeFl4YWh1a3Zmem9uY3haZHFid2RhcXVtZ3l3bWJpa3hmc3Vla29zTnhBaHBpQXVkdml0YmtzdnVFY3lsaHRrbnRpZ3hramh2Z3N0b3FudHliemZva3V3c2F0bGtoeXFob294a3JtZGFzUHdzeHZibGVnYmp6d3Nuc2RjeGl4cWZpdm13TWVud21uZW5kb2pkZmdqTG5rd2x1Y2VtaWRzcm1oeXF1bG55cmhiZHh4YW1xcGlyeHN5bXZ6enJ3bm1lbnhwemVwdnZzdnBvZ3pxZnBseWN0Z3R0eHdtcElqbHB1elF3aWFlUnNrZ3J0cGNqYldwdm9pZWd3YXBxdmxzbWp5ZnJkaWZseHRiZWtkaWJyenpvaXNwZm1nc3lxZmFhZ2tjdWh4aWxoa2RHb2NhcG1jZWF0Y3d3Y2JrZ3luYXN3d2FzZHp0b3dkdWJlaFVxZ3dlemxnaXp3YWdjd291cHd2YlNqamR5dGdrY3VjbnJmeHBmcldybWN2WXpkcXF6eG9sbnBodmxneHBtbXh0dnR6VUVycHBjcmNrZWxzeWxueWRmY2lrZ25hcHZ1Y3BucXpzcHpja3BteGhxdHBueW56RkJibXp4a2R1Q3Nrb3RqZndkdW14ZHFieWxrd3RjZWFyb2NvanNjbHphcHlicGZvaHlvY21sQ3lvdGJidGJhbW9VYWtsd3V4Z2tpYWZ3Y1pjdm9ramtmbFl6bGFtYmF0dmNwcnd4UGh3amt6QWN6aWhncGJkbmZ3aHZlYmZnand0anJqeW5mdXhyeHpycHpua2ZzanltcGtsYXdueHN5c2F4cWtqa2psd3htc2p1b1VXbG50dWFveWVydHlwbm5zcWlxenplc3N2anVqYW9iZnp0bXJnenBoeGh1Y25mdnh3cmh0eGxlb2V5a21rZGV1cnF6YWtSY25ieXVWcnVjY3Jvd3dvc2tqbG9lZnBrZ2d6RENvY3hmdHZxdG9wbGFvdnl5c3Vzd1l1Z256eXVrYml2dmJmeG9jbW5xdWR4;b1JmZWVqY2lldmlwZnlzamp4YmVrdXhudndybVRad3JycW1jUm5jZG9JdmZ3d3Vjd2lPcWhwaHpyYmFnbWRiUGF3a256cHdpRW92amdyZGR3ZmhmYnVzdkl6aGJ3V21CcnVkZ1NqSHpwcndvd291dWxidnBrYmNqYmh0cmVzbmpuYnl5YlRvc29tdm9vYWpxZmx0UHB4Z2ZmeXBhZWN6d2F5dnlueXd4ZmF1cXNwendub2ZiaXdvWWFyamttYnI=;KDYzOSkgOTA5LTg4Mzg=
21861.0;<!NULL!>;dmxpbWFvbGdhand6Y3hzZHpqY3dtcHZieW5vZWdwZmxjZWttZ2ZxcGR0b2Jhb3JocmNtb2pwcnFpeWhTcWFwb3NiY25xcHVoY2hjZ3F0aWVsclp3dWxwemFtdmJoZnNwZWZjYmVlZmhzeHF1Z2hna3Fyc2pja2l4ZXR3cWNodnhodGlleGlMbXZxcGJkaGRmdGhxYW9nbnN6aGJhc21jZnpuZXl1ZWxocW5ieHNnd3lzc3NqbnFqa3ZqcWV0QXpscHJvemtwRG9jb2Nnc3VxcWpJem9ncXZsa0VwdmJsc2tWcm95bW1iY2Nsd2lnc3B3SnltbW9zZHN1b2N3eUtuZXlhamJsVW10cGp4cHJ2a3VudmxneXZ3Wm5qdWJkcWlqamZyeWZxZm9qa2h5a2FwaFl1alVudG5lZW56d3p3ZGNvd29kcnJjZnVncm9vanJ0cnZnZnN5aGtiZWRjY3VscGd5emZ2Y2xxY3htbW9leHp0cmR0amJmdGp0aWt1cGt2eXV6dGpsc2JyYWhmYnhwZHNlZXJjemZ1am5lZ296d3lqaHJranZqaHpwbWRkanJwY29xZ21jbUNMaHFkcXRxTGtvbGlnZ3J2d1R0dFJ2a2xibG9rZGFwQ3V3b2h0eUVoQ3d3cGR4ZGJobG53cmN4YnFTeHVuY3hibXZla3VqbnB1cWhmZ29tYWFPZ2J2YXFqaW1uZVNkaWhka2VtdXpnbGdhbVpuc2pwY3FocWJyalNkYnZqdWRwZm54Ymx3Um9ubW5rb3N1dmR6a3Rlc253bXZkSWhMbWRmbGllaXFtcXVjcnVwa292bXhvb3ZsbXZ2bnRhYm53eWVwbWllZ3BwZXBweWxwbGluZnFoa29zenZ4VHZxZ2dna3NsZnp0enhCZmFxbmxia25vdm9jdWxzanBvdXphY3FuZ2F5eGN0dG9yeXJ5ZGVzemROYWhkcmh4c3plaHRieWt4a2l2aHBtbmVpdG15d21MYW1zc3prYXZidlN5d3VjdVdsWWRjcG5xcnlveHZpZXVhdWhkZXd4d3Jsd3VycW9rbWhlb2NvbHpwd2Npc2h4Z3pqbGt4YmNlcHRkYmxvYWpvcWFobXVlbHZma2tnblRwcnluYmRhaXp3YmVnZXN0cGVna3V6ZmxlbXVsbmpnbGx1ZXB1ZmJkeWl5bGlpcnZjYm5ueXBqbHViVHVrZ2p5b3F1bXVueWt0bnZsbGxndWVVcnhCbGFtZG5xaHlweU5paXJFZWVraHppY2RkdGRsbHprbUVzdmV2cnFreWVuZXpvYnZ0dm1oeXNrYW5odHJpaHZ5dXR1bmdsZGd5YmVpamV4dmphbnN3b3NheWxvamp6WWhodm1raHB0YnN5dmxkenhIenp3Y25kZ2NpZ2h0aXpuaW1oa2FlY3RsaHNidnlyYmV4cmRoZGJ5d2x0bGVpbWl5b3FkaWVmcmh4Y2dldmdzb3hiZWtmcHZxc2xjbm5ibXJvcnVubkZmenF3cHhyeXh3THNqemVybG9jdHdubXN3d2dveGphb293SWt3Z2drbGpUeHZkcm9ieWVnaWFkdGdnVndwY3dwdXRubmFqZm1kc2x3amtid2x5ZXhjcmlwaWdlc2xmcWxhZmJiem9ubmd4ZmhvdGhpZG91cWp6aHh5d3dnYW1xcGljY2Jxd2FqeXFrdXBqY3d6dXFrcnNyYXFpZHVudWdsamF5dXJnbW1yeHJ6bHd0enltanlibWxxeHF6aWFocm5pd2xld2hudnhtblZkaHlvdWF1bXNxdXljd3R3ZW1zbG92bXp6cGxmempwcGlxcHJlbWlsamFoeG9uZ3JmaHl4aXRoanFpZWZpemhOanFxdWdlcmFwa295YW11ZlZ6TGd3b3JoRHRObmtlamZlcGd3b3V6c3VieWl1cXh5anVsYWdtWW9mc3BjaWRWdHRlbHF6bWxhZ2dnc3NwcXVnbHVpcHZxdW5sYm5xb2Vram92bUpwcGN1eGxqemJ4ZlN5b2JjdGN4aXFpbndqZmNzZ2xsZWV6eGF1ZWxpZnRmamFnYXN3YWZHdHF5Z3RxZHBkY3FMc3BnamN0aFNoYWhud29kaGl5bWJjdHREZGx4Z0VneXJ1aWxuaUhQanBmZmhzaWN0enBjamNreXJhbm54dnFodXRpbnV2ZG5yY3h2YnhhZmx1cHZ3emljeG1raGVjd3F0TWxtdnNqZGJrd2R3b2NxcXFrZXVxYXJiaGJ5bndqcFNsbXF2c3ZjenNxeGpneVhucXV4a25qeXVldHpzcmtwcmhlcXhZaW5mdXhyb3dydmRjYXBmdGhsaWpmaHZ4cmxxcnJxZmh0ZW14ZHd6eXd4aWVta214bXhpbmtBdXVzanRRa3h5dmR6dXN5ZXdFaXhndXR0cm9ucHRvVHZNeGZwd2xPdWJsbWlrYnJ3ZWlqZWliYm5tYXdyZ2dsZ2h5aHhsZ2Foc2hicmZleXVpZHpvcnduZHRkc2d4emdxeXp0eXJsem1zaHlicnV4dWlqc3Jyem51ZHJpdWVoaGRvY254dm5icWp1aHd3eGJtZ3ZvYmt3YXJtbGF1aXJpcnl2dXJwa2xtaHlvSGZjaWRwbXBzc2ZycEdmaWJuanVnZHZrbmhycGF5bXBMc2N0amZvcnNyZ2RsaHVub2ZkbHVtdnJtcGJscnhnd2tjb2VUdnB3YnNnbHJxbHlpcnpieW9hbGFybWZJeWd6dWhlZWZaYndpc2lyVGp5ZXdCYWhnbWtycmNlZHJha2Rka2V3eGx1c2JJdnR4aGVDQ2tncnl1c3V4cW90dUVjZXJtSGlqY2J2aWdnaGVpend2bmhCY2FkZmd1dHJ1ZGZzaHNldWh3dXZ0b3V4Z2RnemJieWdnZXB6dHZoZXBobHdteXVzcW1ncHhrZ2hkcWJsYUx2ZG5idG9nYXd6cXN4a3d5dWt3dHl6eWRRcGRncHlrenNvdmNLamtkZm1xbEJocXdnc2Nrb3hzeGtwcXlqdGVucXRzd3p0dGp3c0FzcWp0eGlkYk9ubnhhdGp0c21pampQZXFnYmlod2dvdnVsaHJvbXZ5bmVtcmZ2dmtuY2VldmN2eQ==;KDEzNCkgMjY2LTgyOTY=
5024.0;bm5hd2hrbGdhbWxkZW9hanhyd2lkdGltdmhpYm5wb25qc2VpdHBpZXFmdmhzbGlqam51dXZ0d2JkcmZibXN5Y2FvcnhucmtyYXB6YXB1bWZuZHlwemN4Q2ZnbWxvZmpkaWV0aGhqYWdiYXpleWh6dnlqeGpmdWZvdWt6cnp4dHpsa2Zremp1ZHVnbnRNalplZ2lzb3JjY3lnc1VpenppbndlZ25ma2FydmNnZ3l4dXdEY2didG1Pb3lzenJxbnRwZ2xld2RocWtpYWJkaXFmcHVod29CY2twZ2plaW9ocmtjcW12Z2d1akdwcGhtaG9mcXRqZmh0aHF6cGdzSnljQm54b21hdXNuVW5ycXd5bG53aWVteHlMYm5uQXVibWplc3dyb3V2cUxubWxyaGJxb2l1a2V1aW1uZXVrY3lzdXlpemduYnJ0bm5qY3RxemFoeWVsenlpenlvcnVjb2hlZHVmYnJsSnZhZnlqa2J1cGF5aWVod2RuZGViZ2hzY2tqb2pxc3ViYll0ZmRmRW9mSHd0aFVya3d4bndyd2RkbXBmaHh1a3pnYmd3cU5jZGtlcWJncFFkenpjbmNqeXpxYnVocWNDa2d0d3ZmeGhrbHBpZ3p2bXFvRXdrd21yZXdjZGJjaW9ld3Fsa3BwaXBoZnNjaGhxcmRqaWNnSGhuc3RMZmxBaWZob3V2aWpydHp3cGd6ZXZtdGJlZG50b2dqeG1ndWJuZkRmbGNhZnV5dXp5aWJaZWlpeGp3dmtpdWh2bExtdXpncHNwaXlzcnB5dmN3bW50b0R0aWRKb3hscmpkc3FjaW51amxqZnliaGRjb2V0cXZoYVNualhubHBrZ3BidnVjb2lseW1qbm1zd2N2cnFzam56cmNtdmprd2drdnhpYXV6d3p2dnVodGJkdGJodXluY2dlZ3l6d1dwaGVzY3pyenRycHl5aWx3b3piaVhwc2Zocnd3eGFnd29ieWJ1eHNhY0NuZWhidW1hY3pxdWJtcHRyb2J3cnpmZWNyUWVrbWtmaWxlZXZidnJrb2h5b3hleGRlcG10bnJqTlJwbmZ0cGVVWHN4ZHB2dnR3dW96aGJ1dnV2dmt6bnhzdHhuZW5lbXBtbmt1d3JjYm1oZnRqcG9ieGhkdE5hc0V1eml3a216ZHFtc3F0c2NsY3h6dXNveWZ2Z3RkdWdydWhlanVkanhlendla2JucHlubWxyZXl5Ym5jbGJjZQ==;b2hiYWJzSEpremVpYmNwZ3Z1ZWZ0cmptcmNkaHVsaG9ud3BITG16c3ZpcGNkdHB3eURlY0x6YWpMdmh5YnlkdUZjY2Foc2F5a2toU2Rob2plc21rZWJkUU5teGlZZG5qemJlc2FUcGl1YmVsYnR0b295dWtnemR1c3l6b3F3cGRpYnZnd2l3Z2hmZGxiYnZ3YWNvZHB0amlwanBmYWFjZGJoZ3dhZm92b2Zxb2pqZWJicWlmY3Vub2lhamN4Y3NyY3JXaGF5ZnVsY3VzcWh6a2dkZWd3eHdyanVxb3B3ZnlocHlwdnNhZW1sbGZqZXVsc2pxeGtuc21jeHhlanBpZ05rd3RlZ3RvZHFqUWloZGxpUWdyenZsanNyZnRvZXp0Z3l4dHZ4dm10amphdnluZGR0Z2FvenJjZGZyYmltcHdnZGZhZXVzcHVsdHNqd2VkTE5pa0NKeG96d2F5bnVRb29ubXd6bGN1b252bXp6Zm9zeWJ6dWJwYWFuenFjbEpqcWZianJoZlB6aG1oYXdsZXpkYmlzbGVjcXp1Ymd4Y2F3ZXh1YW5pY2d4a3htanVEdHhpd3V1ZHZrcmN5aGN5cW1pdW9vY3FpYmdxYXlreHZ2dnl3cnpldmdtZHNpd3duZHZ4YWR3c2ZrZGJrdm1va3ZoYWZ5Ym9wbGVzbHZmaXljdXpmdXRtekhWZ29qaGFmeHF1aXBuZGp4dHpkeWFsZHh6ZW1manVzYnduZXFsa2JodHRnaGFkY3B0cWJubWtvY2ZvZWJiamJ5YWV4aHh5cmpoeXZzb2ttbmp5aGlxc3NpYndpZW9xcG1uekJvZ2ZkdGpmeHVpZnRqYXB5cmZkbmd0b2xhYk5teHpuZ2JhbGp0dnlrZHRzaXJ4b295Ymh1bHNodHRXZWJxaHNoZGZ4ZHN3eWppaGlpdXZ6aXFxdm9tYmpmanFhd25pZHN1YmVpYXJhYnJ3b3pic29hbnBlcGl5d2xSd3RqcXh0bHBZcGV3c3dzcXBldXVkaW5jaXJuaWF2Ym10em92bG5tYm5kc2lzeWxtd3R1ZHl6ZGFMd05sa1hsY2x4cGlkcG53cWZxbGRYWHd0aGNpbHd6aHpsZ3R0dnZpbXVwZXdmcWNidXJxcW1idnd3eGdjeGhiY091b0ttc3FkZm1qakFjenN3bnB0c2hxcmZlUnR5dG90Ynd6dWFlYXhsYm1tcXVrY3FraXdra3l6bXh3akpqcm1jZmVxc3pnemdtb3RyeHFrbGx2cXZranJ2aGx3c2JhbWZpeWxLYld3dXlibGJjR1NkdG5lemtycWxtbGF3Yml2dlJ6U3Bzenl1dXRob2RkaHRrdnBQdHZhYkd2aXVtcXBlamRjbmN3d3pqcnljdmJmb3hxcHlibmllaGpraHZnYWNldm55b2h5aWRpYmxsYmFud2ZkZW5ma2p2ZXBid3JrYnZ1ZmZ0Y2lvbGtkYWNuaHBjYWtnd2phYnBzemlYZ2V1aXNjcm9waG5RaXp4Y3BnbHZ1SWNqbmRyZnRvZm1va211b2ZmeHRHdnl6ZmJxbGt4amJBZW1FZ3l1anFuZGxkYmF0dG5vRG1EbHF1dHN6YXlvenNycGVzam1hdWpyYXhyeW9xdmlhZ1RxYW9ya3Z0aHBhYXFnaWllWHlkc2JadXdlZlRlaXJqcXRtcWhlYVZnb3pqZHFiZ25wdXlwZmlRbHduZHFjeHdhcm5sT3F6cWZrdG1iZ3FqeHNiZWNiY2ZsRHRwaHp1alRnb2lwb3NweHJnY3pteHFqemdzcXBicXlmYnViZ2dmcGlTbmJ0cnBzb1FwdmpwaXdtdGx4Y3N2cnV4dXVsempwbGxjbnZ5bGl1ZXJoU2VoZ2ROaWtrendwZnNvc1pyeHlyaGt2eGdxeWp6eXp0dWtodnp3eWl5Z3pldUZ3Y29QZXduemZnbXN2aWNsb2dkeHZkb3hocW92bGh1dXlwc3J3d2RlcGpxeXp2Z3Rnbm9leWVjdWlwbW9tbHpoaGVocXh3aWFwZ2xrc3N4cHlreGRlbGlsdXlndGFmYmZqa2R6cWdha3JnZHdvdXByeW1wYW9rbmVha2l2b3l3aWV1d2xrbmpqY2Nqb2ZvclB1eWZycHZ4Y2tyYXFza2Z2enJyend5a3VzamNqZ2Z2blN6a29nYXhrdGtzbVlweGpob2hoaHZiY25vbGJ3d25reG15S2RkaWNzamFub2NwdWplc2JscGJxZmRnYm12dm52Z3B0ZmN5b295aXFuZW9xa3ZhbGhOcXFpbWFnZGJsd3B1b2RlcHB3eHhhYXV1aXhyZHFBbWFiZnZ5a3Vja3F2Z3pzamdlaGR0dnR6a2F4ZHl2Y3dleWlwZ3NsbnhQcmhHanlvZWRkc3pBZFRhbm1lZXV3cW12bWtmcWdhbG9jcXV5a2dkb2l3aHlieG1hcnZyYnVqelNjbWhleGxpdXN0YWh4c2lkZmtUdGt6dHF3dXhnbHV5cHl1d2tvZW1pdmh4aXZna2J5cGJyam1rcGpmeWF1d3Bkd3Z4aXBvZnFnYmxvandnYWplcG5taWh0bXNiaWV3a3ZyYXpxZ2hpYmN0YWRxZWt2eGx0dXFuaWxsZGNvRWN6cmltelJxc2N6Y3F4dmJrbXRlcWFla2tqa2N0eW55d3dhanRpeVR6b3VqaHJtaG5EZXZ6bHBheFdxZHVjdklocWxvbGt4Z3Fld3Noa3FwYnJiZWx1cEdydXJhbWZ6eUR5S3hnZWN6dGdtb3VrRklyenNwaWR4ZnN1eXJibHZ0Z2lEaHh2cXZmbnFmZWhma29ubXZ1V3VsaXVyeWtycnFibHRJbm5scnF0b3hsbW9keGJwZnlreHlhb3FzZnZyd3p3cmJ0a1ptZ3dvWXBnYnJtemRtYnJkbmZmdXBiZElta3NueXNlZGhTdWJkc21tZ2txdGVya2l3ZGJxeW14aG5ob3d0Y3pma216eXl5d2VqeXNnTXNoTWlmcndwYWFxbnRvZmt0c211eXVsa3VPbmJhbm9xdm5kcHJLbGh5YWlmeGdwZnN0YmVzZmh6bWdxaWl4bXVib2dzcGJxZXpvZGlsd2ljcGtuaWpxYkNyYnZlYWJzYmNmYmxjZnJzVm53aWJzYXR4aWh1YXJxSGlhaG5icG9reG1pZm9pd3lvTXZ6dXhxdmJ1ZHlqWmd6c21xaHNvdW9xamVoZWNqeHhsZ3JhVExtd2d2ZXllcWlkcG9va29pcGl4WGpnd3R6c2Zza3RwWm52cXlsUXJxSHBodG14ZXJzeXJ0aG9icG1jamFqd2Vlb3hocHhibG90ZXltcG54amN0Y3Nldm9wYndnbnNwcmZ0bXVhcnFyaHFweWtyYUNpZG1wZ2VtaHN5cGFqYWduaXdheGtneUd6dmRrVG1xVWFxU05uc2ZueGViQ2NxZ3pwdmFjY2djcndjYnJxa2Fldmh1Y2pzbHRranZzYWZIam5oenBiYnRvbG1Obmh3anhnb2VrQnFwcmFvYXZiRXZtblN5a2NicEh3bWx6dnBmamU=;KDI5MikgNzE3LTMyMzU=
1537.0;bnltb2ptdGlzcnBuc3R0Y2J6b2xtcW1vbWZuaHFnanF1eWlvb3hydWtudGN5eXN1ZXJ1dm95ZHVoZmV6RmxCZnZsemdtanJwZ3NhYW55c2NlaGJ1a3ZCbnZscmJyc2ZweGR1aXh2ZGhoenlKYXN6aWZmcmZkZHpibHJodG1taG5sdWx5dnVUZ3h0ZGplc2Fvd2VlemRnZmt4bXBkbmx0bHdtbXJza3ltZkZpYWl0dmVwdWZidXV4cmVrY21scFlvcW9La2Z2Z3B3emZjdWJ5aHl0dmhqcFZrd09xU2ZuZWdwanJncXpncmV5cW5jY0tvcXFzdnFlYWp5dXF2ZGRuendtbnhnQ3VtZGRwcW1wc2dwcHhZZm5vdG5pdmxnbGJ5a3hxY3l5ZWFlcnd2eXp3dWRua3ZheGtncmxjZHhwY3RzWWFsbmN5ZmZzeGd1ZnNiamdkc2J5anlpZWhuYndod3RFeGVwYmx5ZW1mdW52ZXdwZXVweGV6a3NmZGZneWdsY2V4dW54aWFnbGlqZmJhbWR2Y2d2a3poZ3NodnNsYmhodWp1YXFheHptaEZEZXRkYm93a2dmaXJncWJ3R29haGxhZnN6eWp1c2lsdXNubld0ZnV6aWJaYnJ4enZoRHp1YnF0bWh3dmlybnN0b3d3aGNmbnNkY3Z3dXdxdmJCeHpkc3F3aW1oQnd4a3J3bXp5cGF2aHR3eWJ1eXNzdmVhcmNpc3dsemt6cHJva2NnaWFPaG9wZ3V5d3psY2xoeHBpd3pubm1kbWtodmVuY3pkc2F5am5oaXJFZ2psc3V6dXJta3VseW9lb2Z5cW9wYXVybHNlZHFzamRueW9uaG91aGZzeGVhc2R6UWV3Z3dudnl3b3VscVBpaXF0cWt4eWd1dWNhVGVjZHJOY2pqeXR1bW94ZXJ0ZG5zbEJ1dGZwYWh3emtzbWlhYmppc3lrdW90YWduZGNlVm1lQnRjZ3NsdHRvbg==;am93dGxlY2t3ZGppbnJtdWpudGFkZUd2c2NnaXFraXJ1eXNscGJucWFyb2ltY2dmeXd0Znh5am13cW5veEN5dXJoYXJhdWVodFN4ZnltckZ0c2FlcGpVcXlsdnR0ZmlzZ3R3dXl1ZWZob3Jkd2tvYmFrdmJ0eW1SRm53c3R1bnloYnlteHJ4clZ5YmR0a294T3locmxoeG5zdmVidGN1dGFjWXhlenZrYXhnd2Fyd3JkdGVxYmp6bmJmeGdxc3V0eXVpcXJlZ3dnYWFma25tdXJndFN4aHl6bWR2dGtvbW5ocWdkY2xhd3Fza293ZW9jZnVzaHZuZHN4ZXFoZ3ZjZ2Zvb2NsYVR4ZnJub2pubHZmdWhtY21yenVvdW1qa216YWdubmFpZ2dhdXVpd3dkZ2dwYXRpcXZqYXV5Z2ZodGNjdXZtaXZoZXlOdHVJeXNrY3lwYWZ4YWRtb0FBeHBmcWpmaHllcmpwZWZsc2pvcXR6dkp0emNpZ2xoaGtHeHd2bmZscWtrZXF6dnpkamVhaG1kcGN6Z3Nmd1B1ZHpmY3JhbWl5YW5ubXR6eG1hd21vbXpzbW50ZGNtZWlpemZzaGNicG54YnF3Y3FuanlrZHpvZXlyYnVNdnFoY3Z6eGZXZmtmZXF0d2lhZ3RmcGFxYXd6ZVhjaHhwaGd3emJweHBkempvY2Z4dXRxbHdmbmZqaHl4eHFqcnZla2t6QlBzb29rdWNud3VscWV5ZXNhcnZmemlya2hjZHFrbW5scnlkZWx4ZWZIZnNydGNwZGtjaGt3eG1hemxhaHVrdGp3bVBzdWltb3Job3BoZ256bnVnaG9ucWRrbnBLdWNwYWVYbmxmcmh6ZGdjeWZra21oenlDc29vZHpjbmlhZGJidWlxdHJrYm9tYWlnZHdmRXBNbnBiamZtYnhjbGx0d29xZ3p3YnJva1l5em5iZHd4ZHlUdnhid2RleWxqaHVmd0d1aGtpcWhuUWl4bHNybXpiVWNpZW9zdnNhbWV6bnJzb3lmZmVoVkdmZHhrYXNnZnlnbmNrZ2JjbnF3ZXBzamNhcWhhem1qa3d4bGl1ZGFvZnBzanpiaHR6dXZpc2ZoeGtubHJMbnJpbWRvdnRKZHVuYnhwa211Z3RkZ2Nqb25aeHR1Y3JjaGxwYmxianZkY2FxdmJqb3ZsZGtja3VwbGdkZW51dGZxZmJjV2htaHF5eW53amdzUW9yaGRkYWZvdnlHYXFTaWV6b2d4YWx2emxoY2lnYW5zemliV2ZxdWVzbG1lYnNvcnJud2V4ZmdseG15dmRscGFjbGN5Zm91Y29wY2VxamJkbG51dU1sdnNmeHd1a3lpb2t4dG1senB2a2NlZHhneG5hZm5teVd0Ymlrb2xOaXFnTnVpZm9wcXpmdXZ5aXluZ3p0cXVmZktjZ1NOc2pkd3pvcm9zaG92c3JjanBndXJpc3pxYUpncGlpaHVYdXFydXBud2x0cnF0bW93a3dzaGtndHdoanFnaGNRRWVhc2RnZHFmbnBzbmp0d2hvcVJjYWhkcXlocHd6anNieGdpbmF3YW10ZXd4emhlc2psemJla2dpbHFxbXluc3RhTGNrY2FjdHZwaWp2bGhtd3dqdWd6b291Y21lZ25mY2ppcnZqcHFid2V5a3Vuc3BvZXZ3ZmJ4ZWFxdWx4Ymx3Y3pxbnJnYmRYa3B0enhvaG95bE5tRXNneHV0and4dURpemJUbmhsbG9sZWtweEl2bmtobHBuZ3FyZW1kcGprZGxpeWh6dmt5anlmbml2eWpMb2JOZGVwb2FjdmZmc2NueGpmZWVtZ2p2c25zZGppdm9Zd3l2ZG9yem5seWFhYXZqeWVjZGV0a3Fwd2huZ25sT2Z6Y3lzeW5qa3d6WXRraGNqa21xbW5pdGR0bGh1bHFtcGl1ZGpjZXB2Z2FjaXlta3lnemN4bnJqZGNoeHZwbXp5YmJ1cGV0dXVsYm1mb29sdHJqd3dpb3N0eHRmanZwb2l3dmVibWVZcXRqYmR6bmRkUXBjcXpyaW5saXl4dmR0dXB4cWpkbXdnbXZ4b0RjS3NveHhvdXlpem1scHJzcWd3eWRwcnBzZmdld2Zqd3NqaXRpZXNrc2J5b3ZpcWhjR2xjYmZpclprc3Bva2l0R29xb3puakh6d2Rza2V3dm1id3pqbGlwa3NlZmR0cHJra3ZjdXRoZmxzc3pkY3p2dWhiYmdweWpldGFuaFhicW54dXVsaXZicnZpYnlVZHFwY2t1dXVpd2hiY25vb29nbWtwbGxsYmF0dGN2bHVoYW1wd2FqYmNjbHR1dG15ZW9TZ1hvd2hnbWdobUxuYWFhZnlkeWhva3RmY2ZwbHdrZGhtaHN1Z2VyYmhzcndsYmhseXNwdWtxeXdjWXZieHBuenV1cHBjbHRpbGxlb1prZ2ZzZGhuYmN5dW5vd3NvYm1xbWRueXZiemZyd2F6aGV5dGRzb21vZGd3am1ld3lneUNscmhwdm9IcWhheG92dm94R21DbWpnbXdmYmlpeGN1aWh2YXJobmN0Y3pvakF1c2lvdmlremloV2ViYXpnVmx5TWx6b1VhZWRicXJlbmJlemxraHh4cGF6a3R0b2xvbnhxdXNybGN2bmFhZGJ6ZW52Y2RvWXlIZmx0bnh5amlwbnVsYnJQcWplemNsSXBrc2VmaFlkZ253cnJlcmZ2eHZmSWtudHlraGdpdWtqU2l0b2t6c3h5bGVBaGF6Y29mbWN4THF6a29mdWxteHl3b0p1ZG1uamZodW1rYmpsa3R0dmt2bXVlY3Jqb2NqV3BlbnZ5Z2h6bXJBekNiem1DbW5kcGNoYmxkeXpqZmJnb2ZtZHdudWV1bWZ3ZnJtbnBpYmRnc2hpaWdqYnltYXlrcWVreHdjdWpteXNmZ3ZjcWtsR3ZxcXF6cmNjYnBzdWlvbm1zZmRoaGV3dk94d2FqaWduZm1idmFpVHFibWJ3dmx5dXdxdXNoeGxrbXVkYW5yZ2J2bnJhbGlyRXp0ZGtqdmZmZ3FxZXR0Ym1vd3JjZnJta2V3bmpvRXd2S2N2bWZmcWFldHN4Y2hjaHlvZ3JjdGlna251bHRhYnN4ZmpmZmRsdHZ6em1sZHJicG5kZk1rbnZpbmJwZ3pvblZyYW5jenVvY3dncXR2bmNndHZzcGtjY3ZjbHhpbmhyd252c2htZG9yYnBiaXJkd3JobmZhbG9vaWNwYmlqemJzZmtnZ2dxa2ZBbW5uam5qcGl3Z2Nwb2h5aXJmd3hjdW5wZmdqcXFidnVja25mZWhvckJzaHFmZnNxaGZrcHR3a2diY29sYnBhaHBoa3RsaHhod3Bpem5SY2ZrYmpvYmVkbm5GZmtndHFpZWRxdHhhbnh2eGN5eWd2cXNmaGd4aGNpbWFpYnRkY2RhaGZ6anB2bWFvYnZtWmx3em5MdmRpYnNXbGh4Y3lqdGx2bmN4eXVlbmd5Y3FadnZFZGNjZ2l1bW5naWpud293bm1vbGhuYmJtcm1udWZheGR0bnh0aWxycHBiY3NzdXdtdG52a2huZWJGZHpscWR3ZW5rc01mYnFqd2p1emxudmxpeWFuYmxncmN5cnRqbGNjdnZva2RzdGp2cndoUHRjamlydm9uYm13eWtmcW1lYXhndXd1aXJ0cXp6eGdxT3lsblFvdHZteXN3ZG91Sm92cHRydWJ2b2hud3p5cWRBdWxqRWlmWmV1dnNrcnpmQmJvdndic3JxZGZoWGhsWHJzemJweXl4aW1ocHFvaFdjbmJ5Zm56cG52am5wd25lZ3N4Ynl0dXNnb29zaXR4aHh5eG5ncXJueXl3dnBrcFl1a3NqeFFndlRmd2h1enNxamtUbmR6and0ZWV5Z09ia3NmZnNwbGZDYmlwd2VhV2djZnBvdGpvd29tQnJ1Y2NlUWN6T2xkZXpncG10bnBjcHJTZXRxYWt6cWhxbGtzZnhxcnJpdXZjdmp4bWNxbnFhdWZwcWFrcGptZnFmY2Nta2Z0dGpobnVpZnNkYm9wZ3Vid2VzY3Zjc2NiZHJaYXZic2Nibmt6eGNobndsYnFrbUlwenZyam9ybWNscGFsdXh1bWFsbWFxeHhvckFnc2dnVlB3eGdlenhtbG5ibGpvaHlNY3dxYWpxaXhjaWpiaGRudW9rd3hoeWlrY2lqbmJ2b2dlc252bnlHZXB6dXRUc2N1anN4bWd4amlhd3BaaG91RG5wbmlvaWJtemhmb3Nza3BwbmpmcnV2ZnljUE5waG5meWFpa2hod2FqYWJvbnptYXh1c2p4Z250cWVleG9iaWZhbXhsbG5ieHptenllcmlJTnhhYWtseWhkcXduUmZPdmRqd2Nqa3lpeHRib2l4eGpuaGZxT2lyZWZkaXJxc3hsZW9lbXpRa3BnaXlPZGRxaGNvYW5idnB2Ym52d2hpeWdsckxpb2FnZnZjamVqcHRicm9yaWd4d3hncWFoZ2RyZ2Zxb2tmeGN6ZXZueHh0c2NzZXNnekJreHN1cW52dGl3dGxtZWdvcWxtd3FzZWFvU3Z6d2ttZHFrcG9nZGxwcXdoc3JiY2tqcnR5bHNoc3ZsR2pyZ2VlekFUYmZlbWFqVmJ1am5maXlzZHR5bmtteXJJZHNnZ2VnYmhkd3F1c2hnaWlqYWl2QnhvcGZ6d3ZjbGl4eWVuVnJiY2lzdG51anFicWt3bHhhY3ZyZ29peUVnaGJhWWRheXBmYXBreXVvZGh1aWJ3VHN1bm9oaWVtcHNsaWtuZHhmcmpPZmdrY2F5bWpudGdtbXd5bmFlcHloZ2hmd2pnYmRlZnJybWxuY2Nub3BzdW1ybXh1aXV0aGZ3Z3VwdGNmamdhd25ua3Jsc3VsemN6b2lKY3pjcXBhcmF2dG9hZXhxYW1vemRkbnlkdmlBb2pvZWZmbWhybWZ0bWdlbnJ1Z2dpbGtzbXBiaGxzY2FyZmNoYXVzZnpjc29sbmVzYWJheHdxamxkaGZvcWZhbWhudXZ4aXpqY3F0eHJRaHl6c3h4YmdvbnN4Z2NlZE1jYmNPbWdtbnRncnlz;KDMwNSkgODkyLTc0Mzg=
23307.0;bnltb2ptdGlzcnBuc3R0Y2J6b2xtcW1vbWZuaHFnanF1eWlvb3hydWtudGN5eXN1ZXJ1dm95ZHVoZmV6RmxCZnZsemdtanJwZ3NhYW55c2NlaGJ1a3ZCbnZscmJyc2ZweGR1aXh2ZGhoenlKYXN6aWZmcmZkZHpibHJodG1taG5sdWx5dnVUZ3h0ZGplc2Fvd2VlemRnZmt4bXBkbmx0bHdtbXJza3ltZkZpYWl0dmVwdWZidXV4cmVrY21scFlvcW9La2Z2Z3B3emZjdWJ5aHl0dmhqcFZrd09xU2ZuZWdwanJncXpncmV5cW5jY0tvcXFzdnFlYWp5dXF2ZGRuendtbnhnQ3VtZGRwcW1wc2dwcHhZZm5vdG5pdmxnbGJ5a3hxY3l5ZWFlcnd2eXp3dWRua3ZheGtncmxjZHhwY3RzWWFsbmN5ZmZzeGd1ZnNiamdkc2J5anlpZWhuYndod3RFeGVwYmx5ZW1mdW52ZXdwZXVweGV6a3NmZGZneWdsY2V4dW54aWFnbGlqZmJhbWR2Y2d2a3poZ3NodnNsYmhodWp1YXFheHptaEZEZXRkYm93a2dmaXJncWJ3R29haGxhZnN6eWp1c2lsdXNubld0ZnV6aWJaYnJ4enZoRHp1YnF0bWh3dmlybnN0b3d3aGNmbnNkY3Z3dXdxdmJCeHpkc3F3aW1oQnd4a3J3bXp5cGF2aHR3eWJ1eXNzdmVhcmNpc3dsemt6cHJva2NnaWFPaG9wZ3V5d3psY2xoeHBpd3pubm1kbWtodmVuY3pkc2F5am5oaXJFZ2psc3V6dXJta3VseW9lb2Z5cW9wYXVybHNlZHFzamRueW9uaG91aGZzeGVhc2R6UWV3Z3dudnl3b3VscVBpaXF0cWt4eWd1dWNhVGVjZHJOY2pqeXR1bW94ZXJ0ZG5zbEJ1dGZwYWh3emtzbWlhYmppc3lrdW90YWduZGNlVm1lQnRjZ3NsdHRvbg==;eWxxZmVsdXN3bmJjYnVqZnRuZG5tdGhxbXZrenVmcG53YXBPcnBmaEtzZ2VtbXdWTnhGd3dwamV2bGh0ZmNlYXBkb2l4cXR0bHZ2cUVzZ25udmtYbHVydHFoYmF6ZHNscUd3dGlxcWNleHp2bmJ1dXdjcW1hb2NwdWRmanZteWRxc3VrZnBta2ZlbWF1dXVzeHJzY3luenB2dmpqenhhd2ZzbmJ6bHp1eWhodG5pbVd5cm9naXBjcWdlcm9haGhnaHV3aGhsamtlb3dzaWpjYmtxenZ0ZXh0dWVqaWJ6bHNhelNndGZidmRyb2J1dnFpc1dkenRiYmVhb2NvbmlveGl5ZndSWnpseXdocG5td3VpZXFqd25rendnYU5tZGV4c2NtaWNycm5zZHR4anZld2V4VGNiZXptdWhsdnVoYXJyanFvbnZ3cnViZWpodGxmeWJ3dHZndmdoZGNkdmN3R3JhcmVqYnduc3VhUllodWN5cVhlYXd3d3ZsZml0cGdHdnZ2aHd1dmZjc2hLaGl6dHRuZnprcWhxQW9vcWF1bHp2dnNnY3ZmeldkdGNranV5aWZ4ZGhybnNsdGVkbXJnb3ljbGZka29xb2p6aXhqaWF0bHdxcXNnbk1xZm1hbWp0cWd0eW1DcmFicnJvemh1c2FraHd2dGJjYWxtY25ndG13aXhzY2xkbHFicmJxcm1wenRza2dpcW1nbmNxcE5rbGRsa3hqZHN1cmJuS0VqbG1xd3NsaXhwZmJ4dGtiaXpiamdmYm1tcW54YXJhcW9oYnRxbWxkZ015a3hrYW5yeWV4b2Nwd2V4dXBtcXR2bmRyZ2NwZ2xZd2FiZHNVaGdjYWZja25wYnR0dWhqcXJidWdxcmpubHd6eHF5bWthd2VwY2Vya3B0TWZuZnJveGptc2lnR2puaHRxdGxoc3FtZXZkb2lYWG9oaGZ1aXp6bnlsbmJqcGlod2d5Z2Fid2p1ZHFUbmh3eGxmd2ltam1uZ3FvV2lwa3dnVWdldGZsamR1bW1oeWNqbnFhanJ5a1Jjb3R5dmFieXl2c29scUttZm96c2lxcHV1ekh0dmZod3FxbHloemNrdHJFaGtrdnF4d3ZzcHZjZ3h5dmxrZmdiZWZjYXdvaXN5c2FvYWtvaXdsdXpmc29jdHVuSXpiZ3JxeXVxZWNjenhndnZ4dnFob3Z4aWZzeGFzdXBubGttY2t2cnR1cGhlc3hpbHdobmp1cHVDeGFlY2JkcXZqaHdmdXJmdHl4WGhqcmFtZXhjdnRieHh0ZmdiZU5oc0ZobnVia3NtWXVvY2lWd29tclpIbmJjbGt4aHJhcmp0dnNscG5lV3Ric2RkaHNnamV4YWluY2F1Y3JsZnB2ZGNueXBybHR2eEFrendvbm5ic2RndWd1YXBqb2JhbG5pTXVseXBubWZUcGV2aHRuc3Bqdnd3Ymx0ZHVyYXFxamd6dWNkdWVyY29yd2dvd3Z5aWJvbHhwbWxnanZqd3d2dnJxZm9xb3BmaXp1Zm1qcXJlcmtpY2VnaWxwc3pvemdrYW1uem1hZm9vZHplbW1henF3anlscXRua2lzdGV2eGh2UXlxa3lmZ2NUZG54Y2RiYXhqVUh4c2p5b25mbWJhanNxamZmem9hQmtvZG1qc3d4cnd3YXhtemRpbmxqc2Rod3V3emJycGR0bGR3SmNpY29neXllRWVldnJXRHN2aGNGcG1tdXVIYW53Z2d1YnBid3h0ZmZ2ZGVqemJneHBlZHdtcHZobGJBc3dob3RidGpYSHpLdXltcnBrZ2RrbGJ3YXpmamdqaGNsbGhraVVlZ2ZlaHpkb2JmbG5qaWl5dGR4cHpmZnFrenF5aHpkbGdoZnB2bWVobnRsZ2Nkd2x5Y3JadW5sc3V6a3JvYmxicXF3cGhkeHp0ZXlvaWN6enRneHZydXZhdGVnZW91b2V2cHN2a2hyZmFhaWl0aXNlZnpmZmViU3h5dG56eHdwcUNqbmZobm5seHh0b2t5YmpvbWNmcGhudnZ5cGdscXBldGJ3YnF6ZndpcmdhdWR5anBXY2doYXRqaXR3ZXJ6YmprbWdnbHpqYWpxZ2J6d3NvdHp5dWZ4dXl2Z2FicHZEV3F3cHZlZGhva2hJd21nd0NPUnp6c3pkdnZoZGZwcXFleGNqYXNIZnB3cmhza3NibnhoeGloeUlqY2VhZHF6a3JmbWd5bHJya3Z3cXpVYXZlcnRJd2hxZXhwYm1temlteXVkenpmaXVhb3Ftd3lxYW1pRndhd3JlamRkdWhrYWlxcXhjb3h4aE5yZG93cmtyY3piZXRtcmp5d25pcm5lYnlvY2dqamdEbHBrcnJjc0xvb3VkZ2pyb3l0dHBoYmdzdnh3c2d5dmNxYmZPbmxsbXpsdG9sZmhjbWFmeXJyc3FrbmZ0bnhpckh2bnlheHR2cWdZeWlvYmh3cG1mTmtadW5zbnVieWp4dmJhYW9qdmF0eWlnbHR2cEJFcHZranhhd3FxZXNrcnJqa2dvcHhmY2Fia3FzaWFWeGx2anZQZnFtdW1mZ2xsYW5kdmdkZGJ3ZmV6dGtuanJsbU5yZnBkZ3NraXV3cnZobGdmcHZjbWFtd3l0aXhjcXBnUHFweHlrTXdsYmdEZXZodmV6dWVqZWxwb2hhdGlsc255cG9JZXFlb3F3cW9nempxanBicWRHdWNvanZ3bHZ3ZmR5cmx6ZGNrY2N3eGpqYXZocG9wanp4Z2xPb2Ribnp5cmZyc2VnbXh6bWhwaGdzcHFuYnpuZHdiZHdCeHNmYWlncnh1dnh1bWtzSXpoeWRjQ3FsY29zdm1icXJyeGFldWt5ZGJ3aHpheHV6WWF5ZXdqZmh6eHV3aXBqYW9leGdtZnpneHdiQ3dDbHJtZGl4bWZhcHlqeHBqYmd6aXJNbHFkbGNicG10dnNodWp3a3h4dGlwem1rdHh1cG5mZ2x1YmxBZEF0akJmbHpkeG54emV2b2R6cnZ3bnBpcXl3bGNyS2dydHR6dWRtdnVleHNqaHhicGlxaWdlb3BqbHZsYktxdW9qb2RwbmtvcmRydWt0cXlibmV5dHRraGl0anhoaGNsY015d3RteHdrY2ZkY3FQZmN4dWJzZnNXbHZwZlB4aWt6dGd5cHhnZWliSGVsZm9tY2dlcml1Y2lpYWpxdGh3ZXh4am9ic3Z3am1Cd3pjYmdtY3NkYmJzb3NhRmdyd2p0Z3Fpd2FaZ21wd3N0ZndnbmpocmpsZGdheHVyYWxIdWtmbWxPdHNtYmJ2SmRvc3BrbHBrcnlxanRqcmhxdHF2cmxFckFkcW9leXJZZFZuZXh0Y3NtcXloYmZld2Z1ZmhqbHN6a2ZmZmtkbXR3aXBsY25hY21qaUF6c3d4aGZpcW51enB1cUpya1hvdW5ibmVraXFZYm5mYmlnY2R0amtmeG9obnVtb2x3Y3Zjcnd1d2dpYnZoanVhSnJjaGlheWhpdHNpTmZyeWFwc3pwc3d4Y2ljeWF4ZXVqZ25ycW9kcm5saXhmb2FheXZ2eXFrYmxYanNxZHZwamxja3dzZHNscG9xY3Rjb3NtdGVpeE13THhic2J5d3V1ZHRtSGtwaXBtcGtha3ZCWW1xdGNuZGhqeHlYbm1sY3pqS2N2UGZ4eGphc3BjdHZrdllKbWpxcWtic21ka21hY2N5S3BuaWF2cW53cGlxbm91endoa2VvdGh5a3BnaGZwbXR1ZW95bGt4b214dmJwcUVjalVvbHRxdWxpanNkdmNsZnZ0dW9iZXN6c3dweHVzamp2Y2RQbWplbmZubnZscWN5b2FsaXpxcGhycGltdXh0Y3pzZHVZd3lnd3dwdXVzZG1WYW9sc2VtbmR0YXJvYm1jZHZzYmR4Z2RlZnp3Q3htanppckh6d3Nvc3Z2eGZxbmhs;KDUwNikgMjQ0LTI5NDE=
