id;phone;mult
b3hzZnZmeXBtdXh3a3pqeWFnamNlbGh6S2ZvY3VpS290a3R1bndqd2pza3J1eHZ5YmdxcWV2dnJocG15Y2prd3p3d3pFY21iYWlwa3dzZHloaWhkb2xmeWhlbGJHbWFjaXN5a2NiZHVkbHJneXZ1ZWRsenF2Ulp1a2locWhkV3Zjbmt5cGJseW9wdHpqc252ZHBxcWhhamFjemxpdVNkeGdmdmJpbmRhdWVlbWNyZGR1bGFiaHd3cW9tanRhdXR0c2FqZ3ZqaW5lcmxqaWRkZ2JnbGdrdHZzdnFmeHZueHlqeHVqdnRic2VkZ3ZnTG9lYWxhdml5d25hcm15eHVtbGVsd2lqeWF0cWZobmRqbmpleXVwYXd5d29lYmNrd3d4ZmlndGVBcHZ1cmRid25rZ3dpaHB5ZG94d3l2aFNhamZsUXhmQ3loZmFscW96bW5jbHFzaWtrYWd0Y2drbXRiS2RBdHNrdWRrbHdWeXh4eW10YXRmd3ZwYmtjZ2Fnb2p3YmJ3eHlreWZlYW90d2tiZm92amtKaWd4Zm5ta3F1em5ReW1xbnFWd2h0c0RlZHhhdGVxdHh3d3l3dWJ4a2pqZGR2ZnB0aG1saHF6aUFja0J2d2Z6dWNxanRoc29obXZadmNzeml4ZndiZmlodmFubWhocWlic29SbmdrZHBWbU9xZmVmc2ZybmdlSnR1RWZhb2xwdEptbW5xZmV6ZHhmbm5yeXhic3N6Ymlod21pZm5wb3doYVBndWJyY2JkZ210aWR0Y3JBb3FvbGRsUHFsY2loZWdueWxrZXRRdGhsZmljZHhEd2Fqa2g=;KDMwMikgNjQ5LTQ5Nzg=;745962.0
c2JkaGRqZGNzaG50eWtzemJ0ZmNjenFudHZndmZ0bnFqbG90dHBxbmh6cWViZnh5aGhjb3Z2bW9nbXNjdmR4bXlib2RtdHphc2RqeWJiempzZGRpbmF6cmpwZ2d1QmZvdWRrcXJza3JzYm9oZHd1bHhvdmJ0YnhvcnNyZnhmanR0aHZyd2Vkb2hkbHQ=;KDcwMikgODY3LTE0OTM=;954887.0
amZ5bGp1bnJrYVl2amZmY2t5aHR3aWttd3l1dGJpanFobmFuZXJmZmdsYWpteUZjcmVrZXZuYm1mcmFjYW5mdmd1bWtwcG5seXNXa2NvaHBtcGdxbHRhcW91cnZmdmlla2lwbm1reXZndFROZ3dzcGhkdnh5ZnJ1eHpxdmpmbWh4eWpvbW1uaXhwcnpta3BqcW96ZWVvQWpvTlVxbmdnZEZicG52Y3NqemluZGhseHlrZnZmbnRpb3ducnFxbHZiZGhyaEx2cHp4ZkRld2xPamV3eHVzdHdwYWlkeWVjZ3FrdVJrRnp2bGhqYWJxbGF3V3l3Z3F6cVl4eHFjc3F0ZGVvYXZwY2J1ZGJ4dFpiS3hta292ZW5lemxocWZ5YW1nYXZrdGhUb3J3dGlnZnZxY3Fnb2dLa292S3NndGZjbm5laXJhZmlheWdmY3J0cWJhbXlzeHF1ZmRobWhoWWFmcHBlbHdqc3Z5Y1R5bnpVZG9rbWx2aXp5dXB4cmJqdGR0WHp6dmN0dEl0Z2RsdGNtZXdqZ2tQTGd3bXJvbHp4eW9kZHVnaGRvZmN1ZHRrZ2t1c3FpdGp0dmthZmttcXdkcWxnb2RBcGF6enV3dmV0eWpzdnp5dXRocGxwa2NzZnVyeFg=;KDE5MCkgNjg2LTQxMjc=;<!NULL!>
eWxpcmN4b2J0d2FneXBzd3VseGdvcm1wZnFmYWRhZmFma3VmeXlkaHFyYnljcm1pd29ma2Z1ZW9vb3ZPaWlhcnFobm1nbnV0aXl3bHd6c3hjaG5vdnFrY2JqaGhyYndsa3Vkb2lsaWZva3hjdG5uZ0Fuc3dma2xybG9ieGp6eHNpc3Jwc3JmZGpiemlua1NpbW1ibGJ6a3lYcG9odG51c2l3cXh0bHl2YldkdXFiZ2J3b2diWnJ1ZXJieHF2eUJlSm9lQWp4RnpqY1BtenJxcXJ3a2N6eXl5aXRqam5zY25wZm5tbXBmeW9mcWVuYnhtanBhZEdteGh4YnNnaXZtcXRqd3BhZlhvVXpkb21veHhsZGZjaW9lWHdzaGdkZmN1empmZlZjdWthY3J3cWRxa2xkaWZ1Y2dnY2ViaXd6b21maXFud2dla3BzcHp1VGdnV3ZvZGh2YWdwZWFsenZ0bXltdXdsc2hvb2hxV2Z2d2t1b251eWJlZHRoeWJuWGNvbnhkd2F0cW13ZW1sanRydGpoeGdlaW96bG1vd0V3bW1haGZhTGppa3hxYWpxcG9xdWNvcXdxaGxpcGNkbXlxaGNzbmJsbGZza3dxdFduTGl5ZXd3YXdsZnp0cnpmaXVraGpnaGxwd29sYWZ6Ym9saHBrb2hzZU94eGR1ckNOa3dtc251ZHpwZnpoZ2Z2Y3dzdGtuVmh0VWplbGdoZ2dxeWZodnprZnNvdHJlamdrZHN3a2Rpb3d0bm1vd3N3bHl0Q3hSYmJuYmNoeFlhdWF6aFFtdXdleW5qaWlVZ0lhcHlPYWxEdmFlZ2RyZ2NzZnpqdHBpbVduQ2dnaGJ2bGxzZnlzenRsbXludHlmc2N6bGN4YkR1cml1enVpZW56ZnlxbnNhemlvYlNzZWx5QmJ2YXhnaGx5d3NyZm1NZWdpV2JhZm94dnVyZmJsaWJ3cFRkaGZOYWNpa2Nlc2t4ZW1xTWd6anhkbmF2bXprZnFxd2VraW15eGtza2Voc3dmZGZod2pzcGprd21ieGJvZnZyZnRycWpsYmhiZnZld2F5c3pleW15emh0bW1Oa2psbWtkcmdyYmFlZmJzdGZMYnZpcWRoc2JsT3hibmlFYXhseGlVcnJqaWF0bWhtQ3h4dW9mcHFIYWFyZnV2b2NsYW11ZGhpa2d3b3VjamZqaG5ndGVQdnZ6YWNnaXhiY1R4Y3drdmlxcGp4ZW1xdGxkZHNhY3V5YWl2dWZ4bGJscWZyc2p0anJnZXB6aGJmc3pubG1jY3h1bXdjb3FsaHlrb211YmRram9vdnluYWZqZGZvY25ydmdzbXZ2cmR0YmxhaGp2ZmVieWVyaHBhbnl5c2p0Zm1vdm1rb2NndkNyYmF1d1dtc3F4bWNwd2xjeXFnbndiaHBxZm1laU1jYWF4dGhld2V3cnFyeG5VYWlkcWVteHd4c2x0b2pob25wdXpkc3Z4eXR6Ymhzdmprbmh3Z1JueGx5cHh4anN4YmZwamxCcnljd3hrY3dFcXZsaXV3cHNua2l0cWl5dGJ3Z2NnY2ZpbHZibXBzdHpjYWR4cXdhalBibW5mcGJzeWl5VXljdnp2eGJrbHh3bmxqbXZhZGZqc2Nhc2JtaG5yb2Z1aXZxaXJ6eXNBdWVobHdueWlxbHZsd2xwcHltdHJ6TGZxcGludmhreGJ0Ynp2bGxadGp2dnZucXJhdGtycnJoYm1wYWtta2tydHhpZHVpenFBZXh3eXB1a2p0anZwZ2ppd3Z1dG9pcmlJbHVqYWJ4cGp2d2RjZmhyZmN0ZHNoeWxhcW1paG9wb2h2Y2tkWWhkdHpwenB1cmFpdXpvaGF0cm1wcW16aW9tZGdzYnVnbG11Y2lvZGxmc3JvbmVzZ21lZ2JUd3dvZXNqYWxnYXlodm9sd3h0RHNra2xucWpiZ2dxZHNydHpveGFjcXloamdtY3dQaWFqenhmdnlkenRzdW96a2hrWGphenFkcXJzY2V1bGZSeHJ1dmp5d2Rydndwa3lzYXlqbnRsYmpzeWpnemNzdHlkeHd4c2FzYW1ucXh5bGt5eXR4c2liZ3hIZ3Z0anh4ZXB3aWR4YmdneGNqZGd4dndzeW1semxlT2lvdnVjYXppZmh0YXRwY3VwaHVoaGFqY3ZiYmtyZ1BySFp2Zmdyamp5aUpwZW94ZGNjbml6enlzdG1rdG93dnBtenRmaVZrZXZhdHVhdHhjeHJhakJyc2ZpbXJ3eHB4eXJxeWt3Y29hdGFrem9OUWFja3V3ZGNodGh3bHRha2JhbGlwS2xydWNVdnFybGVibXV1bXh1anF5cXp3enVheGJ4ZWF1aHJqa2JiYXBocGhwa2ZhZXBubUlqd2xhc2J2bnRxUXloeGJobXlHamFtcWRha3Z0YXNoYmtpemh0YWV4cWVwd2dncXNiaGZyeWxzdXJidWhkcnB2c25zZ2lmZmlkbXBjbmd2YXd5RXVJamtrdXN5eXh1a3JucnFkcHZia213cG5neGdmemtndWV2YW9kZmVtdHh2ZWFNc25ndG1ncHlkZXRnYnphdnhpbmRBY2J2SXpwbnhqeXJ6YnFjcHJjdWl2ZmVxeUpocWF6a3hkbXpvcmZyemlkaGdudXduTG1xc3BtbXhNbnJnemJpbWhpa3ZjYmFpYm9wd2hmbndkd3d2a2NqaWZqc2xmeXJxc2tna2R2eGVudnN6dHJqZGJtZW9sa25tY3lwbnJla2t6dmFwZm9ncGNqcWd1d3RndXl0c3lzd3psZmNhZUxjeGlncGFlY2t0YXJwYmlnWHZmemt0Y2tseWx0dXh6SGxhbmF6aW5ubG10d2JuaHRkeHpuZHF6ckt5emh5a1Byaml4dW1uaHptcm1wZ296a2FvYWxxbWVvY2Z4dHltenV6cnl0aXJyYWxha25wYWxlb21sdW52dWhjcmNnZHltc3hxbmljc3B2ZHZyQ2Vja3B1cWh4bGFtbXlwQmd0ZmxRd3ZxcnluQW52bWNndGJxZHhhZm9ha2l6dmtHZ3RlaW5xZG9tdHRnb3Bxa29sZ3dmbXdwbWZnU3pTemJoeW51cnpmc3l4aW1jd3pxbXpnaWhKc3N6eHNqZHR5aHJwdHRkdXdjaG94c2V1bG1hZm5tdWh2aHhxaXRtcXN1Z1ZhZw==;KDY1NikgNDE0LTA1NzI=;<!NULL!>
c3JwZ3B0ZHFubXhseHp0dnBpbmpjc0dmdnlzeXZ6d2l4c3VnZ3BibWRqbnFkaWlya3B5d2tudnZrZWlza3VhaGJ2bWJ1dmhKcnJjcmVobWV0Ym14ZGFxY2V2dEZ1eHphanl0bXl4ZXFheGhrc3d5bE1KaGFkQnB5eWxldWN0ZXZmdHZ4YXBob2tsZ2xraGd2bW9iZGthdmt4bHluaXpveGVlZG5saHdSdXJvc2x0bHpWcEJ4d2NlZGJjeXpjeGxnc2NheHpqcGZtYmZFemJpYWtvaXpBZHZza3BiemtrZnhobW96cm9oZmRlYWRmdWRpd3JrcWpxZWd6b3dxZGVrQWVwamd4cm1qZWd1dGF6UHhvSWZ2ZGtuam1zYXVxcml6dHNmYndzeHNpeWFkZ291dW9ub2hnYnVkaXR3bm5UaGNjcm5heWxDcHBpYnFxemRzemp5eWhya2diVWxrb2R1c2VsY21senV5bmhlaHZmdUl1eWZhYWxiSmhxZ2ZscWFwT3pjZGlnYm5neXlza3BhaW5IdXJ3d2ltZmN6YmRmZXBoanZpY2xyZnlsZnJqZWF2c2dnbHlsdlR4dHN4ZHR5dWJkcWJtdWVxYXpmdXZ0c3d2YXJsZ2RvY2hiaWJjbmFuc2pKZXNrYmJha3Zlend3ZW5jeW5yb21iYmp4ZHJ2dWpzY2ppdGZTYnBuaWNhZHR4ckphcnlud3N1aHl5Y2d2bm5pYXZ1bmZtZGx2aHdhdnpnb2dvbGdsYmZ4cXhjeW9wdHFOY2lqdWNiem9rR3FzeWNQYXZib2VwYnZtZnN4d2JsdnJseWZidnN6dHphY3Z5cmxibWp4Y3lrZmRsY2Roc21rcHV5ZXR5cnF5Z2FuYWZ2YnZzaWl3aWZ6dnBwYmhna2JmcWFhaGFxcUFhZGpvSHZ1eWVkb3pkcm9kbnVkZmV0bnhwb291dXRkd2JydnZvZnFyaXV5cGNidXl5cmxmeHR0ZnlhcmNnd2N2Z3NvbG1FZGJiaXVvZGJvbmRlZHZ2ZGh0cGd5anNydWlxbXRHZ2RsZXZzaGZwZHZ4bmRld2hnemVrWm1ocGhmaXJGU255ZWhydGN1ZWdyemtnY3NvbXZhYmVlbmlJZGV1cHp4anNicGJqdWZncEF0am12amhkYm9yZFRkb29xcFdva3V2aXZpbnF6empneGhkbmxnZHZ1bk1sd3dzYmdvcXNwbW5icHRpQW1uamRmZm9mV2Z3bHdzcVlpcXlvZnFkbW9mbm5heWdObmV0ZnRtaGhwYWlkbGNwa2RjbWNpdmN3eGFzd3dhdGdsd3FodnNMV2lIY3NmZXBpbGpPbGFxZ2hkY3ZicHZxcGNxZWF4ZWtveXJzaWpFeHhveWlkbHludGtpZmlvY3Z3amhsdWpreWNxZnJyWm9yYW5jdldkZ2N0ZmZ0WHpoa2VzR2ZweXBpenJpdGZZb2h2a3NtRXhhbnJrY3NtcmFvaW9qcmpzRXRrZWxhenBjYXh1am1jc3drcWhuZ2p4dGpvcW5lamhoZXZubHF5cWVydHN1anJqaWJrYm52YmV6cVRlYmFubWVMYWN6dG9wbWNxZndta2twZ3FnZHR4ZmZseHZ4ZFFzc25tbmlnd3JpR2pscnJseGNxcFRqb3h1eXd5dWFmY3B0dG13Y2pPbW14dXFrZm1kZ2ZicG9sbmhmcGVoZXJtcGNwZVdhdmVxeG9jaXdvbHFHcGxzbXZ5em9wc3Fudm9mcmFkZ2N3YmZiY2VqRmFhdWt1aW9lcmJ4emtmY25hZW9pbW9pcm5Za3ZhdmJvY2RnekxmZnJqdkZlb2pmbHNnaWRmc1JmeXVmbkZ1bGJmd3lwZHhvYmp2Y2Fpbm1wdGJrZ3ZLaGVtenRzYWxtem14dG9pcm5uaHR6ckJ5enp3eGljYmhsc2FoZXFiZm9iZmtmdW5wb3BzcmF6dmpua2R3UGJod3pvYmFnZml2UnlzcGV3bW5wZnp2eXFoeml1eXd3U3FhbnFpYWV5aXppdWN6YmdhbHl1ZmFvY0hhdnpoc25ud3l5eA==;KDczMCkgMzY4LTkxODM=;389853.0
cGVmY0ZMaHd5bHdkbWpkTWhsbmdnZWp5dWthYmd4dGxueHVZaGF4d3dodXlicGFqZ3BybW14eWN2dHpoYnBveGFhdmRzcnd5aWt0Z3V5bVlleHNhc2Z5Y3NlZXdiZ3Nka29qaHJ5dmxkc253a2JqaXR4cmlhaGZvamdCcnJhdnNkcHBpY3djbGxtcGtYcG1rY3VrY2xwVnB6a2RrSG1lb2l0dnNvYW5hcWR1ZW16dG54b2JhdHdlc3VlZ3JpZHl6Y2d5dm5vcmNkZ3h3b3Bna2xxaWt5dmdJaW92eHFwYW1saGFVY3l3YmplaWxkaW1tbXFidWt4eWdrdXpqdm55dWhmZ1VvcW13d29oaXVua2N1VHNwQWlybnVpcXVsdWd0b2FjYm94cWpocWl5b2xmZ2F2aWdjZ3d6eElwbG5teHRkcnF2Y2tnYXJhcmZkZHpncmVyYW5lbmFsd3ZjeWV1dWtvd2l6amhjeWFwb3h6c3dob2FqbHhiam1rYXh4cWpramZMd2N4cm11YmJpcWRidWxqaXB4Ynlhc3Zkb2VheGt1Y3RkYXNqa2pzamRhbHR1bWFjbVd1RG9wZWlrc1Nid3BnZ3ZlYW9jdmRmVmx5aWhEbmxnbGtvZ2Zva3VybmxpcHppaGFmb3VncmRoZ3VucXNmYXFlcGtqZGVVc3V1cHRvenN5cm52d2l6cWFwaWF1bHZkbmlwbXN4eGVtc1pheXljampkd3d2eXdxeGtqSWVyaGh2cHB2eHFnZmh5enptY3NlenJpeHRqZXNsYXphZGRpcGRlbmlqZmtzY3dHd25jZlByQWhnaWlobm9lb1VyZWVjYWZpaHV6YmJwYmp2UGhtZ2NleWxpaHFLc2ZEeGliYW1udmdraXZ5Ymh5bm5kaWN6ZGJ2bm55RGx2aWJBaG1qbWpuZFBGYmR1cmNsanhwdm9qcmlpb3h3amxranljcXN1Smd2cm10eA==;KDEyNSkgMTgzLTMwNDU=;<!NULL!>
cG9BYmVyaGJNYXZ4eXZvdWl3YWV6cmxnYmJubWhmdHp0b3JraWJ6amtkdnFjYnNqbm11aVV5anB6Znh5cnpsZGJ3cXltaE56aXdmY2hjcnlWYWRtZXppeHhlZnByYmp5ZGp6dHZxc3Rha2xwbWZTUWNmcXRkZHR4aG5tdXR3b3FqY2p0aXRneHhzZ2xtRmNsYmZmbXhvYnNjcGR3aWJlYmhjYm9rcXZKbXRzY2hycmt4eWtrZWpldG9tdHNqY2RlYmVrbGRrcm53ZGNtcE1pc3RvYWpoVXZ3cGV4eXhWcHRscHBnYW9wdGFzd2pqZnVsc2hrem9tcXFma2Z6eHh1b2J0cnN0bnpraU1laXVsZGxoaHlnbXV5Y2p3dUp4amFlenF2d2NmZnZ2ZG5sZmtzaGFDb25qZmliem1ubWt2dGZqb3FmZGVmYnBvZ2lhVnhneWFsZGx0ZXh5cnNpeG14QXhlenF2SXhza2p0bWhvZmNtZWlEZWtnaG1wZ2JmdGd3d2tqZ2ptaHZtc3VrY3pwb3ZodWtKanlwbGZ2a2hkcWN6cnhvWGZ1SmNic3h2bGN6WW9zeWpkZmVidnV2bWxsY3FzYnp4amxqZ2p4Y3Z0eHZ5cGZ3bmliaXI=;KDM3OCkgNTYzLTc4OTI=;257993.0
enN0eHZoanZnaUZMY2VnbWRwemlldUlvend0bmxKeGx2Z2l2ZGpibHp5WW9qYnB2cGtscUh2a2xzamNnY2N0d3pheGNnenhnbnlwYnRSdnNzaWthZ292eHFmdWh5b2VlT2FoZ2xlY2VycW9PaHdiYkhlYmt2Z3Jya0J5U2Jvemxvd3doa3NnbXVwS3VIdWJpdWF0cHNrUXl1ck50ZXFhbHF2blhoZmVtZ3ZjZHpienJlbHpkYmhocnNqaGxwd2ppc3hmYmZ0cGNMc2tra1RjdWV1dHNsZ21xY2ZxdnhndXR6YnlWcnFvdHpvemFpeHhkc2R0UmNmbHJ3eG1hbW1weHJ4dWx3bWNtanVtenZ6emZ4cXZ5cW5nR2F1eUhwZmN3ZWpveGl2U3pvYnhja2xpdG1xZHRpdmdSeXRkanFuZGhya2R3c2RzZ2pnbHRsVm1qam5ic2pEcWhseXFiamNtZGFqcGd1Z2toYmlpaWt1bnRsbHhtbWxmcGFFcHdrZGF5bmJnaXd4dHNnYnJXeWl2d2Fna2RoaXVlY21tZ2NYaGxmYXp5bWticXJqcGNydHFvYXZnc2xucHBjdXN4dWRraGtzYXh6dnJmbHlhbG13aGtnZm1tZGx3c29zYWlyb3JtZXVmaGFhWWRvdWx5ZXRpc2F6WnJhZm9saHhrd2RsdG1vdXdFaGFiYXptZmtndnNmdW1udnRteGdsYml5ZXRsa3poaGllc3VrV2x2bml1dGRxdWJudnZjd3d1YXRzcmZvd251Znhoemlvd3hsY3NhY3hpeEdkaGd2Zm1mbndycXhiYWt5ZmVwbmRheG5hZHFyam96d3lhbXNwa296Z2hmb29oZnlsZmVlRWhyQXd3d2VhemFudXhncnJub3hhcWVqanRnZWRiYnlpYnRvcmtyd3hzeHlqcHJ2cllrVGZyYU9tU3J1QXlEcmJ0a3dib3J6aWZ6b1VzZHR5cXlxZE1wZWdrc3ZLd1VwZ2lrbmVsaXRLbWJ2eXRmZWtjcW1maHN2cGlzZmJlZXdvbmJucWl6bXJtYWNkcXNoaWtlamF5YW5xdWN1ZHVsY2hxeW5ycWl4enBvbmtzZ3dscGxsZnVqeWtOdmdqZ3FiYWRoZG53Vmp6YmlueGRiYnhmdnpiYXJhc2V4akxwb2Rycmd4cWFjdmZkb3dhZ2lDWnloemdvb2pndGV0dWhoZHhrb3p2VGt0c3R1cnhueGl5eWxkak1vcHpveG1pa3p5QnFoZXV6TW53YWVXZGhrdGl2aGV4a3plbmpvanRid25ic2l2c3ZiZWNkY3ZhZGpkaWRybGd4cW9zZ2VaZGNjaGdCY2lqd3FsdmZwbmtzY2FjRWV2Ym50ZGh4enN5cGphY2JnaGFjZGxvc2Vsbm5tamR2eXp2b3dhcXJJemZ2dW1zdWl1ZGdweHN3c2l4a3FuZXNnYnN2bGtvZGtsZXhnZm1hc3F1S2x6ZXVyeHpzdXNtb29ab3hqdWZoaXplanV6bnlnaGFubG12SnVpaXN4a3VsZXh1YnNoeHN1b3Fib0p5c09ocWR1d3Frd0t5Wm9jcGR0Y2NqemFtanFtZW1nUGZ0d2hqc2hoYWVxbmNtdW5pbWtkb2JwY2JxeHVmRHJlc3VwYnVobmV1bHJmb2N4Vm50dGVua25sbHVqdnN2TUZ4Z2VkZHB6Y25naHFHb3JveXBsaHRodmFveGVubWVCanhjYXRya3V4dGNiYnBydHVnZG9ieGtnWHhlbnZlaGx0ZmVxanVjZndWa3pzeXJtTGxmZWhpdXNJbGFzZnN3Rm9lcXFjbG1mbGd3eGx2bmpkcGZwYnBuaWhhdmJ6ZWhsZWhzZm5yR3JxYkFxbXB0Z2h0YXhhYXVxaXliYW9hbXNpZmFqdG90cnl4amNtb3RxZXVjY2dIb2x1bm1lam5ocmRvcmd5eUJsY2djaGlpbmxhdnByU3RqamZ0anhjcGRndUpubHV4a2hlY3dnamlVcGdyemJnb2puamlxenBkb3lxaHltQ3VXbndpY2x1d2Fla2phZFFhenVkb0drbWh0elVOc2xwWWptaHRrc2lndXNqdmV1cnVkZm9zaXdwdnlqY2xuZHRzc29ya3pvd3JxZ3V0ZG1mdmhhbmRtcHdycm9jbmdnbW1ha3ppZmJmdXBmbnB0aXFyZW55aWxmb3dsYmdzaXpmUmJhcW5pZ3RvZmZ5b2l6YkVxbWJycWx5dmd3aHBxYW5yeXR5anZoYnRhdXZCbGVlaGJ2dWtiamZrY3RZZ0J3c2lva2ZucmdzcmhoeHp2bnJ6a2VqcXVrZ3Zjb3ZpeHhxUnNzaWNwa3RoaGdublVmaHphYXdsd2tsZ25lcnFwZXR3b2Vxc3Jtbmxvcmt3bmFrcnluYnhpdFpjaWxzZmhwbWV6eHltcm12YnJkaGxicXZiY25wcmZjeEFqcXpwZGJsd29yZ2N5bHF2bHluZGRyYXNvd25heWlnbXJ0eWx6cWlhdU5yYnBueHVkbG5hem9hZGdidWliemxlSXNnaXF5ZHN5amd1bmRjYnFiYmRscm1wYnFqcnV3eXNmZGdsb3BjcGRkaGJ5cGZwcXlpcWpxVnB4bnR4aHZ2cWtuZmRmcWZhbEVldm1mYXNLRGNiemZzZ3FwYXhxd2pndW11ZmttYXZsaHhycWJncmN0a3pOdGN5ZHJibnBxbmR2Y3h5cXhuaGhhZWJkZm5renZtd29sSHJnZXdwZ2doak5jemp5dWpzdXl6cHFwbm1nb2tiZXhtbVpuYnBMdm1yZmR0Y2NkYnBiemJtY2FrbmhDdmtndndtdnpicGdrZWxjbWF6endmcnh3bWxnWnFkeXFjc2F1dm9jcHF0bHJZd3Nmanhuc2dxZG15Yk5k;KDk3NSkgOTcxLTE1NDc=;<!NULL!>
ZGFpam5kYm5panJqamVicGpyYnd0YnVzZnZjdEpqb3JnZnRtdGxsaXdiVGJ6a3Zmc2l2ZWRabGNmdm9senB3d25uc3V5b2ZmaHNtamlxcHh2Ym9ueXBxZ3dqanN0aGtlYXpvc25pc2l0bHh1d3B3bnV6d3l1b2t3ZGlpbXJrbXFqZnl6ZnBudG5uYnBnbHd1aXZhb3VkaVFkenJvb29za2hxeXN5bXNldmtpbnR5cG5uemhzYm91cXR6ZXF3YWF2d1p3d0paZmpjdHZkdnJmbWtwZmF1bHJodG1vZmZ3bWl1dmhuY3Buemp4eW5xYW16bWl1bWJ1b2lya29mYVFKZ21oaHFVcHNsc3RrWGpya3J3cGp2alVnekRtaXBvdm13ZGRyd3hiZHNrdWV4b3dyd2ZodWFydXZ1ZWFocmpwa3F4c3VmekRTam93b3lzcGNkbWZkcG1oR2dmeHJuYWhjZHdoeUt0bnVwc2R5ZXJneHBkUmxxc2xvaXdqaHhtcHBlY3VieFR2aktlbm1vcW9ncW5ydXplcmxabmZlbXdi;KDk3MykgMjYwLTM4Mzg=;387059.0
ZWt0QWFjZnJnb2JjZmhuY3VxZ3NpaFF4ZWNna2VhcmxCcHRsZnh5cm54ZmNkem5wa3p1ZXFmRmRrbWZhbXdkZXh0ZmRtY3JVb3ZzZGJIcHlZdnF2YWx2cHpyZXV5amp6eXpqdmZ3d3NzaW50aW5rcXBwb2Ria2dreGR0dWJhemR1dXR3dmx5dmJhYm5lanppdmJ4b3B5ZXBvamJodXBscXNjeXl0eXVlaGRtdXV1bW90Y2F6YW1heHZpZ215dFFqY0FudXJuekt2aW1iZWNsZ3pxeHN0YmZ1aHFld2Rmd3F5d29lZlF6ZXZ2cG9kYW9sd3ZycnJ3a3dmTWN3b21oa3hjdWtuaHpiY2x0ZnlkcmVWZXRqc3lkYWl6d2J1cmpxeHVjanJ3Um9wdHptbnRrc3RidWNwYml6ZkNmd2dtZmhvZ3VlamVkeHZiamd1emRobHlybEd1cnZ4bnBrenpwcGphbG91QnVkYm9ma3JzZ3p0ZXFTZXllc3hkcGRhYXp5cnZhaHdrZ3pjdXdrdUhYcWhobWxjQnlmb3hqR2hubGR2d3hkdHZkZXRqeWpvcG9pd2lrYmVpaWp0ZWdzeHFvYndpbW50aWp2dXZ1cmFsbXBucG5yaHh6ZU5xa2VncWhxYU5pdWhPY3N4Y3JVdW9zb3dudXZsa2ljY2VQa3BQcnZEcGRxcXVVZmVob2Jnamdqc3RreXBlemVpeHRubHRtbnFrdXdodGhpZ2hiekxkemNsbmxtdW5scWhmQ3Vlem1uaG9nemt2dWdzZ29iaGx6RmVaekR3Z3NqZHBuV3JsaWFqdmd3dGpyaGljVm51a294aWxmd2hqcmVzaXBrd2VreXFvenR0d1J6cGxmZW5jYWlmeGJ6eGhiY3ZhYnVhcnhxdHNsbm9udWF3dmhzZ2xhZm5xeHp2b1V3dG51a2tqamprd2loeXdnb29wa2JtYnlzcm9waW5wdHZ3YVdwZ2dlanFiaHp6a2N0Y3FjaUp0a3loeHZsaHVtamNsbnBkampmZHducm1hcmlmbWV4Y2p4S3hwenB3bW5ueGVza3N5ZnpyY3RwemZ3b3hlblBtaG9sbG5tc3hNaGF5amR1bWt1cGp4b2h5cUFzcndvZGN4a2x5enJ5cWpwaWRtenZjbWhnb2h3U2tjZGJjdnZ6eWpGZ2lkYW1naXNzbmtxdG1zamFmbGRqc2J6bm5rd2dsd2RqbGN2cXpubGFkanJocmRsa2hhZXdoeW5mbHBncHpsZWJkeGVlZ3FqYWRxWWFrZWxlcVQ=;KDgxOCkgMTM1LTg2Mjg=;691717.0
a3V1eHdFYXVnY2dwa2VzY3htd3lOaWNqbXdTc2h5cGN4WHJuc216aXlkZWltYWtwbWxmbGJ1Y2l5c3BsZ3RndW15ZXJ2emhxbHZxb0lpeXFzeHFjdmdtYW1Mb25uaHNoeWl0Z3hhcGt0bWJtaHlpWGNneWR0Z2VwanhmZXJ4cGl3dml0YWxyZHNxenRzbW13end6ZWJpcWlmeHFPaWp5ZnBqd211Y2twYm5xcmZ0T2d3dG9kbXFlc2NTeXZ5Z252b2llbEtnb3RsYXZqY2R6U3JlcmZrYWFtYXVrSGV4cWlqZnBsbmRmWmNrc3d3ZGp4ZWJ4eWdmdGhranZpb2RpdHB4aXhhZWxrb3N5ZHd5Y211cGRzZmdmb2JyY0toQ2xRZHRkY2tzaWJ0bWV2ZEh3bm9wbGFyZGJnZnBHZ2d6cG50c2Rlb2NkY2ZmYnZ5c2tyc25jc2dpdWJuY2ZneGJnZXhyanJvdG1zWmVwcnFnbWh0YXBpb2pwbXV4d2V1Y3FzaG9mdXVjaXhIR2pocXRlaXVwa2x6cnFteHR2cmxxbGNmZm9ham9ocWRjdG9ud294ZGp5d2Jhd3JqZ21oa2JjbHJ3aWduZ3V6bWlxZHNmeXRzY2l6dnJ4eXdwTGlvZWx6d3hqb3JsUmFkY3RjdXl6eXZ6dGFrb3Nkam1nbWhienBjaW9pbWd0cnJncmpsZm9qb3R0anFxeHZxdW5rZWptdmVxaWJsZ3RZeGVwZnBpc3B2aG1waHBtYXd2ZGJxZHVRem5nc2ttZHFjeW1mdHh5bWNwdWN0ZXBmbHp1aWdrZWR3d2toZWdyUGl3enNxYmhiUHhqem1sYnBjZXJiY1BxeW5pbmxwamlzdWRla05kcm13c2ptc2tzbHZmcGZyanZ5TGNid2ZqZmhkZnZqbmFhemxkdHFiYW9tZm91cW9tdndmZHRpaGhudHp6YmF0cW5kZXpneWtla3BidGhuamVvaHJqbWhhcGRjaXZzeW1wZW50emhzcG5lZURmYXdrZGNwd3BTaGdiYmVraWhreWhjcmN3bHh3Y3pjcm5kd2xjdnFkZmZidnpoc295YXVFbWNtRW9iZG1mYXV1emNyenRBbWl6cGZicnF0cmlpaXRndXVvd2RwZnpieXdtYW9nc2Z6aXNzcnBsbmZqZm55dmVtV2RqaWN5YWRscHFkbFR6b3pnbmNPcW50ZnNlcnJ6dXZ3YWptd3R0bWZ1anBoZ3luaHZqb3BvYXFjcmVjZGRmdm1wZ3B1YmVvenF6d3FueW9zbmF4d2twdHltanpkY3lqYXV2eGd5eWZsZGxsdmtlY293dG51dWtvcmt6dW51cmliZHVzTWR1ZXphRmdjakpydmdhcXF5ekZ0bWdoc2pqUXpnSWp2dXR4dnlxZGdxYXBzTXRraWNyaG92cGNobGh4YnB5emRtYmhoaGFzYWx0Zmlkb3N5cG5iemtjY2N4YXFqc3lJc3NuZGFla3poSWpvQXFzenJ4ZXJuenlkdXRmZmtpcUF4Z3h3cGV5enJsd3JydXl1d2hmeWJsdGxmaXFZY3JkZ2thZGV0ZGtvbnF6anVqcHl4aHl5dnNta2Vja2hpYWNvYWplZXJEZXlqelN5dW96bml4c1pxbXppcmVod2Z0c3VkemZkZ3hFendWcUFuanNoenVrcm9ya2pla2RucXliQnZ2ZXlncXdzZ2Fya3N1YmR4a3VlanlyeFhqenJudGVsbmZrY211bWFocmR2YWRoc2Z4a2JrZ2JqenpwbWR3dnVvamZTcW5vZm1xa0hqeXpqbWZxbXhqdXVsZnhsZnFveXNwemZid3ZuZW5xbnRtcnh5d0t0dkNwbGhwaXhmaXR2ZnZ4b3VzZXZmcWJvanVvaWJiY3FraWhpYmlob2hhamJkbmpwb2pvYnNocWNwZ1Robnphc3B6c29xZmN2aHJhYmhjdXFuYXZDYXRxa3J6dGZqbmZ1aWRlYmRSYWx0dWplenZ4YnZoU2R2dGx3am5wbGpwZnBzaWxEeWFQb3VtaWhUa25xeG50empmZ3hLeWRrdm9nYnVzZHVvbHJnaGRrbXVwcFBmb29ubXJlZ294cGdzZWltZ21qY2lsZnN4eXJ1WHVnd2NnZXlma3lnaXdxdXlnd2Zjc2Jxamhxemh5Z2tqZmpycWRwZHBmYWRmemZqZVVqcHR3YXl5d21yZVdrd3F6cGJ5cnNwd3RlYWVwcGJlbHRub25pbGt0dWx2cGlxd3FlYmlpcmJ3aWt2dHpodmdmcGl3YmNneXdyeGtuYWh4dmpnaXJHa3Jxb25nZXN3ZnNtYnlkZXpwd0Vidmd3Y3pld3BnT3l4ZnZ5YnNnZHR3aHFoYnJiYWdoVmJldnlWamhpc2xUQmNDYWVwbnRoeG5reWN3d2lwdGZ0Y3B3bm5sbW1weGV6YnJka2pkdmJ2VWJqcndlcXhhc3F2d2Jtc2xka2d0aW53b29yb2drb2xoa21hbWt3ZHluYmVscGR0cXB6YU9yY3dsb3VydGFmZ29vbWlld2ZqYmVvZWJvZmFuanpqa2drUHBhaXF0ZmhzZWtqZmdyZ0hnYXlaaGVrbnJmdWdqZ3Frc2dtYXd4d3NwdHFxYXl5Ymx6Z2lob3Rwb2Vpc21qdnpyZ3F2ZnJxZ2hFbmV0YklkYXVm;KDY0NSkgMTc5LTQwOTA=;832984.0
dHRobXlxenlyQk9ab2RoWmxnZWFkZ213Rmt2a295ZGNvZnJ6Y3V5eGx6ZWJ2emt2ZXFxb210cWJ4eWF6ZXVheWtoSmNnenNhTmFyaGlnYWliS3NjYnV3dmpvaW9ndlBraWNnb2hxYWZYd3NlbG54bWRtd29zemRicm5oamxzanZnZ3poYUlpbURxcXJoY3NiR2x0eGR1bHJ3Y3l5bmNma2hqbWdyaWFpbWNqa2lvcGZ6ZmFkYW9ueWdodWR2ZmJ6eml6c0NNZnBtcW9DeGthcHJzeGVobXVhbHZleGVianR6cHB2cEFweGNvaUFjYWRnaGFjZm90bnhla3ZjdW5VZmN1eGd3c3pweXB1a3h5ekNlcmhmeG1rcWpvcnlpcW15d3pyanNndWRscWxidGZZbHJmeHB1bnpvYW1hYnJ3YnJ4VHVrYmNidGpoZGJocG93b3FNeXRreXZsRk9qZ3JpYWdzdnJxY2Zka2d5cmljZW5tYXVzUnVoa255ZHpzcW1pbmR1cnlpWnB0Y3JibmlpcWpzb3dnZnpjZHhlaXN5anpjcnBVeHVsa2ZwdWxlemllcmpReW5vcWNpZ2x4Y2JrUHJpZmZvb2podFN2Q2NZaXZ5bG5oTWlvZnlvdmVuanJhcWNLbXF5ZW1mb3Vpemh6a3Jya25yaHZlb3dhYmN6UmJkZWpkanpycGlkd3RldGFnY3RoeHZzaXN3eXBmdnlxaXJjcHN3eXJ2YXZOeHFja3lxd2ZudHRTbUZzRGlkenl0aGNidmR6c2tqb3Blam14Z3lRY2V6emx0SHZYendmU1ZsemRhc3Vmbnl3eW5wd2RnanNZY2F4dm9IamFwd2p2Rmt4bGZvZmVpZ3pkb2Fqd3p4cHRnem9wdHVia2pyaHRjZGhmQmZ6ZW92bXdpcmxrc2dpeG13eGdmZnhxbExwend0ZHpFcW1jdHNobXVrbmNsa2VyamV1amFyb2FybWZYRWx5aXBteW9lc3FleW9rdG1vYW9saHR0ZGZyc3VocmhpZndheXVkdWl1bnBtcWR4aHZscHNzdGFtamVvbWttdnZvc3Nka3l5cGdmamxrYWlnbHFwYnBXcXBncWtncnhldlVlYWJndmNjaFlza2Vzc3llcmx5bHprYW91dWZtdmh5aG1ucGRvZ3FwZG9yZmRmZmhhemdrcnFqZ3RFdWt1cXppZ3JnZXB6ZXpibEZ6cnlpcGdyem1wU3hrYmdqcmtqZ1VzZmNwa3pmYXNxcnJjaGtxenJCZHV4d2p1ZXBzb3VtZXhzenZncGFwZmh0cnJ3dWlvanV3ZHRpbG1wY3RmaW1la1dlc2dmcnlocmpvaG5neGJwb3l6cm90cWhqYXpvYmdtd2RmaWF2ZHdpeHVtenhmdXNsYW1mdHJpa2FKbmVIc25taHNkZm9jcHJ2aW5na3J0a3R1eHJqanJlam1vZmF1dXFwYWlrR3N0dnpmbGVjZ2J4bHN0dnB0dW91Z3B1ZmdjbmVhcnB1dG5xWW55dk5udUxsdGtzWnhtcHNneWhuYmh0a2tMZXhtZmRjZXlqb3Zra2JvY2R2Tm14enNtc3lla3ZjY2VhcXd6empmTWplcWJrbm5pcnVlaWdnZmhrZXlra2x3dGJ6emlxd21ubnV1aHd1amt4cXNjYnh0c3d6aHJ2cXhrbGdhcWZ1WGVnbHdsbnZ3dWxzanRma21ka3F3eHZmdmVWbWRvY2J0bXVveHhpcGFqcm5mdWN2Znp5Y2tsbnBudmtyaHBlSGd2c2xrTHFocWJnZml3ZVplamJ5ZWRraGRzb2Frc25zcWd6a3VvU2FncnlyanZ0cW54bWV5cHd5b2Z6Y2VxZWNneHlzYmxkdHJmc3dlV29pZXpvbHZnYnF4dXZ4cXlhaHVpZ2tkdWVYZHBwZ2RUZ2FuaGx0dWJkZWhrZGd3cWxzdW1rdldka2l2aXpoYnh1YUNseVRtdHhmYnBjaHZwb3RkbGVzZGxqa3licnB4dHh6dXZmZHRvbm12cnhiYmV6YWN1ZXZ5aWxvcG13ZHhvdHJic3ZzamRmcnd4eGNrdXd5d2lvcndwdWp5VHJuWHRyeG5xbG55eWVucmZsYm5jemdIbk9ld2Z2eFlpSXpud2d6cXlmY3dqbG9JbWVob3FjZGNhcHhncXJqbXVzZ2hheGJkand3TGNsd3VwcGdiamNqcGpzd29yem1xenN0eXNnY3pPbHJwZVZ3bWVpdXRqdW54ZHNqdGFudXdmc2l4cGVvbGRzbHhwZnF0eWJqZ2ZzYXJmZ25xYmJjbm9jdWVjbVlscHBkdWZtZndocGlwcnprZWlmeXJqaG9vamdyeG1jcGl2cWdoS3drZGd4aXR2a3ZqemdwY2JpeGZxd3NmZ2Rhc25oYWh0dnhjYWp1cGdmem54VmRoZnhtRnduZGp6aXV4bHZhcmlxbXFra1llZlhqcXV5amNzbW92cWtvbXJrb3FoZVVra2dveHhpbXhvd2JkdHJ3Y3dyVWFhYWNyY3FqenVuYWhiVWh6YnJ1dWh2d0hpcmVoUGVscXhldWNleXR2eWh5YW1xelp3aWx4bnJod3FuZHRuYm9vbmhobkFjanN4d3VsempEclNyY2RwcnhwbHFhcXBhZVRrc3BkbWhkbWN5dHpvanFYcGd0ZXRjcHBtanRzZm5tYXR1Z21laXNvRnVlbHRvQ2diaGxhaXNmd3NtbXdzb3Nsb3d3bWFtaWN0dWZzZGFtaFBPeHZpaWN4dHpocQ==;KDI2MykgODU2LTMzOTg=;814909.0
ZmhnSGpwbXRlbHJzcHRwb3d5bnBmYmZzcm1zZWlua251eGt0Y3R0Snpqa2FmbW1sa2N1VmR6Y2NpZW1xZ3d2cnhramFtY3VrdGVraWl1bW9kbnpnY2N2aGRvdmFpcG9jcHFycEZxYm11c3FmbWltdWdhaW9nbGhnaHRmb255dXJybElocW1lYXR5anB0d0Zub3hhdGNab3BxbmZ0YnhxY291enloZGRuU3JzcXVhZXRmeHF4ZHFzZmVqenp4c3RkdUhjbmJxYmh6RGZnZkllYXVic3Bpc3Zub3d2c3VvUmVndXR4b2FtTHRlcnR5aWtyc2lxTWh0bW9kcHR3QXdha2hidG1qcGt3d3lucGJjcnJLZW5kampPZnZ2aHprbnZmZGFoZXNucXJ4b3ZndmtlUWhsY3BleGFwam52RWN0dXhrcmFmeWV0eW91ZWNCbW9ldGRoenVsaGdpa2R2YmJqbWxvbWdlaXBqcmFobGdzZGtreG1uemZleHF3dWthcXpEeHJ6cm9ucnJhZ0RmcXhmeHNrYXlkdW5vampuZG5qeWRqeWhqdm50cHJlbmxxb3FuQ3NxdU5rYWRvaG1nb3lwcnNlZHFoa29qWmxycGl2YWVmYWluZ2pyZGFwbWNndWdiaHpzY3FucXF2cXZqZHhmdXRodGx0anlpa2t4eG5od2FtbnRmeGducmZ2c091bHBUb3p5bnRhZnV3YW9jRWZnZWljeHlldXZlYmR1cWdhdHdsbHdxYnlncHZoamR0emtqdXdheHFUZG1OcXJmcHdibGx6Z2ltbHB6bGhtbXB0U3VnaHNrTmxmYWlzcmZ5dGZyWWxlem9ydm54eG12bnJkZ3Nsa2N2QWlmbXVtTGJhZW51aGh6cGFrdXZtcm5lcXl2a3FxaXRqenRrcVdnbXN0Z3Vuc2VobXhtZmZ1bHF0ZWNudnlxdW15aHhkZEp3dml3dkZ6d3hlb2FpZWN5c2JmY2R0aWl6d2Z6b2NncXNtZGxkc2JlbmF6ZW56bHduZGpyYnJ5Y2V0cXRjcWF2aW9zdHVvZmFxZXV5cGlyYmFqbGNiaWF6cmlidWRreWxueXVtYnJ2cnVtZEtjeHVieXN3bmVvbGx6bXhjQW1ldGRIZGlqYmZ1Z2ZpbGk=;KDkzNCkgMjI0LTE4NjA=;94881.0
ZnNwemp4aWlteHZndk9zeXZQb3Zsd212Ymp1b3VxeWhmeW50cHprcUppY2Jqd3htanNycndocXdneG1ia2RyZ3p2b3dtU2hzd2V1ZWp0dnBUZXRpenlmRHNmaEtvZXB6eHhwa2ZlYU1ndmdlTmttanphZnFZcHdzcWZoZWZpbGNldW5nemR1ZmFteXVwbGxrbW94c3NpY25kYnBtYk1lbWtnZ2dwa2FhcHd0YWp0YWd5eHFhY1FvcGV6cnNsd3lsb294cWFzZ2pleHRtaGpoYWppZHBndWhLempZem5sanlvZXNpbHloemppc3pmY2J2Q2tueHFPYW52bHV3bWF0ZGx0eGh5UWRsV3Z5cHFrZmZhdW16a3ppb3ZydWRtY2d3bm92dnNvbnFKb1l5cnNoY0J4dXV6ZndhZm50bnZ5eGl1cnlwZHFtbGhia3psbGZvcndlbmR0Z3Bqcnp6dnBudmt0ZXFpZmV4cHRzbHVpaHlXc250dGJnbm5jdWRnY3FueGtibnh6enpPenZ6bnNlZHJKcnJ3WmJtbnNhYnJzdHFwbGJraW1lYnlnY29md3Y=;KDMxNikgODM4LTA2Njk=;387668.0
amZkam1leXFybWx5Y3F4dW50aWt6dXFybmV3ZHlEZmRhZHJ2eXJjbERzb2xvc3JqZ3l0dGF5emFya3B2Z2JmbXZndW5sbXZjYWxvaXllY2Jma3hub3d1eGFubWFjYmhrbnZkeGxycHVrd2d6VWd4d29ldHp5c3dubnRneXpyZnRzY2pycXZycnRiaFd3aGJyQXpwempidXN2ekFod3ZwbW94bGhDcmV5cmhvbGZTZ3JndWdydnJyZm56b2h4eGdoaXNicGFqeXNicHRjeGF3ZnN0aXd6c2x0aHFreHF0ekxja2VtY3dsdmFTd3dmZ3lyaHhma2dhcHZlbGR2bXRnbXluYnRnbW9udnFxZmxhdXJEY3l5cHZibnlpZ2p2ZHprcnJ2cXJvZXd4eENlaXh0YWR4dmpvc3RwemZ5ZHV4bXp1eWhnZGx5dnd3bWF1dmxnZHd5b3pYcmV3d25hc3BEcnpjbW55YXZieXV0b3F2eGVjd3F4YXlucnNnbWhqZXRuY2JxcHNtd2dqbkluZWN0bGhqdGllZ2ppcGpoamtsc3Rvbm5jeGpjV2pwdWhscnJseW9saG1pZXFod2Jpa2Nmbnhnb3l2YndqdkFpa3VxbWt4dnNxemJxdUd3bWlEc3hjc1R5a2h4Zm92ZGRqdkVwY3RiZ21xdGF6eXdXdHVuZHFycm1iZkNwbk9oYWRhZ3ZydW1haHpqbnV6eHlodnN0bHFzeW5PeWFRYmRseWJyd2J2dGdTZnBodm5ocWp1dnhjbnRwcm1taWdhcGlqZXp1a25OZXptbmN2anRpd3JjeGFzbXNuaHRoY2xLd29tbWJveGdldmJxc3Z4cGVoZ3NxdWpkYnVrdmd2cG5yeGx1ZmJialF2WndXaXJnY2dmc3pxaHNrYWppaG1xYW9wZnZ2aGlFa1BrY2txcHByYWd5d3l1cGNqdHhyaXZoaHN5bnpvYXh1ZnBydG9mbmtvd3lvZXdlY2xrQld5cXB1dGdqQnN4bHhzYm91Y2tsaXZhcWZxb2dyZnpVeHJoaWJ0aG13a3pwb2hhemdkb2JtbHJ4YXpldXZjYnNvZmR0aXBneWNRdmtvd3phY3Zsa2Rjc2RwYnF0aXRxVWNhcHh2eXFDa0d4YmFpbXhjZGRQanh6b3Bu;KDkxOSkgMzc5LTYxNzc=;865030.0
ZndBa3llTXFibXZpeXptaWVreGlnemhHeXJqaGZmeU95ZXh6a3Jyc3pzbXVqZ3Z3cmdwcWN0aGdkdGNqc2N3dnBkbm5zYWtyYm9weWRNd2l3aHNwcWt4bmVodnRpY3R6d3pzaHBnbGNzcWRhYWRuZnJzdnpra3RjaW1mY3FrZ25wdnRzeGJweHJpZWlXcWpxbXRyb2diZnVMZHN5bXJodHFuemt2d2JkYmpjZHB4Y2xxd3pmbVpqVGRqcG12bW15YnlqYmFsa2VuZmZ5eXhlcGhEeWVyc2tkd3VrdmtobWl0dnVlY3V3cml5Ynd4aWhoVm5IZXdodHp5RGJ2cUNkdmh2SG9uYmlpaXByaHBmbGxtdGR5ZnlmZ3pvZ2l6cXFlcnFRb3dkcG9iaXNmeWJ3eWt5cHRnZnljaXZ5a2dpZGp2b2h5YnV4amZ0cHZubmh5bWd3d1duanhxeml2eXFrbnZ0dmxweWR4Z3J2b3hlaHRqb3NveHBnbXp2ZXNzRW5jemd1ZWJjdXlIc254UndvTGJ2a3lqUWZibHFmZ2FjaGVyVGFadWRqa2xzeHlld29namtobXVwZHVCaXpra3Nxb3VpbXBvaGlCc3ZhcW9qa2Z4anJ6eWluZmt6aWp5ZHR1a3ltZmhtb2Vka0Zub2Zqcm1Nc2Z6YXh1dWlya3BibWtta2VyeXdpZnh1dmVjenl2eGxvTWJjdWVxdHN1emp0ZnR6cWd0Y3RwYWZwanFiaHNHbmt1aHF2d3Bndmdrd2VzcnhyamN2bHV5b3hqbHBvcnd0eGNXVURzeHR3aHp0ZnZ6b3hsR3RQb2VmQklEdXdrZ2VvaHBtbkl1Z3NmaXZ6dWlidXR6cXZiZXFubXJ6ZmhhYmZlaW10a3RveXpsbmJzYmVmdWFxc2xjdUVraGlsaGhkb3VreXRmZWxlY3JhbHNkb2ZsdWJpeElzYmlobWNwcmZxZG90ZWhjeXNDYWJ2ZHlhb3ZjdHhibGpqZXVmY3dyZXVoYm9jb3Z3anlvb3N2Z3ZxamlyYnRkenVqYWt4Z2JqR2ljdmZsdHBqdWJvdWNseG5kbmtmeWpzdnF1YmJidGRpYnp1dnZqYWlrdHF5eXVhcm93emlrYWd1bWx4eA==;KDAwMCkgMTUyLTgwNDg=;306714.0
cWl2b3R1cmN2bGZ5VWlvdG1odnF6aGZrb1RqbXV2Zm8=;KDk4MikgODc0LTY4NDg=;606271.0
eXZ4eGxwb2RlU25nZWJ0emRwaGJuc3F6eXFmc2ZreGl4aFdleHVqcGdocXRya0tsd252dHVraUJhcXNka2NxdWZseWxLeXFsa3FteGljbmhjdmlpenJyeWpjZmVvaHp6YlBqem1veXV4c2xhbGpubGdhdHhjZ3BvZ3Z6cXZheGVpa21tcGpsZXNyZG9zaWhRdXB3cHhzaHN6eWN5ZXBzdWZqeXJ3bGprd2hkZnJ4ck9lb2d2d3RiZlB3dXBsUm9pcWd1b2hndlVmeWdpbmt4eXJhb2x3b3R3bnVpZWZpc3NyalJhemxjam1oY2lidWVuYmpqY2RkbmxyZnN5cnhyc3N4bHR3Z3lvemVuY3l6cHBrbXd0dXV2ZWlrY3NtcGtyc0tYYmlrbHlhb2VybXdram14cXNmZ25pY29semFudnl4d3dianRocXBjb2t3c3JtaXJweWJHZ3BpaHRlc3BqR2lsYmV5ZXJwbWNsaHl3cWhieW50bHZxeXBjY25xZHltYmRxbnl5blZsaHFsanVlam53ZWh2YmJxTmptbnl0bmd6ZGhodmVwY2psTGxobm11YXB3enp3cHN2ZXN6bHlzeHFmeHVrZnB0b0JhY212bGJ1cG9wZ21wc2Z1b2txb2Nubm9tY3h0ZmVvZXVibGNlbmVpcm1lcmd6dXZheGN5YnFhZXJhb2lNYXN4cG1zb21oQmhkcmxsZnNvZXlzbmNranNnaXVyZWhyYXRsYnJ4d3VzdHJoZnl4YWlqeXJxaGxscHVqc2h4aHZicXFhYnFvcWNmaXp2eW9jb1VwdmNqcmtrYmJ5cXl5dXVMZ2l6aGdldXhwZHZjbGxkb2NhZHNtYmxlb3hpbmxmYUVveHBlV21JcGppamFyam1vd3l4dW5PVGVtaWN0amxzeHhqYmNuaWFtdHNnb2picG9pcmJvZG94anhva212aG11bWhiYmpVaXZjZmlucUV2cXNtcWZZdm5kZXpwZGhzemhrbGFlTHFibGxxZHRycmxza3NYYmhwaGl1dXRlaG93bHpseW5odG11aHRxaHB4d29lcHltbEpyZmFmam9mc3lub2d1VnF4dGZ1YnVwbGNhdHpwd2tzZmRnSmd0Y3VqemNldGVlcGJhenlud3Fkem9vY3B5end3Z2pqZnlybnBqY3hlZXh1aGFnZnlwZGtsbXJnY2tkYmF3c3llbm5ib0Vqd2h6b3Z5enNheHdwbXNudHZ0Z3p4aml5c3NwU2V3dHRlcW1wd3Rxalh3em5ubXJyZGVycnF5ZXVtdmNvZnpnbHZkcWJvYW5reU5qRHh5cHhkdXRhZWZvcXhncnhiYXF3VWhqa3NVdXRrV2FxbnFxc2p2cmNkbmNhZmVzbWVqa3BlYmZwYnNmenFrdWx6R3llb3ptZWl6bVpQcG9tbmJ1Y3Jacm5jcXFVamhseGtpenpwb2Vhdmpwdndud3JyeHJWZGZjTWJ4aHBqd3NpVGxoYnZoanRrem13bGJseGFoRm5qcmN0cmNrbGdoYnFhem1wcHFlaXdveGtvdG10aXN5cEltYnpjYXV0Z2FnaGd6bGRocnVubGN6Z2l1bHhxSG9ycnRqb21ybnh2eXZpdHB2Znl5d3B4dGpnd0htYmR0Y2RtaXBzcHNycmRzcW5sZ2lpbnd3bmVnamZ4cm94d2hvVHNsZ3ByeGR3dXdab25heWZ0Ynh2Z3Bub2NhamR5emVwZ21iYWJhYW1veWFqa3JscG92ZmFwcWFoZ25nZ29yclhydXFwZGV2dWlhbWVldHdkdGpyUWRncGxkeW1sZXFjdnVuc3h6YXdnb3B4Ymtmc3hwZGRoamJvaHd6ZFBydXF3cndycnJqZ3pCc1Z2bWhua3ppZ2N2aXp3dW5lZ2RicnpzZmZtYWhtbG9zcGhqa3BNZGtndHZtY2txWm5reGZydm5za2pwbW5lZmp2Zm5mdnVuYXlpcHZIZm5teXVMcnpnaXpud3dnc2R3aW9iaGJ6cGx6am5mZ2FidXdqdHZqRGhzZnl3b21yd3J3eGF4b2F6YnVleWttdGRya2FqY29oeW51b2Nqb25lemJxSmttWWdmanBnaW52cGFxYXloaGVxbmJreWdldWFmYXlrdHVNaHBrcmVva2lnaXh3eXFqY2d0Y2VvZGVsZm1kdVJZZFBtVHVrdHp3Ym94amNhenFQcmxiYm9uZmxvaUVib2FuTVlzcG5xdnZpbmFsa2ZpdXBVZGhoa2hveHBGaWpocG5wYWF0cWlJb2ptcXNSa2RscHpoZGhkcnR1bGp0Ym9yeGhnYmJjY2N0cXlmZG14d2FnZmpldmllbWRhZXZwa3ppY25kZG96eGNwdmtjanN1bmJhdHB5cHZ5aHlxakRnYnpzcU5tbGRhZG9wamNpc25pc21saHpyV2x5eUphdGZlbmt0c293bnhrbm1yemlseHZ0eW92Z2x0dURvemhzdGNhYW5pZnVlbmpjbXJ5d3J0WnFvZ3ZnZldhc3Rid3JzbGticHdqcHRnaHpjYnlweGlxcHVtZHZzb3Vjb2dleWpicHVxa3hobXR4cHhkZ2Jyb2xuc2ZiYmpiaXBycXhtbGl0dGRkZ2h4d293dGZrd2hsemVueW16YWxlanRrc3NubW5kZ2VxVXd1cGZpemtiZGxnb2Z6cWt5dGZpdmJoeGZmenFuc2Jrcml6bmhieXdvY3JjcHJiZnhrdWRnY3hrYW9hZmh6bnl5QXJhZ0ZMb2JjYnBqZGtrbGtzZGVjZXNjdW1vdHFoZmhobW5hcmFna3hobWV3ZWhyaGRtd2lsd2ZmcWJlcVBreWNna3hxa2dpcnZ2bW13b2p1Z3ZieHZjcWNtbHR3SHBtanZicGJ2a25yeWFpcUdlcWVWaWR5dGppdnVLbG5xc2NyY2p2d2Z4S3BrcHhjaHByenRvY3d6d2hlRnVheGZhdm1uYXJ1bGdjc2x5ZG93bnRuQXFjeXdycmp0eWh5bWpzeGpyZXBuZWZweXVmZHNicmt4eGtjYmNkbmJqbHRkdmdia3Jjc3JnYXd1bHZvdG1wbnRvSG9wcnNrdmd0d2pwb3NZenNtZG1zZGdudnFlenJ0eHF4emV0bGxkcHBsdkNpbXRqRlRqYmZicHphaWVBY3ZvbmdocnpwZGltYWtuZHFjY2xzZGtpU1ZyaHlmYmhveHFrb2VsbXNqYXNzbmVwbmRldndienJjd2pRdWFka3ptbXRxbGhkUWp3ZnRFeHRidGdwd3docWptcXZyZWFlaHVneWVmbHdna2xseUl5aHJ1cGRiaWNqZ2p5ZndhZWFseWJnYmJuc2dIanROenR1ZndJZHhSenZ3eHV6dElyb3dydHRkYXZnb3NnZHdyaXFlZ2ZtY2JjY2Nma0N0dGFtQnhqdW1PcFBudHZvb2t5dXlubXN1Y2FwYnFycHlocWNvZHl3eXFsZmh1amtteXpra3dnYnNWdW9mdnhjZHlkdGR2eW16Z3VzZHdzemZwdkhzaXZsdWNrYmNlZW5sbXp4eWV3a2Jhd2xkbmt5ZWV4c2Rjam1ld2R6em9qaHF5c0tmZGVoaXY=;KDMxOCkgNzc3LTI5MTk=;531803.0
c2phdHlod3B0d1RyYWdxb3hncnFybGFvZGp6emR5d0hla2xrZG5nQmpzZUNqcXdwZmtxa2pmQm1pYXJ6ZHBvanN6cHlrZmx1bGxOZnhnaGZnb2pHbHNjZHl3ZmRhY3Z1dnFtSmhlYW9uampGdnFud3JsdmRoa2xicHRpY2ZndGlyeWhsamdvYmJ2d2JWZ2VxbGhjdHRkcGpvZW5reWl6eHRpeXh6Y2ZxdmdiZnJwZ2NUZmVhd2hqbWVqeGRvbmd4ZFB6bGphWmxqa2N2bnhGc2Rvc3FiZnV0Y3V2dnNTZGFtcndXYnRkanpuTXhvb3dBanlmeGlkZ3ZodGJxc3doendla3BleldpZ29vY2VubnVlcnp4cXdhcWx2Z3Jyd2VuZXZ6YmNjd251emlrcmV2Y21wZGNjdWZraWZodGlxY3BhYWxicGhzTXRuaXllbGhiSXNVZnR2dGFna3V0Z2lianBlbXp3bG9ub3ZsY2F3Z2lxYXpyYWpwem1jeGxsaWNobmlhZHVkZ2hlbW1xZHhkdWRhZmpldW92dGF1ZWRqdHBqZnhtcXlveUhrcnpnYndBeWt5cGFvZXJiYnFla3poYnJtZHNrdmlnam9uYUNoa2xzZXp4YlhibWdkamhkb3Fka3RubGlpc3dpeWJheWJsa3ZubmVyZXpqZFByaHhwdGdhcnF1YXRrc2x4ekRtZGdqcWp6anlucHdZZERwb29sc2pkaHJvdGdnd29ya2VyaHBhYnpoZGVyZ3hjdGhieXRycml0cmdqYmpsdW5iWmxqenppZmpydXB6ZHptcXlxb2ZzeHp6emhrdkVleWZJa2xmeHRRc3J0aWdldGFvam1haWpubm52eXFya1JvbXdtaHhyUHp6emVmWXJkcnFwbGphY2h2Z2FyZ3lqZmtqZGxhcnJnamp3Z2N6eG5vam1YcGd2YmtxcHpub3l0endvd3FzeHRPSHR5amJhZm1qaG9ubGptdWl1ZXl2ZWxqb3Vjdm94c2hqeHVwbGh2a2tvYnZwbG16b3F2dGFkdXJzbWhqdmJoc2Z4d3RsYmdrcXZrcXRwR2d3ZXphT3R6bmVtZHJuaWthbGxjd2lrYmlqeG1qdnZRZXFhenR2am5vVWR0bHR3ZmpseHFkc2x6dWNmY252eW15bHZjb2tjb29vbGxqaXRkaWpmZHBqdmtMbG50b2Z4UG54YXpmeHZteGd6ZW1ieGVwcmJSeHJpd2lid2psdGp6ZmhkdmVvUm5vd3pibGRmZHh3Ym93YnFqeml3Z3N3Ymd1eEhvb3pwbnBieE1wZ3dnY3hnbHN6b3FhVmFyYnZpeG51YXVxd2pmZGJhbmFxYnhrbGNweXh3Zmtuampxa3FsYW1iamthaG5kYW9hZmhqUXRwYXpvenBrcmphcWtydWlpcmlya2Zjdmtib3B6d3hmSnFha2VybG90ZXlkanNrcmpjZHlwamxrd3dhZWhmcXRsdHJibHZzbXF2bmdyc3RydWNuWnF6Zndqa2JmcWxkc2Rnc2JqYW9hdWt3aXlib2x1d3FsZ2lhcWp0bmRmcGV4c2NsaHd1eWducGhhaG92ZWl0Y3N2aXJ5eGl3bWd3dGNhYnVpem5kd25ka3ZueGhyc3BhcGZzYWRmcXJwcGx5aHhpcXdudW9tcHljZ3l6d2RvYkl4anVnZWZuaWJkeHJhb3RqdWxiYnRzYWViYnNuZ3BBbnpoWWx0dHB3bGpsbG9pdmhvcG1zYW13bHJqeWdlcHlxemJ5c3BmbGN4ZHV0S2FJZnZna2V6bHV1ZmR6cmZ0eWlNZWNoaG9xaWZpYmVjZnVtaXVseldyeXp5dWp1ZGhjdHR5RHZyRmxvcHVmYmV3eXNxZXdoZ2hncmhieHFxbG1wdWRkcGNzYmN4cGphWWtxaGVyd2VnYXV3a3lzZXVzeXdscW5menZpSHlpYWt3d2ppandzeXNzbnFmd3lmbnlhaHJTZG1RZ1JqcFZxc2VwaHhXY3Rsc3J1ZHh2bnN4ZXd5cmhvemp2ZG9zYmluc2F4dXRteWdyeGdobmprcWd6bG9ocnJ4YWh5d2NIeXB6YnF3b3JqTWtvdGV6b3p5aml1YXlyeXZZc3lkemNvamlmbW1taXV0c2h1cndkdnpwdmNkdXh3aWFvbWpvenJpcGhKdXBtYVF3dGJmdXV4YmJFVHBtcndWcnV2bnd4Y294cnBrWnZlQkpwZmNydXhlZGlsTGRmenpGcHFpeHBVdHp6a2xkZ3d2RWNjd2R5ZGZjd3h3YWptdHJzaXhpZUhuc2hpZXZtcGxoZGlrZWFlc3VxdWJ6cml3bWlwa2pzYWhncmpmdWdjcWJwaG5nU3h4U3JIZ2V1Ym93Y2hld2loeXZ1eWl5c3ZsaHlldmZzZ2J1cWFnb2V3cWJxamVubmJ1Y3dwb295YW95bHlNa2t3dG1yYmp1bmdsYWhueHpzZ2xzbG9qcnZTaHF2RnVudWZhdW5yaHNvcnF1bGpsbGVjZm5iaG16b25kbWNycnhnZGJjaWt1enlvQW5yeXJyZ2F4cGNnaVZxdndsb2tvdGhiZ2JmY2pxeG1kd295dXh2d2xvcGNtaG5wQ2N3Y2VxZ2Zzd2x2c3dkb2Z0Y25qcWdnaW9hdmRqc2lpamd3cHp2bmtwenBna3JqZGRhaW9venJ0YnVnZHVpenloZGxoZGRlcXllb2VtaXF2a2hrb2JocnVvY2pvYkhlanl6amZlc2xsbGVtb2JmdHRnc095dXRsdGdhdm9iaWNqcWtveGtwbGtrUXp1VGlvcnp5eHdlbWlnbmNjY2phYmFEd3NoanJ3YXBhcXBnc2t5aGxxZGpoc3J4aml4a3JvdWRyaXJqZmJmdnRzYnJjcWp1bEp4ZmVqcGhieGZ3Z29XTnl0bGZqbG10cU14cHRneGZUYWVmbFZxcnpwZGtpemJweXd1YWphenN2T2Z4c2ZqZ3d6cWdhcXRtaG56c2N4b2d1aVh3Z2d4bHN6eWJ3dHliYmt1aWtmZ2luaGd6aHB2d3FubWdzamt5R2lnd3VpeXhhamJ4d2FqeEVoaGRweGJmd3BTTnVubXBjcGhtZW10cmZkbWp6Y3VucXFzcXJ2bmhyZGtxc2hhZWx2a2tyZnhlYmxhdHNhdXBmeG92dm9udHpHZHRuZ3V6c2Q=;KDMyNSkgMTExLTc0MDM=;283875.0
ZGprUG9tU295a2l0bmNxZXlzYnFneG5rbGxvbmhhcmxwaUdpZWZsc2NtcGxycGRtb2pscmJwZnBtaGd4eXV0eXRDemR2Y29pZHFrZHJoaHFqaHFjRWRsY2xkc2V2Q3p3cmttZ3huemNqYWxwZXhyYXNyamN0bHp4dHBzZGhmeGZwdGlnVGtsd2dlaHZxbGJndmd6ZmJlZ3VXdGNrdGZmdG9kZmhleWt0eXBvYXp5Y3dlc2FXcGVvaHp4eWJ2eWdTZ2RudmxmY2F6dnZpcGJnanhlbHZ4bXZnZGt3ZWtqcmJqbGV0bXF1d2FzaXlpc3Vhd254aXhocXl3UmhzbWpjeGhqaVRyY2pmaWJndXpiUXZrbWp6bXFyZG9qenFzbG5menpxZ3RxdnV2dW9tZWN5ZHBhdnBWZWJlbW10Z3dwY3REdmFqeGd3aXJyZnlmb2R1aWhpZXZibXRydWl2YWJvZGJub2NrZ2pkY291cXBtSm5jdGd3aGtlZGxzZ2h4dWZudWhwaXZuendhcGVYbGFmdXRjeGJqY3lid3dwcHdsZnRpem5iaWJ4ZWlsaHNkY3pmdHhyaWZsbkxlc3ZlcHhuY29Od21sd2d0YUZuYmJ5a2x0cXNtaWZ3YXNnb2trdm5taWdnc2hkY2J0aG9uanh5bXZobGhneHhockF2bHVxcmtwYmh6dGJvdGh6Y2lneXFmYmVibnFycWh6YW5ld3Z5eWdrYnV4c3ZlYml1Y2x0Z2d3ZGtvdHRvZmZodWx4cHZ3c2hmYWhwZkNnZGJtb3FoaGd2alZ4bnFoTGp1d2xlb3pzZGF2dWZqZGRqbGRna3FjZnFtTXdtYXZhd29od3F1cnR6aWhmeGZ6em12a3BqbGRoY2xteWpoVXNjcWVncWFxeGdocXdsblRtZHJwd0tmYXZubHRsY2NzYW13dXVwa25vam93Y2d3bHRsZ3NudG1vbXVpbmJrZHdta29haHZubndneG9LZ0NkbHNZaXV6em1jcmdqaVZyc2JqYXl6b3JpYWdka2Jqc2NrYlV3SnRwaWJ0eGVid2t1cGhpaW95QnVweGdrenh0Y3BtbW9idGRxdWttdWR5andieGZsaXFyY21zZWdta2h5bHhpZm51dnF2a3lndHh3dmxpaXBjbmVseml3Y3JtZ2NmdWR5emtwend4Y292anJEdmlNeml5dXV6cGdkbGpnYW1zc2NwaWpra1NuY2lzb2tsZnR2bXNjc2l6cW96ZWtibmF4Y2dyemZpYnBXZ2R4eHdCZGN2bmN3c2d2ZWhmeWF4cnplb3NKc2Fscm5ldWx3dnhwem1vZnJudGxyYndsa2VldWRqc2p3cXRqaGdjbHdvdUpreHpoampsamtseWVrdmRuZnB2aG5ndWxhYXFqY3V4ZWJjanpuZ2VyaXB5Z2VRTXFwaXdvYnhzc2p5Z2hybWVjT3V6dmxucWNyYXd6YXFhbGlvd2FlZXh0Y3NnUGN5cXZoa2xiY3RxaWVwenZpeHpOaXRmZWp2bmtnb252Zmp4bm5wZ3Z2ZXRxZnh1Q2NLZnV6Y2ZqaHd3dmFwcHluaHFzcWRua2plb3pNa29idHduY2diZHhqendqbHFnR3B3a2FsaGh3ZW9jZGtvRkdkcXdmd2JoZmhyZ2tzZ2VvYmpqSWVzbUFmb2ptaGJkeXd0bWNleWJtUmNyYW10ZGd1Y2FGcnh4VGF0eXp5cWN3YnhqaHNwYXhkd2hPeXFrZ3dCbm1vam9pb2JrYnh2cnRwdnZtaWJsY294ZnhsYmJvcnB3eWluZHdpeWFubXJibG9nc28=;KDgzMSkgNzA0LTgyODY=;185883.0
Z3FwbHFteXhpcnRyaWxpenRqaG5hcG1zRHhmeGZ1eXViZXR2Z3lDemtlbXlxdHpqYnVqa25wdW9ucGdhZnVlbm1jdGlqZ2NmbnZ6eHB1d3V1VW9vYnVrZ3ZwcmF1dk5iYlRpaGVmcXBGc2p2b3F3b2xuc3d4d2ptb3dueHdvYmdsdmxjenZncmtqZXppYUlpYWRjbG93c3NkZXVlbWh5b3R5eWxwdmlyZ3lqbnd4dEd1aHNnbWh3eHJ5aE9iZER3aHd4aXRxdmlvaGN1eWNqZGZ0cmpiamxxYnFpemJocXJtaHp0empiY3hhY0tjcXRoeWRqbmdibXB2aGxrZ3BocnJnc2FmcnBpaWNlcHR1eHdkeHFrZ2h3YmZrZGthcnB0dmtjbHd1eHd2dW5keGRKYnh0aWNzeGlzbnRoeHF3a3ZvdUR0b2NzZHJuaXN3bm91aXplZnZ2cG5vZGhpa2FybXNpbWN3eG9yaWlzampLbXZnZGRtcmduaWhkZHNscGFsampubnBvYnd4cmtreWp3aXF1endjYUx5dW9ZZ25zeW94WWpjY255Z295dmh6T2p6ZXV5Y2h3c2xrcWdzdG5kY2lib2t0enh1bWJqbmRrbWdnbXhmc3BqZm55Y3R6bnpyeGNkeWFhZnJsbXNhZG9yY3B5cnp5YmltcHV2ZHRramZ4dG9vZmRxd25sZHF2bHVybmlxaG9nc2RieGVib3FvbmNja3lwcmZ1YWxpcHdvc3ZqY2xyY2J6dXl3ZW5tZXl2aGdka2FtaW15dG5lYnF5em5sYWhncG1ycWRsYXZqanhubGluZ3F4dnBmTWRxZWVybHl1Y2RmY2xhbmprZ2VkZkZydGl0Z3pneGdzbGJ5cmtwUmViZWZHZnh2a293ZG9waXFtZnVvbWh4cWFJdmV4enZ5ZW1hY3F5ZmRibXZvbW11dGNrd2ZwS3NxZmNjcGxxeWV4eWFnZWNtbndxand5b2ZxaGZyYXRta2pnWmlxYXNhdG1kcnFpd09qaHpxaHJjbXhvb3duckdjZXdUZXRkdXNlYXpkY2NvYnFCZWtoS21ha2FLYnJPc2FtZWplcmpqaGVrdXRpZXB5cmxna2xoc2xteWhnbnlkeGplcWVtY2d0cnlvcXdkYWxvdXV6cHd3bWFldWJ3cnNva2d4enliamFsdXlieWpkdmd1aWJ0eW9YdHdoa21qeWlxdWloZXZnZXlGdHV5cHJ5ZGtZenJpcmVkcGZ3d3FpdHNvUnhlaWhnSmFmaGp4ckp1bXloZGpxenpibWRidG1pZERob3JzenV1Z3dicHFlemNlaXZnZ2RSZWNzdmJ0aXBjTHNrbER4bnVpbW1oZWp2dGF6SXByS1J6eHhtcmJzZ0F3eGFqbWFnb2xtemZ1cHluY2d6a2tlempudGVOc2t0Z3JqZnVnbHJlc2tldXN4dG1vYmhwZXR6aHJUa3BiZmJqemhVam91cW90YXZvZm1qcmZkd2Nud3NiaEpleHJqYnRnbm5ubmpjZkJ5ZFpoYXF3dGxxdE1rZ0ZsY3poZWl6YWl3dW5QbVZvWXB3YnRmbmV5d3FzaWxtZWx1ekdid3Z1ZWxxZGFMbXJqcnN4ZnNremRqdVJzbXJleHJoZ3dqbXBncW5zZGp1SHR4aGxhZGNpRWZ5aGR3c3NuaGxzcm9jdXNic2x2Z3J4YnVtZm1DSW1yd3lmaGVyYWpncnBwZnlsdG9jdXFsamhodWhRc2VscHN5d2djd2liZmdqcWF5bWplZWFnY2JtaXpucHhyaHZ1a2hlc2VxYnBuYmhnd3Voc3diVmN6dWdibG5xZnh5bWtvZGxlem1oZWpEZXhwb3N1Y29wY2ZzZGNuaWxqcXZpamhic3NjbXlzdWVtYWJiaWJpY3Fib2Z3d3dsemx3cW9ickl2R2Z6UnNtcXRucGJLd2F3YWFwU2RoeW1jaXN5Z3NyZXJwcHJ1bGlwZHdrend5dHhlanhld2xjbmthcE9lamVHaWF2andrRGh2bm1qcXVwc2NydGJucmtpeXp5ZXBibGd4eHphZ3l0aHZicnF2YWR0cnhtdFJ6dmlla1p2Ynd4a21yZXJ4a214dG1nZGFZem5hdHRiRHNuZnRydHl5U3VianhmbEhKT1FXYXVyYnFtYXJ2d2FhdHNzcGpta3J5dnlrZGloYnlkcmh0cnhvb3Fwa2lsdmxmdnNwZ25QZGtzY254dGh6bnVubWNtYW9mbHlrWW94aHBycFZhRnVJbGNzdnl4amd6dWlydWh3dnR4dGNtZHd3Z2JxYmF1ZmhoanplaGh5Y25yaHFvb3ZubXBndW55cGl4bXl3aHhwZmpkbHh6cWhwZm9kYmhsZmFleHRraXpteWl6cXNncnhxY2xlZnRoemNpbGt1aWJjS3liZXlrb2NqcG12ZXlqaW1qb25zaGlldHp4ZHhraml3aXd5d2ltcmx2aWl3WHRraWhKdndqeW5lanV1cW9ldmthendxZ2hldHpiampteWVyZGRTbWRjaWxtaXpkZXVvanBnbGljcHFleWVpZ2NqdHJleHhucWxyY3BjZ3JhdG5sdEN4aGZqeXF1dWJnZXdla3JsZHh5dkx2dGhuaG15c0hveWJqYnFqcXB3dHdndXZkYmRkd2hlbWl2emdvdHN2bXZsa25ld2JiZkx4ZnBiZGRjZnhtbGxrYXh1Z3dkenljdGFvdW94bXFlZWpuY1pieGh4YmRlaGF2TWx3ZXhkdm9zcWljdGlzbWNmdGVrZHJ3bHRiYUpseXpvd2JneHlNeWNIeHlxbnFwYW13c2NrbWNwdWl1Y29zenlCaXZpa3Fta2Z1bnR1eHFsdWt3aHJid2d5eHhsbHJvbW9keHZqbWZoZnRwb3dtc0ZteWN5bnZ5dWRmdW9iV2VudmRpeWJ2eHBhenZhaENzcWh5c2lJb2htdHBvaGdjem5wb3lzdXlSdW1oZGd3cG9zbW5RbmJvYmNvY2JzY2NzWHdHc1J4cGp1bXFieGR0eHJnZVltbnl1cHdtamZxcGFrenBjd2Vtem5kaUh3ZnF2aWdxSGpjYWp2eGhzb3Bka2Zka2Nwc3Jsa3JkbHl3YW9pY3h5aW1yZ2JmbXhvYXJ6ampxcW95YXdlZWprcnhtbWpsanJxbGJmanN3b3lLeXZ0TG13aXR4U3pscnd1anp3aHdnUW92Y3NtYnZ2b0Vla2pkY2lnZm93bWZxaHluZW1qcWhhZG16bnprenV4am1udWRsZWo=;KDYyNSkgNDAzLTIwMTM=;98424.0
cGF5am5ucmd3aWZueXJmdWh4amFzZW53bHJ2ZWJyamx3WGdPeGVnbWR3cmNzZWhxdnpnekhldHR4aG1xY2R4bm9xeENqc3ZqdW1kZWFzYWd6eGlscmhqcmZma3hqT2Vsc2x2YmhxeWFlYXNuYml5cG9panBpcm96b3l1YnluemN1b3BheXFNRXR0cHd5aHpyaWpkZWplcGtqcGhEb2hzcG1weWNuc25wb2ZpZWttcGdzcWd2bWRjanZwdHFtanF0bmNpcWx3cnltYm9rdWRrZHdvb2JtcmtiempiZm96dm1zdm1tZm14eGZzcW15Z3pvWEZuYmd2dHVpdXF2dGFzdmN0cnduUkhyZmd1cWphYWRid3RLcm1kcG5wZXBxeGFvbndxbW51Ynpqc3pzamdld3R3bG9ia2xkbmtEcnVwVmR0bWZwZG1ocHR4ZGNleG15ZHJ0ZHp1eWlxd3VsenFsYWRidXZsaXZjbGJ4aGJ2bGlnb2NmYXFoZHFtcW9sd3V1enJ3ZnpxYXFvdGljdHNqZGJ6blpsZHRuZnR2dXdodGlmZ2NyZGh0eGV1eXNxamNhVmxqa2tndHFoZnptbnNvcWFid3J6Z3Zyc3JieGRmZW93cW12bGV6bXp6ZGprYmhkY2h4Y2F3Ym1nbWt6b2RnbkVwZm9vY3FteGVhRmt3ZWplYWN4bW5HdWpkcXRndXRyaGNTanZxcmVjdGNjcXRNaG1KcXZ1aWxndkxxbWx2dW1ja2lqc2hnZHhldk5teWZidnZueGJsamFtdnl4eWFqb2hrbmRrZ2l6anFxdXl2em1sa3J4bm53UGdzTnBiZHlnaHNoYWRhcGVoemRxem1CeWx2dnl1Yk9jYXVoaldvdW1wa3RibXV0enpjdGt5d21mZWVocGtTbnNhcnRham54dmNvbnVnZG1lc3NnanhlYXliaHFydWdnbGFoZnNlcXpzamFyYXFkZGp2YnRWZXhyaFBubG5nZHJudm5lZHB5a3JkendyYnJlZ3NpeWpjdGxnZ2h5Ynp2aWFBamhraGdTeGl6cGxycGllbGNvampucmtudGZhakRlaGdhZ29scGxkeWZpc29rZFZrdGdjc2FwaGZseHVtb3ZpdmhidW5mb3BjdXZRb2JZbkZ2aG9tbGdwd25zbHJhdk1iYm9laW5ud25mamN0aVJMYm95VWZjdHNsbHFmaHNpaHh1ZnRpaW10YWJxb2V5amRvamlobGhmYWVybm51d2llYXhjZWNycXFmbHRYR3J1eUJuZG9veHBhbWtmeXdzeW5jY1VpbGRkZ2toeWh4c3RyeWRzc3Fvc2N0dm1nWmNvbndxcnZqZ0VheHR3YUplcm5lb2V1dU9oYmhpbnhod3Z3cW9ybm1nYXJxcG1yYXBmdnpscXRlbmh5dWFobUlienprdmdua1Faa3FoZGRqcnVtZEdmb3lrcmt6Z252cWx1Y2dzZWJydUh5dHJYemtoeHJ5WXZhZGljcmh1eXR5dGJ1ZXdoZnNsdnZyZHR2dGFpbkZxZW5qbGdzcXRlbHFhY2puckh3aWVoYmpxUHFkbGNzbnFnZVp6a2F5a2dzb2NheHV0YW1tZHNwaGV3ZmZ3cXRsc29zcWFwdkJjVGthZndmbFFoRGF4WGFlZXRlc3Z5ZGprSXByYWdmdmlkbWN5YnNvY3lpUXprYWRkZ1R4emN5bHdqY3ZoY2NobnB1amRsYnJud255VGh4anV4cGN4ZWRjcHRndWVsaWx3dWlheWVQd3JsdGFwb2VrbnV3eG5yc3JhaW95ek1nbWhocGNoZWloaGdmVmthdWJseHhCeGJ1enplemVjbHF0a3hudnlxd3pqQ0NnbHRvcnJ3TWVXZGV3eWZjd2JxZHVDZWVhVWdkcnR2Zm9xTG5saGZ1YXZvcmtDYXp6eHJ3b0dzbm1nbHF1ZW55Znp3eWZ5eHllaXdvYXJudGdrbnRxeHl2dXhqcWRXdnVhdmdtZXpocndkbXNoYnRkeHpzZ3h6YWpqaGJxdXBiYW9qZGRtd1ZzdXZxa3BJb0luanFqdG5hbWd0YXhjZ3lOcGtwY2xpa2JoY21yYWFramt3dGxpYWJqcGthbmJ6ZHJoZnZwa2twYm9rb3h1Y3RuTXhzbnBzbGVsc2ZwZmJrZm1yam9lZHdwR2JQa2d4cG5hb2lkWGFrc3J3bGJ2aWNsaGR5dGhqeGF2am9jeEhtaGtvbWFwbWFnZG5lbGFvcnh1aHNtVHpjdnJscGtrd2ZyY2h3cGlvcXRucmJsb3ZzdnlhbG5xaWRzY2ZkdXlqb3V5blpnZ2p3amxhdnJoR2plcmRuaWJhYnZxbHl4am5Ua2VvcWF5Y3NnVGxnY2VhZmloa3pDeW5oZ3J4aWF2Zndnamx5Z25ldUJlc2Fld21zaWdjd3RVZnNpbHNja2Jmd0lmem5zbGNqZWtCZmJ3aHhkRmpocnVsdG1xdWlRaXJ2dnFveWVwdmN6anZveWtqeXN1aWx6bkVhVnNxZW11d3dx;KDY2NykgMzk4LTA1MzM=;<!NULL!>
eXVIaW10d2VxbHZud3p1b2hnRWJvZ25jdHFpeWZvaXp4ZW5ibWRreWZlbmhzaHdoRXVqc3ZyYWRuc255cG9penpycGt4emNubmd2dGhkdGd0Ym9ub2xqcXh1b0ljdHJoc2xoeXhkb25pb2dpZmJremJ4dHRvbXJlY3JPa3VvcXVrd3ZiaUF2aG9mcm9WaHV4Zm1wYXNtd215dG9GbXlrb29ydHVqZWp4SnRldGp4bHRjY3hhcWh2Y3loaGVhcUt6bXJra1hpdHlqbnNxd2lnbnNuZ2NicXlybmNicHVqeHdtc2RtcGR2aXV0Z2hkbGxiQWd2d3dzaGZidGp2dXh1ZG5EeW9yYmRwemdwY2JmZGx6c3V6bnJnZGx2Y2N4ZmhuS3RhcGd2Z2t0am91dGR6YXlveHZiaG1KZXZzd2J4endlcGluZGpVcG1mam1rbnhyZXV1eHJtZHV0cWJmbWt4cVpzbGZhaGlkZ3BsdHN1QmdrdXZnaG9scWNyd3pybHR3a2dZaHpnam1kamVodGdqS2V1Y2h3ZGV4eGZnamtodmNrZHJrYWd4aHR6aHRxZGp0Y2l1ZG9xanJtbWdtZXZia29ubXFlbm1kcGRaaHVCbnVmbXdqSHBydHZwY2xsa2ZjaXNpb3Z1cmNxeWRpamh4c2N4Z2FsdnNtamRwcXlvd2ZhanZxeW14dmJvSmVzYWxwandlZndqaXNkdHpub2VwYmt6dmFnZ2ZkeXB5Y2d0bnJ1d3ZsZ2JxZW1zbGJpcnFob2JvcHNjdXhNc3VlZmdvc2FzZm9icGprY3NxaVpvb3FyYnBZcnV2c3hzYnp6ZG5obG5vdWt3dWNjZHVucnhmZWlpYWFwZHN5enh0ZGRidXB0d2RqenVldG1ibmRoZmhodnh3ZmNveFN0YXVldmNlck53Ym94cWhnZlN1bnZkbHZoaGh2ZW56a2plbnJmcmR5dmtCeHJ3eW1hTUdha3Fqemtwa3RpbHNtcW5wdmRqYnNtaGFubUV2dGJudGJweXVscGx2a3hjb3ptY2pwamJ4dWZ4aGdybXdwSGNtb3BrbHVlcWF3YmV0enRoaWNldG5sdmVmTmFsemxncm15a2J2cnlva2ZleGdmeGFyemtya3Vqd0FwY1hOYmZjZ2VvYXVwZGNqam16ZHhpaHlwdHJpcGRsZHVRdXd0dWR4YWJveWZneGJib29TaWV1bm10Z2lyZ2xjZGxrZ3NwZXNjd21pZw==;KDEzMCkgMzIyLTQ5MTM=;599624.0
Y21xZ2d4ZGFrc3JhZGR5a2FsanNBYXhtcmNmblJrcnZhcm9zb0F0emFxZmh6eGlocGxwZXF5ZmRmdHVzZm5sampybmdvanpkcW9pdHdleVFnbGx2anphclBqcnhxeGh2ZGRwYmxzb3JpdmRHSnlTZ2Rud25lc253ZWJmem9taWhpdWhjbmZsb2dya2Njemd5dWpkY2J1bmtudnR2cmp0ZXRqemdic3Nla0poeGF2dmFiTXV6ZHJWYmJqb3RqYlVvU2RtcmVjZXp5bXJhY2N4aHJrWW1MbHJ5b3B3bWtoamluenlmam16am1zdWJkenNlcGRvamN4eW9zU2huc2J0Ym5lU25xZHZjb3JucGpicGFvaXBxY3hwcW92eHdwZXBiZ1Vva3NheHFnc2NvZWZsbklCbWZ3c2x3bnJqZmhndnJ6ZGNyZHl5Z2dmemxzendoZWZyd2ltb2VxdXdlYnJib3lod3hnaGZhaW95U3h6bHJyaHdsZnl1ZW5yaWZpc3lsZWx2cW5reXNxdWJObnlhbmFOZmRlam50cnBVUnZzdndyY2V1aXlrdmtibW1zbm1vaW5zcGJzeXRieW5rYnZxbXptcW9id2J3dGhoaVNzZXZra25vc2Vwenh6Z2t5aWJzdXRnbm9yZm5raWh1eFBvZWxocGlmdnlkbW1pc2VlenpqbGd5bmV1aUh3bm53cWJjZ2dkZmZhb2ZtZ2ppcHhubXlhanVvb2poY3B6ZWVybWpka3Bta3dsZ2l2ZGhqcHhoYnpxdHhoYnZob2lTcHdmb2NmcmRzbWpzc3hicGlna2hna3RnUHJ1dUptaGxhZ3JPcXd4amNkUnFkcXdwcmZkd21qcXJqanJucEpvYW11ZU1iZmtxdnp5bG9ueW9mbGN3dWFkb3BodWN2WWFmd3lmTWd5b2dqcmhydEx2YWNjYnZ0c2VjeHJnaHltbnh2aWtuYXFidWNpY3JwZ25tZHNoc3B6dGRya29iZHFwbnBlZ2NhYnp2d29qaXF0cHltcHpnYWVubXFzZHltbGJkUWVkYWpwdmlmY2pia2t2dG14aHhuYnN1SnJwbmprcW96dnNhY2t2aHR1dnZyZ3NyaGJuYWpoemtpc2hld3l3cWRidW9va2p3d2ZmaktoeWFoWnF2emhicHhiZG9ubnFybVFuR2Zjc3hpYWNjYklsaGx1dGt2cHVjdGZ0eGFoYXB1ZmN4ZGljZmVrY3RvY2Z6amVuamlydGZ2bnpvZnN5ZGhxZ3Z1b3ZndnpzeWVkb3JoZUZtb3Zmb3B3dmtnc2NuaHR2bWhvbkxnb21odmx3dmFtaHZzaW1hbWFkanNuYWtscnN5cWptYnp4aWx2Y2N1cmZzZ3Zld3FrbnR0aWlsZGF4cktraGJueHN0bGZ3YmdyaHBvcWpua3VqY25ycHBvb2Z3dW5oeGdrZXdxemNzZW92cmhkaWJ6Z3d4bWF3UndrYnRzZHd2dnVmeWJpc29tdlJpcXNxeWtudGVrbGFtZXZ4empxcnJseHZscHRtaG5odXZleXdneHV2bndIcGpscFVpYnN6aWNhc3Zha295dGJ4dXdjRXZzdmdxakJBZnR0Y2hiY3Bpa2Rpd3ZubWJxekptc2dkaXV1ZXlta1lsaG52SW5VaWpvYWtuZWZnWm92RmNxb2RzcWJncHVyeHVqanRnc2lQdWZ4Zm5sd2Z3ZWl1b2xnZWhiZm1lZnRyVXRyeGJ3anRjeW9obHJ2SWZyYXp2VWFxaGhmZVJ3SWVjeHRFeWVncHhkaXJqdXZiaGxnZHpsbXlrenpnd3pkaHRiSGNjZHV0dnpidE9va2Fxc2RmaXBBeHV3Y3JkeHd6ZHJiZmllbWJ6cWxudmNiVHNnYXh1cmtsbkpsc3p2dWRleG94Z3VjdGpoYnphanFzZk5hdmZscHFweGp2eXlhaWd6cHp5d3RsZGptem5wcXJqaG15em53ZW9pZHpwZ2hvd2xkWnR1dG1IYXF4Y2Npa2xRYnppem1hZ2NuZmhzYk1XbmRnVXN0VHl0cXppZVFpdFFkd3Fvc294b212dGZsaWxmYXNrTnNzendpbHVseG55dndsb2JzeWhsZGFLYmJrZXVGZHJoYnV6bmJ6amdmdnV5bWJodW9qeHp5bnVxb2NmcGZlc3RSY3B4ZE11aXFyZ2ZoZ29panR0b21ycEZrcm92YWdsdXlsaXVzeGpwZ2FpbnN5ZmJ0Y3V5dmlzcHFhckd4aWxwanJuYmtybHJvdHJ3c2lwaHJsZ3h3aGZieU56d2puYWFpeEFzd3R1Y3ZnbXZrdXl4Q3dseXF0Z3NyZ3BuRXBjZmNsbmlrZXZsdW9mZmRwb3BjZm9kZ3ZmcnB2ZGx3b2x3eWVybHRzeWJXYWpmYnZzZ3dsZ2NiZnJjZnl6aW5sV2N4ZHJzZXdsaXVxZGVmZ3R6Z2tld3doY2hEZ2Zkcm5pemJqZE5tdGtWemJwd2ZzaUt4a3VvcHp5b2ZlZmFveXVucGdwanpseVBzeVhnYnRlbW5memdubXZ3b2psbnNueXN5WGhqbW5xY3VCZW51a2ljenRpbWJmT3Z4aHBmYmR4YnR5bG9xcWJubnJseGNzeGVkbWFmbG52dnBid3JpbXNreGdqdGlpYWxhb2xrbnBwZ29hbGp6aHNraGlpc3Z6bHhnZ21renVsZ21Md2xxZGtiZHFrbmVzZ3F0Z2dpc2Vnd3Via2ZiTGprZ3NheHJUamx6bGptbXVuaG56dGFpYmx0bmp2ZmNvZlFtcXZtc2d5bm9jYWFjc2hibHdydGJ2Y2p2eXllaXV2cXZ2ZGJreXlrYXNpenNrbHBwamNpbW16cmtrZ3dybmNxcWxudG5tcG1ibXF3endhZXJxZ3hYd3V1bGdxcnVpa3ptdW10cWppbXBvYXN3a3Jvd3ZieHVyYmlnZHJxdnV0eHVva29sdmdocG1yamp3YVBsdXd2YXZ2emtncmtxcWRpZHJrY3BpdXB6cndxTnF2a2Ftc3hmZ2N4YWZ3Z2hvc2xuaXd4Y3BoZXZ0ZXN4aGxucmR6dld5am9mdHBmeXNtcWhpZ0N3bXNlZW9yZ3VTdXl5d29rY3ppYXd3YmhwcG51bnhtaXlud2pjeGZ6Q2RrYXZ0aXl3bHdiaXJpdmdyYmNxZ3phZm9vb2Jic2R6YnFia2l2dHp5c2Nqd2F2eXljcnZzdGZxbA==;KDM3MykgOTU1LTMyMDY=;332638.0
bGxlaHpiaGZycmhlamJwdWppd1p3ZWNkc2tvekxlaWRxaGN5enhnbGJrZXZtZ2J0RHZod3BqY3Z6Y2h6Ynp4dG9pam50ZmFxYmNwc3hqbGlwSXhjYmttcmttanJoRHNjc3ZLdnp3Z2xxbHFmb3NneWROYWljZHR0b2x0c21la3FoeWx4RWpKY0VibmpsWmtwd2psenZtZXpqdXlmbnByaHdqaXBrQXZ2a0tvaGRmcXdxcHJjdHF6anVpcGtxbXNueGVpa3FwZ3Viand6ZGxnZ3NzeG5kdG50c21iZXdneHR1bWJGeGVic3p3bWJ5YWdsY2Z0bXdqemNxbmNlY2J6cWlpbWFnb2VseFh4enR0cXd4d3VjYWVoY2d3ZmZwUXN1cnlXYmJ4eWZ2eHBuaGJveHJkaWZ0Z29wdmp0aFRia2Z6bmVyeHd6dWlzbmlibWZ5endtZ2lxYWZ5YmlkY3h5cHF4eGZzY2ViZGxvdmJ0YmV1cHZ3cmhtYXRiYmRhaXRjY2VtaW5vd2N5eWNJaGVxc2p5anR1dHFzaWFic2p4ZHltand2ZG11ZWRoYW94bnZ3eGp6cmh1dXRlZ2dnbXNjZ3pwY2VscGh2Z2FrcHptQ255c25heGpmaXFjamFxeml6anp1WmZtZ2xtcWt3aXJzc21keGNub2RzeHVnbm1namd2enlnYmlibmxwZkdkbU9xTGxwY2dlemxwZGFyY25lb3ljcm5zanRpdGl0bWVKa3ZQZnB5QW9ldG9obnF6Z2hsb2xmeHZqZm9xam1sbmlhTW91eGxhaXJoaHBiamtyaG94dGV0d2JnY0NhaGZycXN6dXRiQW14Z3FjempyZnJua2t4endyaVNhdnZ2d2pOYWhidHNVUmlhaHdya2xpa3htcnp4cHpnYXprb3VocHVhdGFjc2tmd2RoZnRjbG1oZXV5c0VheGRmbG5xZXdhSW9hYm1jd21tc2d6dmt2Z3NScUNyZHZQZ2N6ZWZ1bnJ4dmhsd3hib2ZhYWNzZnh0eG9iY2lneGlkcXRydGhYa2dlZnVyVHl3Y29OcHpxT1hyeWxncHRlY2lkY3RwcnZhTnZhQ2RvdGlkbnhqbHJheG1pdm54anVlZ3NrYW51ZGdIZm5lZXJyZmNvcmR6dnp0dWRwaG9icWZ2dW9mSGZodGFnemJwZHdpcWJzZXl0cGh6VHlsbHB3cXp1dXVramRyYnZkZ2JldmdieHdqYnZxeGllanhjaHB5YXVpZmRrdmlnanl2aW5sbWFsYWZncmVoZm5ldXVyYWNzdGd0b3NjdG9jZ2xJaWJBYmthZWdtcGFrdWF6Y3J0cXhhQ2tocnB3bGxraGJkaHp6T2VteGN4ZXZid3h6aHVsY29BdHp1anN6eGp6emd1cnh3cm1yemF6cGdzeW5ja2V4cmRraUlpemdtYWFwd2hqZWp6cnRlZ2R2emd6dWtia2tjZFpvYW91dXpmc2xlam9jZm5hYnpxQmVpaGdtZXlqZ3NtY3ZtZHRodGRWc3FxaHBscXRxaHRiaWtScGF2bnlucWthbWJxbXFhYm1ramRzYlVpbGNxZW1vdGtzdHd6d2NWY2R5aGVrdHptcGlianFoeGdxYkpra3dkeWNzenp4bWh2dnJ1TXltZWlmeGhlcmtyY3BheGZqdmdhb3hlYmljb2lla2p3alZibWpNYWVoYXJjY29wbnN3Y3BxcnFscHJwaWRtZnB0WWFjc3lpa3d4d212bHpob0ZsZXd0eGRnaW1oaXB2YXRsTmFKcXdidGtpdXV6a21rbHBmb2lpZm1xaWF3Y3J3cGFFbndvaWlsb3llamJ5YWRkZ2ljdVlmbWxqZHBicWRtYmplakNJem5tc2x1Ym5sbWx4bmpzaXVwamtmYnhva2Jqa1NleWtzY2FqcHdmaHRnbnVvbHlyeHRseGJnZGpmYWdwdXVoYXF3cGlkeE1rbGN5a3RhZHpTbm5hcGtnY3NqbVJ6d3JwSEh2ZXhsYWN6emhyZ1Z6bWN5ZEtucnZvWXh3aGd3bm95cmZydHB5ekh2c2FwVW1pZ2RyaXlxd2F3aWtyb3l3aXJwZHBleGRhYWNqcmZjeHdOcWZnampya2xGaG5lZGdjZnJ6Z1VucGZnc3l2d216a3FrWnF4Y3hpaWNoaXl0bGJwdnVlc0hva2RsZmNBa3hva3dtam1DbmFrZGJjeWtwamd1dWhPc2Nxdmt0aHBhc2Z3aHRnd29jYXR0bmV1amtvc2tLb2d6Y056d2RoZGxRbmF4b2Z3eGVkY0NqenRma0x0Z2ZnY3RiamVwZ1FycHVibXZwdGNwb3FpdnZ1a2x1bXRubWxpbXJkb29jbHNheGNydHhicGtmbnV0c2x1dW9ycmR6Z2Vwb21xa2x6aXJ2ckhqdWFxdGZkeWRod2p5eWZmcXdlbUdsd1Z1amFneXNodXFvZHpLcXlxamx4d2hpdXNpa3FmSXFnbHBiZHlmemNvcWFMbXdldGplYWp6dm9ncWdpY3ViemZvS3N3bWphd3hudW52aWN3aGxqSXBvZXZiand1dGRreXhwaHdoYUZweWt5cHZzZmFodnN2ZWJ0amNkbW5wYW9wWGljaWR6Y2l5dXpzYW1ldXlraWNvanlkcWt5Y296a2Frc3JIYnlpc3NxRnNkanh2eHZwYmJzcG5xcmhuYWVjdmdxcmJrcXhxeXB6RWt3bnJhV2lrc2N6cnJka2VaeHZrcWtrZXNob2V4dWJ2bGhhZW96d2V1Zm52dXVqYXpjbGd5dHpicWdzY3VpYnJyYXN6anllZ2twc2pGYmpoZHJoam1lbHpQd2JnSWtqWnBpcGl2ZnB2ZWtjTGtycGJzd2l4ZVVkanhuZmZEZXh0aWJjbGxybHVsdW9xcXV5a3NuZndtb3lqandhdG1peGVvZmhub2p3cnR4c3RrdXR2dHdyemtodG1sb3VxaWxsZHptYnJ3YmVzRnVSemFneHl5cmtheVBnam9lbXZya2R1TGFpRmtwb2JqcWREZXh3aWpwbGlwcmZyanlpY3JnaWF3dHFidGxhZGd0a3BqZnhlYmdha3NtdGlndWlnYVJrV2V2cmNncmVqdmNlZHFzZHV2Z2VpZ293dG5zd3ZnZmdwbkh6dw==;KDc1NykgODk0LTQ4MDA=;164642.0
dnp0cXhpeG9kcm5ZZ29sY3N4ZGt5emVlcXF4eGNhbG5xTWpidHVjenVycGJxaGdtY3FCc2NzWnlxdWVkcnFmeW5kRHRZaXNqcGR5ZmRwenFzTG5mbWd3ZWV5ZHlwVnRrZ3B0aWJzZHVoZGp3YnZyZG9idmp4YW10ZGpra296Y2F3aHBwaURnYm5yeXNVamZ1Ymd0aWdqbGl5cW9ycHNjZG9wY2Nibnl2ZW9wZ2R1d3Rud2Jlb3h1d2t1ZnRzb3hjY215Sm5veXRlcmd2dWZ2dW5OZGprcHRmdnZseHB6d2dod2pmbWt2eW9kd3NyYnpleHlzYXdrbGlrbGNsbXZkdGFzcnNoZmRqd0xobG1rZ3VzaXptdHN5d2NqZHptcnNpYnphT3dxcmxmaWR2eWVodW5sUXdpaGVMdWVscWlvdWRFeUhiZWNsbWZkemxsTnFtYktkbXllbGdvdGV6eW5tZXBiZnV3enJwc25iYmZsbnBrb21heXRqeFZmdXFlanhDbW1kRHhmdW1tcmFqSXZ2aUF5cXVtVGtscHJ0d3hzZXR0YmRma3BwdXp5cGhicmluYml4cWprcldxY2VqeGhwakx4cHNzYWJvbGx0cGR2ZnZleGdkaGVqY3l0eXFycGpzbXVraXNqdWVYcXd5and5ZmpqemNpTnlqaGZzamtybm15dnR1ZmlyZnpzY2NsdnBmcXZhdnljb3BqdnpxcWtybnNpbW9ybXprWWN6aHJ3emlQY3JzY3d5eHJqeWxxbXlibmRiY3Vrbnppdmdmdmd2enFpZHhlZm90Z2h6enVuZ3pha2Nmd2x4aVBhdmxwdmFxbWxkb3ZzcHd1bW5ud2RyaG5ybm9sY1Z0cW5va3ZoeXBrZkZpcW9hdnF3enhxYnFncWpndGZlYnV1bGdqenJrcHFxYWRzYXdud3Nram9sc3BlY2p1cWpxcHpxZmZoaHR0Y2JndHdtdWt5eWx4cml1bXdpYWR4eWN2bnN6U2djeXludmtuZGphd21haHJjdXNhZ2xmemF5dG1qcHNoYm5tYnNtbHZza2pyenB6dnRxdlNyZGVvbHpuaHZkaXh1d2dua3Jlbm5idXNmZWFwa3RoYWhmaGtkdnJydWdwVG1xeHp6YXFhYWJkbWdkb3F0ZnBqeGV2bGdzbWZreXN1Y2F1dW56cWVtb21ydnp4dWhpZnNtc3p2eG13eHJKZGZpZ2RCa3Vlek51bGtzeGVncnJnaWZra3pyZGNhZVVsbHBqem53aG56VlFndHJ2ZFFhb2tueWRjcmtpZGNxemV3ZnhhYXdia2Vyd0hxZmNmaHdhaEVmbWhxbHhsYmtsa05uZnN2bXNnb2VreXNtemNxc3p2ZnJ4dHp1Z25waHZ5emFqdGh1bmNHbnBlZ3VtenNqY3V5aXdHYWF5a0hmeXNOdGVqZGRhaWhodGhqSW1hdnNNaGVha3JzYmRoamJicGd1emJmZHNmbXdtb2dJc3VwcFZ4YmFxaHByenl0eGVreXlrY3N4aHNhYmFjc3VyZWpldGVqdm10b2dncm1Qbmpkd2Vtb3BqdnB0Z2NIcGJxcmV1YmZuZGhsc3RzcnFpc2xvdXBleHB5bWJpYXNmb2R3cXR1Z3Rwa3V1bW56eWJzZ2FjcW5nYWloYmN2dWVldW1ldHp0Z2hieXluYm9zZnh4YmdxaXdyellMZ1FjcmphbXdvZGJmZWVGbnlzY2pnbWxhaGhvY3lodXRqc2h3d2RrcmZtdm9hdGtzZml5VmtndGp6b21lZ3JxeHV4cHB1VWh6enp2Y3FkYXlqY3F1aHVidHJwenJpZmV1cW54ZGdpbG53bmp2ZXJ3c2locHp1YWlvYnRvcElhZHlhYXZibGZmb21qY29lYWFvcGR4TmN3ZHJ3dXFjeXZwa2pkaW5oZndsbHh0aWxxeWtxZ2pidWJzQ2VweWp0cWt0dGZxY3NmYnVsZ2JxZW5ub2ZwZ3ZFcnRzdVRham9lbnRyZXp0dnp5YnVuaHJ5ZXB1bnV0emx1V3Bvb3B2ZnVmdWdzeHlkbnRhZXFqZ3lVcGtjbWxvamx5b2xveGtwaXdlcmR1cmFucmduYlF2cXhZZnV0ZmprY3JjZHBrZnRjaWx5YWVidnhjY3NqYWlxUnVudHBla2FxYXprZHN6aXRva3d2bmhzamV3ZGFpdW93bnFnaG5tV2l2Z3d6andvZndhYnVnbWF0cHloemZ0dFlqc3JibXFwd2NCZ3Foa2Nhbmp6ZGNvYXBvbGdianZnamt5cmtxcGRPYmlrcGdhYWpua2lidnZzanJmaXFob3pzbGJpcW1xeWZqS3Nxc3d0cnNjam5mdWpjdW9iZ3FpeWh5cktnYmJnbml3dW9ncXJncnBtcHd6cmtiaW5vTXJscXFnYnJtcnhnY2N6d2d2ZnJrY2V5SmZteW9zYU5kcXR1Z3RjZGFydGZubUhvZ3d0Q2Vvc2xzZXp2cXR4bml1YXNibHhTc01yYml6Z3N1dmNtam5raGJkbGlnZnR1dXN4dWxBc2p3a2JuaG9sdmpkdWxtand3Z2RtdWl0dnJ3ZnlteEZtZG1waGRtaW1icXZ1Z3hncm50b2F3a2NrbGZjZWxWcXppdGV1dXpxbXVyZGdnbndvZmdoZW5mZXRkcG1pdmh1bGNueXBqS2F2UmlnakxRaG9KdGhrZ2ZlaERmaERpbm5mb216ZWlwdGF1dGl1bnBldXBjeGx4eHpoYnF0cXBsY2xvelBsbmJwZHNpaW1vdnB0YXNoenlvZ2hmZXVzc2p4VmtZZXhyYmd4bWVsaHpybmxkYXV4cmNwcG5meWNveGl6Z2FvdGFmZmlqb2tzcmhnbmpldXhpa2tkeWl4a1B4bWFrc2tqb2Fsc2licHh4dHlzeHBjbG9xaXVUbG1tbERrZ3pzbk1ubG1hdG10YmZzbHhqc3ZnZm10;KDE3MSkgNDk4LTM3MjA=;961655.0
YnhueHNqaWRzZmN2cGJsYWl5bWNkb2lucnh3bnRteGt1Z2Jsc2xkUG9hbmJrdnVmc2N3eHZpZHl0cmNueXZ4empoampWa3dhbWxrY3B5dnp6d1d1emtucnZhZXhsa3RDcHNycmFiZXpsb3BicnRncXJxY3RoZWJvbE9lb2d2cmpheHp4cXFLamx0dXFjYXpja3F3eXBjemlxaWthanFjZXh0Y2RtdGRpenVyc2pseElod3N6bG9idnZieGd0eXhtZWp0eXBnZ3NwcHplcHFoZmtzY294YnR0dXdzc2dob2lkaHhsaXVzYXJ1ZmFoZmlweHdrc2VhYWlmb2x5bWJvc3RoaGNjZnF3aUp4bm5hWFd5a3Nsd2d2a25hS3pMZGFxa3h5anpmamxsaHh0UmNieWh4emZxc2NxZndrZ3JraXRkYW11Z3hnb1dyb09zaWRxZHV2dGlubWVrZHJwZ2l2a2t0bHVkbmd2bWVlaW1zZmRhdXR6ZWZjY2V6c3Z3eWlsZnpoenZ0aXNqdmh6bGNqZ0l2dnJwdXZtcmJpZXBidXJhd2ZiZGthYmxibHJCa2JzdHpma2xqb3JjbWNEaWJkekZkaXFpdHpybm5oZ3p3cnV1bGducnJtaGx5cnVrZnRsYWFiYndxYWtrYmpsdXBtaXdhdWR6YmZuck93ZWlkcXZKdGNrdm1lcVVnb253ZHh5enJzcGF3dGpBYWx0a3lwaWF4a294a3lhZ3NzcmNSa3ppdHJ3eGJlcmlwbWt1dHlrd3RsbXF2c3ZxcUh3cXBwYW1obG9rdmN0enBid3VtYXFBdGx1aWhiemtrY210bGJjeXh2bGt2YnNjcW10cUNvZ3pqaHV5aXdxanR1Z29nZmxscnRsa29ac2NWdmltaHpsaHhlaWNsemZnc3liZW12Z21xbGpmd3ptc2Jla3V2a254dGR6aHJvYWtwbmtldWpmb3J4aG9hcnlvcXF0WXNremViSGxveHR1YnpyeGVucm9ycnpweGFnbGxEcWt4cWlxbWJscWhyZmxhenl3b3prZXFLZ2pneHE=;KDgzNykgMzQ2LTUwNjA=;287343.0
c25tb2NzaXB6ZXR0dm1teHJzbmp2b25qbHFmb2hidmtwb3JianZrdGdvbGJjdmJxZnd3aWZuaE9uZmx4dXR2d3lEa0hscmp0aU5vQ3VweWFwdG91c2h5eEFxcHFmZW14cWRnaVNTeWlsY29ja2dGcnhpaWpTdXhuaGluZGRvQ3RieE1yenpxZmdsZWpycGRicHl2YnhvYmVwa3J4Ym5icXFyeGFwdWpvemlHVG9idGJpVWtnY2lsZGVlcnhsYnh3dW9RZmpuYmxmd25reWt1ZmdjZmZ6cXhkb3F4cmZ1d2ljcGd4Y3FvdXpta3dabnR2amxmemNyanhveXZlanFneW91eERyeXRneXZtZ3FleXh0cW9kanBoZ2l5YWRvd3hta2JueXJ3d21keGFsemllZXJ5YWpyZGN4amNqYm9jdVZqZnNQZHlla3VjcVNjb3Z0bHpzem1kamdjb3VjbmZzdHNoYXNrbGZuemhldmR6bmVlYWNxbm90YXJtY3hrcXlqZmxnZG9tZGhud25hY3JvcnRkanJwcnNtYmpldHp2d3hmdmR1YmNxY2JiZWtndGdjYXd1YWdpamhuU2x0eXl5d2F4bHNrdmJudnhpdnh5a2dsdmNzbGZjcXlmcWdsZWJ4cmRjc2dzd1ppZ2ZneGxjbGNpeGVsbnVneGlaY3dXYml1Y29qbGxuZGd3ZGVwZXV0cHZkZXF0dWNmcWRlZmRjcXp1emVydG1ybmFsZ2NpanpzampwamRvRnJzaGRydmxCZHVienlEaWhwTHV2cW5lcWFmb2xwdGR0aHJxTHh5ZmhvcGhvcnNuandveGViZHRtYXl2ZXd6ZHJ3YnFud212YXRpdHFhY3J6Ym5oZmJ1b3hqbEJiYnl3a29jUGxqaGpqbHRtYW1jeW9zcHNxZGZta3ZqcGdlcnF3YWZtaHRsa2ZncHpzdmxSaG5oZW9vdHF2akRyeGFvdGxwc2l3Zm9nbWphY3d4Zm9jZWFidG1sYnZhZXB4dWZmd2tiem5ud3FhdWduaHNkeWhtZ3ZtaWFtaGZjdHBra2NzTWF1cnZnZHlpY2RzZ2FlZ29NeXRzY25kY3pyZnZ3bG91dnhoamVtenR4ZHFpbnhlbWJycWR5aW1zcWJ4Y2FmenN6dmpieXlvaXBRcWl6bWFwcXhwZ3Nwd29hd3VjZWhxdHRydWtpbGt0bGVtbHF2a0tncm9sYWxhdmptenFxaGpmZnRSdHZydG5ydnFqeHZuYW1id1N4amxjbWl4bm55VlJqb3J1ZmxpYnZ3ZnR5eWZpZU1wa3BzZnlza2RicWtkbW9vanBndnB3eG1jZHp0emVrYW92eHd3ZHVycnFuTnJpdHNidHNweWtsZ3p3ZmlocXlhaHp2dGJwbXdmeXV4UGt2a3dnWWdsZ2N5aWRtc21vY3N1ZVZPb3pkdWFweXJ0Y3Fxc2FqaHpnTnRqZHNtcWJDc2JvaHJhT25kbXlkbHZwcXZ6eWpudmJtZGJiQW11eGFaaGthcWVzZ3V3b2pBaHV3cHZ2cmVzeGZzYm1qYWZtdWJsaXRra2N6Y2RwZG5lZmRrZ2hscnlvdXJ4a3BxYnJsaGZtbWJjdWlvdnhIWm9hcGxqaE5kdG15anprenRyamNha1ZJZnFsaHduZ3RvZmdpZGlieG5ibmpvcmtkaHptdHhqWnBhanlwaWl2YXh0dWF4c3FlZHllUWp0eHdnb2RxdXdsdmt1cmhtYnV6Ykxoc3dmeXh6bHpyeXVkbnZwY3poY2lXa3hjdG9sdGZTemFsem1nb3lzeWlybk9hdXNlem1lcG1keXhrZGh1RWdNd2dmbmRjZmx0YWRhZ3VvYmloaGNheGVncGxmaGttbXFteGVub3B6ZGhmZ3J6dWJpaHBveW5tdWJsbmNyZEh0em5mdHBjb3V5YWZ1eXd2bWtpc2dteWZ4cGhjdndydGZsVG5menNucm1pb2lvaWl0YlR0Z2N0ckpld2V4dm1veGVTaXZ3ZGJlb2h3Yk5mVGd3;KDk1OSkgNjkyLTEzNTY=;<!NULL!>
Ym5maGxsZ0tzb29xY3hwZW1nc3JsaXdyZnZqZnlnYXZLcGdqenhoa3N3bWlvZHd5Y3pjYW1jYndybmNzZXJ4dHdrendsenl3b3hzemdmc2F0bGZzcm1pdmJid2VpcXdnYnV4ZG10VmJjZ2FydmxscmNlanJ0ZXNuZ3h4a3pjV1pyamR4eHBpdm93YnJkbXpqeGlqZnJsYWZkYXhmY3VrZWttZWZmcmpqd2lsdmpxdWh5Z21wdmFvbWZlZWl1eGhhZ256bGJrdXZ3R3N0bW1zZ2hvcGhud2phZ3p0bmtpb2JjbXNsYWF6aWVkYnBvd05hYW9zY09jYllqcGlva3VxdGVxYnNhaXJqbmFocUZ5b252amRleGR6anJpb3RwZ3J3enBjdW1yeXdqY3NyYWptZ2tkZWtUc3BvenF3Ym54cmd3anFxeXlpaGZ1cnl4bG5kZnFTSHRpemlicXdud2RwcHdrcHRkeW5iaWJpZGN5c2tzcWl5c3J3bk55b3p6Z2N2andpbXZtenJ4YmdweHRpdXZubmlkZmd2dnJ2eXB1cGt5UGp2aGxjZ3lyc295aXJxZ2d3Ymhld2RnendscnRobG5rYnpmbWZvY2dva2J5emJqeW9zd3RycGhqaG54d1JwenNpcW5mYWRtZXJ0ZW5GeWhvd3J1c2VpZXBndnZkbm5maWZ0eG9obWttcWNLY2h5dGhvbGp4bXNlZHB2b0lacW54YXZibnpua3RoRm1hbGx6a2hkc2t3d2dnZW9ha29idWNyaGxkZndieHliamVvbHdncHJ6eGJ5Y2d1c3hib2Voend4cW5rQ2loc2FzdXlkc2Z1bWJxcHRSbWhqUHRsdHJ5eGZoc2tjdmtoYmF3a2VwTGdlRmx6aW9zY0h2bXhxZ1NxcHBzSmFoeGRxb2FiYmF3cmRkZ3hsaXZwdHR3YXB5emdlaHFkY2Fpbno=;KDQwMSkgMzA3LTk1MTA=;548139.0
eXpveG5jeWdsanh6amN3c3hwZmtta2l5Yndqc2Jtbm5rbE9idmFqb3lnYml6bm13aXhianhsbXdvbHFta3BtbWp1Y3diZ2VnZWpreXpOaHJ5ZWhleFdzeGxoZm5kaG5pbWZ4a3BheWdvZGluZGRicnBkdGZvY2VtaGd3Z2dhbXpzaHVtbmRleW95bnRqbGJ3bk9za3ppZmd6dHFkcGNrdEtzdnh2enJ2aGhrcWNOdWNzam5lbWpqZXp2bmF0Y2x5RW1yZXd0bVJ4Z212dG5xZ3R2YWx6ckVraVZib3V6Y3doaGFyc3V1d3hnb2ZrenFraHltcWF6enZoeHVjeWtscHF2Z3B4bHloamh1Z2tuaHRycHBoa3N0dXdrc3d5c25lY29jQ2hsY3V4cGNncHR1dERidGdzemZtcGZsenp0dHNxbXllc2F5Z3Zzb2xpeHJ4aExvbGxtaHJzc1V4b2J4Y3J0YWdvanFhc1B3bXdxZm93emZpcGVib2ZxeHpubmd6eHRreHZvYnZid3ZmZ2VnaXZ3cXhoYXNnaHRteWdzcVBlcG1jYWtmdnR0ekJlcnBmd2VrZ3RocXZycGl6YW11YWhlYnB5ZHppYnZ2dWhkZmh4YWJmbXBqdnRhd2NtbUd6YWRkd3dzeHpaZXBoeHN0eUlwd2Z6UWRlc2pua2lpbnp6cHdzYXR3bnNjcXFrZmFtY2hwcHhqa2J6aWhkam1vcWJwbWtld3VtUW9qcmNEaXFkcHZxZHJseHFBanFvanlmY25Pa3p5bWRod2psZnFxeWR2cXBpZ3pUYWF0amtsYmt1dHN0Z0dGUGd2bGlxdW55bWFwd3R4aldscHJ5bnJuaWdhbmNucEZkbGd6dVRranRyY2ZmbGx0am9manlla3pvem9uaWdxdmV6eGpkcHljcXV4cXNza2hkZlV4aW5mZkRoZ2l2cWt4ZHR3amRrdGllZ3RtZG1mbHB6dHp3aW9qbmptaWpua2tneHBjdkVpY2ZkaHNkYWFjbGZvZmN2YmJrcHh5cGpuY2xxenp3cWRrdkhtc0V1dmdrR2J4empYeHFub291anN2Ym91dHZHZ0xvd3BhcWJzbnR6dW1wZXlhenBxa3R0Z2t4bWRidnNha3Rpa3ZiaWhteHRWcG90Y2pnY2lqeW93YndxbGFhenlwdXBtamhudWpma3hNbXp5YWdacG16bXF5cGV2VmtqYmtjd3pidXRuZGJkcHBlY2h1Y2x5YWNwc3FjZG9kdWprbXNxaHJjd0hnemp0cGhhRnNvcW95Y3hPYXh5d2tkanlveWtSYm10eW52anFlYmpqc2l2ZmdzcG1xaHV0cnBlY3ljdWlnZWVlY2xwZmpuZGJ5Zmlyc2tQZ2dpYm1CdGFya2Z4d2t1aU1Ca2xoZXlqeXlueWxWeXVrenBidWRoZm5zc1pid2VibHNkc2hvU2pmYWhzdWp5b3ljbWp3aGFpZm9qQW1hZ2Vwdm1vYXR2bHVoaHlqamh4enlsZGZ0cWtxb2J5enp4VGh6bHdqZXRDeHR1bWhxZ2NvaWhzeGZkSHd3bXJveW5pem13YmFnZWdldWp3a2pkZ2xxcHB5d3VyanF4ZXNqcG5xaHVxdWFlc2VuYW5mcWtia3dzc29jaGhjb2hlamlxamJ6eXplbnBzaHNlbU12bWRlbGN1a3JjbHllZ3R6amxqelBibnBrYmJmdnpJdmF5cWdiaXl0c2draHRhenB2Yndwamx6cHZlaHVteG1tdURxYmpsdGl5bG9iYmx5c2Rleml5aWZrZW1neWZqanRmenZoenRzaHp2a3Fhc3B5anJydmxNbm5rYnBwYXZSbmRybWFndGR6bGZjZnJnaXRmd3F4cXB1YWFmZWJkeWFlZGZncWxwaXFranRkZGRkZWl2bmJibXZzbG5iaXh1dXdmdHhtZ2NZb2FibFVicmtoaGJyYWx5ZGhrc3ZtbHV1bGJjc2FoZ2NmZWxXb1Vzb3pDeXBzWXlmaHNyaXR3aXZnd2V3ZHpnb2dhbXl5d2t1Zm5YemRtcnFoeHF1Z2hOYmt2c3lya2t5bnZmZGxseGl0Y2NtZ2FkbmhrY3Z5amduZm16bXZ2c2R2aHVqUnpoZnlUZXVvYXRycUN1cWdnbWVvcHhkdmJleGlqbmZqY2Nkam1iUGJmbGtoZHppbEtjZWRjZndoc2xRemttdWt6aW1jbXBkc29temx5eWRncGVlZ3BwdHRtbWplcmdscWdyZWFvb2RwcmhxcXVhamh4dm14b3B6Yml2eGxUZnBqZ2hqaXhpanVieHdkYXNsZ3JxaWF3c2VIcWFmcEZ3bXVnaHZxcWh4enJ2aWJwWG1haWxuZmNlb3BjcXJ0aXRnemlhcG5kRWxzTWNyemZ2a29heXhqdmVxbHV3c3locmlhZXJ6bFlsb3V2aXVvdUNieW9icndwa3NkcGxja2ZxQm5icVJ6eXVtemxjcGFVZk9sbnJla3lnaHd0dXZxb3NlbGFrempwb2NlekRKQ2VxYWtsYUhhb2dwYXVucW5nZWRua2trZmJjaHpkcXFqaVR1aE5xZWlqd2FoZ3d1dVV1dGdadGpicmZuQnd4d3h1eXlkcW9yZHBwemlhZGl0eWprcWNhcG5pcm5tdGlvSWlncUlsZmNnYXZyaWxxb2duc252Z2lPaG9tR1JuZVl5amhkd21qeXltcHFJZ3Z2eWR4amR0dWx4dGtwcHZ5aGFvYnR5bXNubnpwZmN2dGhrbmdkaHZndWVxcmhnbXN0Y25mZXRnenBrYXljZ2NqeHVuZmpueG9aYlF2b2p2ZndlZW5kbGxSZHdjemtrbHBmRHNhZ3l0dXhoeGZ2Z2J0S3JhbkJnZG5wcHhwbmR4anJ0b21lcnV6Z2VlbmRjZEV1eHZzc2t2Vk93dWhiYXJ2d2JiZ29pZ2hscWRwbXRnZmFpd3FiZXR1bnN1amJtc2pxem55eGpxeWlua3d6ZnJ2eG15dWlpbGRybWlnY3JmeHViY3NweGpyeGFlcm12bWF5bW5hbWdtdHRvZ2Fmb2FrZnJ6d2J0bmRHZ2Zmd3FvbW9mZHBodWdrYnJ1;KDU3MSkgNzkxLTMyODU=;685880.0
