id;part_category_id;name;cost;photos
LTU0LjE1MTM5MyAtNzguOTIwOTE0;RGVsaWJlcmF0bw==;QnJvbWxleSwgQ0lhY2hhbiBXYXksIDM4MA==;234.2;<!NULL!>
LTExLjI4NjQ0NiAtNzkuMTU2ODc2;RWtsb3Y=;Q2hpY2xheW8sIFRha3UgRHJpdmUsIDQ1;309.23;<!NULL!>
NjguOTU4NTI5IDUyLjAwMDU3Ng==;RmVub2Zm;SGFtYnVyZywgRWFzdCBMb29wIFJvYWQsIDA1OQ==;2576.34;<!NULL!>
LTIzLjQyNjM5MyAyNy45ODI2NTQ=;RmVub2Zm;U3RpcmxpbmcsIEZhciBWaWV3IFBsYWNlLCA5Ng==;4841.53;<!NULL!>
ODEuMTk5NTI1IDM3LjQxNzUxOQ==;TWllc3NsZXI=;QmFuZGFyIEFiYmFzcywgSG9yaXpvbiBTdHJlZXQsIDQ=;4856.26;<!NULL!>
MzEuMjM1MTA4IDQ3LjA0NjIzMQ==;RGVsaWJlcmF0bw==;U2VhdHRsZSwgSnVuaXBlciBQSWFjZSwgNDc=;2046.7;<!NULL!>
NDYuNzM2MDQ5IDczLjYyMTA4Mg==;RWtsb3Y=;RGFsaWFuLCBIYXd0aG9ybiBEcml2ZSwgMzIx;474.51;<!NULL!>
LTgxLjQ3OTgyMyAtNjAuMTQ2NDY2;QmxhbnF1YXJ0;UGh1a2V0LCBFZG5hIFN0cmVldCwgMDE=;6123.61;<!NULL!>
MTYuMTY3MjQyIDg4LjExOTYwNA==;RmVub2Zm;TG9zdCBDb2FzdCwgRWFzdCBQcmluY2UgT2YgUGVhY2UgRHJpdmUsIDcw;7598.5;<!NULL!>
NzQuNjIyODA5IC04NC42ODE0ODE=;SG9ja2xleQ==;UGllZHJhcyBCbGFuY2FzLCBXYWxudXQgQ2lyY2xlLCAxMA==;2157.8;<!NULL!>
LTYxLjMzNDM5NyAtNDguNDI1NDk1;RmVub2Zm;V2FzaGlucXRvbiwgSGlnaCBSb2FkLCAwNDM=;3914.65;<!NULL!>
LTEyLjI0ODkxNyAtODEuNjY5MTU4;RWtsb3Y=;Q2hhcnRyZXMsIEJ1ZW5hIFZpc3RhIERyaXZlLCA2Mw==;1013.02;<!NULL!>
NDEuMTgxNjI4IDU2LjU4NjkwNQ==;SG9ja2xleQ==;SGFtYXIsIFdlc3RyYXkgUm9hZCwgNDY1;99.66;<!NULL!>
LTQ3LjQzNDgwNCA3Mi4xNDkwNTQ=;SGFuYWdhbWk=;T2Rlc3NhLCBHaWxsYnVybiBTdHJlZXQsIDA=;1932.25;<!NULL!>
LTUzLjA1MzMyOCAtNzguODkyNDQy;TWllc3NsZXI=;SG9sbHl3b29kLCBDb2JibGVzdG9uZSBIaWxsIFJvYWQsIDk0;1131.76;<!NULL!>
LTUyLjgxMzY2OCAtMTMuNDE2OTg1;RGVsaWJlcmF0bw==;VHJpcG9saSwgV29vZGxhbmQgQXZlbnVlLCA2NTk=;5645.2;<!NULL!>
LTY5LjUyODgzOSA4Ni41MzA3NTM=;TWllc3NsZXI=;Q29yYnksIFdoaXR0aWVyIEFjY2VzcyBSb2FkLCAyODU=;319.05;<!NULL!>
LTc1LjAyMzQyMiAzNS43NDc3MTY=;SG9ja2xleQ==;SXpoZXZzaywgUGVubGFuZCBQYXJrd2F5LCA1Nzg=;1808.19;<!NULL!>
LTQ4LjgzMTcyMCA1Ni4wODk5MDI=;RGVsaWJlcmF0bw==;UGFnbyBQYWdvLCBKb2huIEJvd21hbiBHYXJkZW5zLCA1;6367.83;<!NULL!>
NC42NTAwODUgLTYyLjQ3MjEzOA==;RWtsb3Y=;QW5haGVpbSwgSm9obiBBbGRlbiBEcml2ZSwgNTA=;2669.01;<!NULL!>
LTM4LjUzMDU3MSAtMTguODM1MTQz;RWtsb3Y=;UmFhbmFuYSwgRWFzdGdhdGUgUGxhY2UsIDEx;3996.87;<!NULL!>
LTQxLjAxNzY0MSAxMi40NjQzMzg=;TWllc3NsZXI=;V2lsbWluZ3RvbiwgRHVuZWxsYW4gQXZlbnVlLCA4NTk=;5829.64;<!NULL!>
NzAuMzA4NTU4IC0zNC4wNTk1MDA=;S2Fzemluc2tp;QXRsYW50YSwgTWluayBBdmVudWUsIDM0;3155.7;<!NULL!>
MzQuNjE3NzQ4IDQuMTM4MTE3;TWllc3NsZXI=;QXJyYXMsIEFya2Fuc2FzIERyaXZlLCA5MzY=;3672.56;<!NULL!>
LTUwLjIxOTY1NCAtNS43OTc3NDc=;RmVub2Zm;TWVsYm91cm5lLCBBbHB3ZWcsIDEyNA==;7513.54;<!NULL!>
ODEuNDAzMjM4IDgzLjMyNDAwNA==;QmFkZXJ0c2NoZXI=;TmFuamluZywgVHdpbGlnaHQgTGFuZSwgODE=;5627.39;<!NULL!>
LTUxLjc2ODI0MSA1LjI3ODY2Mg==;S2Fzemluc2tp;QmlnIENyZWVrLCBBbm5pZXNkYWxlIEF2ZW51ZSwgNg==;6641.91;<!NULL!>
NTEuOTA4MzI0IDQ3LjMyNDY2NQ==;RWtsb3Y=;QmVpcnV0LCBGYXNraW5lIENyZXNjZW50LCAwMQ==;2165.79;<!NULL!>
LTEyLjg3OTEzNCAtNzQuMjgxODUw;SGFuYWdhbWk=;QmFocmFpbiwgSG9tZXN0ZWFkIENvdXJ0LCA5OA==;4912.89;<!NULL!>
LTc0LjM1NTcyMyAtNzkuMTI4MDU4;TWllc3NsZXI=;TGVpZ2gsIFZpcmRhIExlZSBDaXJjbGUsIDQ=;3683.26;<!NULL!>
LTEuNDA2NTM0IC0zNi4wODU2ODI=;S2Fzemluc2tp;R3Vlcm5zZXksIFdpbmR5IENpcmNsZSwgNjU2;4170.07;<!NULL!>
LTc3Ljk1NDIxNyA3Ni43NjAxMjE=;SG9ja2xleQ==;V2lnYW4sIEFscGluZSBEcml2ZSwgMDA=;3108.7;<!NULL!>
NTkuODE5NjcwIC00OS4wMDEwNjc=;TWllc3NsZXI=;RGVkb3ZzaywgS2xhbWF0aCBEcml2ZSwgOA==;6803.89;<!NULL!>
MjQuMjYwMzMwIDQ4LjIyMjY2MQ==;SG9ja2xleQ==;TG93ZXN0b2Z0LCBFYXN0IDQ1dGggQXZlbnVlLCA5ODE=;3668.18;<!NULL!>
NjkuMDE0ODQwIC0yNC42MDc1MDE=;QmxhbnF1YXJ0;U2ltZmVyb3BvbCwgQW1lcyBBdmVudWUsIDA=;6819.33;<!NULL!>
LTcuMTYxNDMzIDM1LjU4MTc0MQ==;S2Fzemluc2tp;Vmllbm5hLCBDbGVtZW50cyBEcml2ZSwgNjE1;544.92;<!NULL!>
LTU1LjE3NTY3MiA0OC43NDM0MzQ=;SGFuYWdhbWk=;Q2hlcHN0b3csIFdhbGtlcmJ1cm4gRHJpdmUsIDczNw==;2715.9;<!NULL!>
MjEuNjM1MzUyIC02Ny4zMDU0NTc=;TWllc3NsZXI=;VGFsbGFoYXNzZWUsIENyb21kYWxlIFdheSwgOA==;5496.53;<!NULL!>
MjUuNDUzMjAyIC0xMy4wMTI1NzQ=;SG9ja2xleQ==;TGl2aW5nc3RvbmUsIEVrbHV0bmEgUGFyayBEcml2ZSwgNDE=;1592.29;<!NULL!>
LTc4Ljc0ODI1OSA2Ni44NzY3Nzg=;RWtsb3Y=;U2lvdXggRmFsbHMsIEJlbGxhcyBQSWFjZSwgMw==;7513.61;<!NULL!>
LTcwLjI5MTYzOSAtMzguNTEwMzQx;RGVsaWJlcmF0bw==;QXNtYXJhLCBDb2R5IENvdXJ0LCAzNDg=;1789.03;<!NULL!>
LTg2LjQzNDc0OCA3Ni44ODUwMjg=;QXViZWw=;UmlvIGRlIEphbmVpcm8sIEx1bmFyIFBhdGgsIDc2;4656.15;<!NULL!>
LTUuMzExMjQzIC03OC43MjYwNTc=;SGFuYWdhbWk=;QWxlc3VuZCwgQXVjaGVuZ2VpY2ggR2FyZGVucywgNTY=;6053.3;<!NULL!>
LTgyLjc0NzcxMSAtNDQuMDIwOTU3;TWllc3NsZXI=;TGlueiwgQ2FueW9uIFZpZXcgRHJpdmUsIDkzNQ==;4390.63;<!NULL!>
MTYuMTA5ODM3IC02OC4zNjUxNzk=;QXViZWw=;QW55YW5nLCBBcmd5bGUgQ3Jlc2NlbnQsIDUy;5963.56;<!NULL!>
LTY5LjkzNTc0NSAyMi4zMDU5OTY=;TWllc3NsZXI=;U3dhbnNlYSwgSG9sbSBHYXJkZW5zLCA5NA==;1678.52;<!NULL!>
NzQuNzM3Mzk3IDY4LjcyNzg5OA==;RGVsaWJlcmF0bw==;UGFjaWZpYyBHcm92ZSwgQklhaXJsaW5uIFZpZXcsIDkwOQ==;1840.82;<!NULL!>
LTY0LjI4MDYzOCAtMS4wNjMwNzI=;QmxhbnF1YXJ0;QmVsbGV2dWUsIENyYWlnbnVyZSBDcmVzY2VudCwgMw==;1088.45;<!NULL!>
MTIuMjYwNDcyIC03OC42MDU5MzY=;TWllc3NsZXI=;THZpdiwgQ3JlZG9uIERyaXZlLCA2MDc=;3214.28;<!NULL!>
MjUuNzIzNDg0IC04My42MjM2MDU=;S2Fzemluc2tp;Q29yYnksIFdvb2QgVmlldywgNA==;5103.97;<!NULL!>
